tex_line,token,normalised,context,candidate_hit_count_capped,candidate_hits
1,11,11,report,19,data/DATASET_DONE.json:11; data/DATASET_DONE.json:17; data/DATASET_DONE.json:81; data/DATASET_DONE.json:89; data/DATASET_DONE.json:92; data/DATASET_DONE.json:113; data/DATASET_DONE.json:131; data/DATASET_DONE.json:281; data/DATASET_DONE.json:289; data/DATASET_DONE.json:531; data/DATASET_DONE.json:563; data/DATASET_DONE.json:627; data/DATASET_DONE.json:715; data/DATASET_DONE.json:777; data/DATASET_DONE.json:873; data/DATASET_DONE.json:899; data/DATASET_DONE.json:953; data/DATASET_DONE.json:1051; data/DATASET_DONE.json:1409
38,3,3,"top=3cm,",18,CITATION.cff:14; README.md:5; README.md:8; README.md:55; README.md:78; README.md:94; README.md:184; data/DATASET_DONE.json:9; data/DATASET_DONE.json:25; data/DATASET_DONE.json:27; data/DATASET_DONE.json:28; data/DATASET_DONE.json:33; data/DATASET_DONE.json:35; data/DATASET_DONE.json:59; data/DATASET_DONE.json:65; data/DATASET_DONE.json:73; data/DATASET_DONE.json:75; data/DATASET_DONE.json:81
39,2,2,"bottom=2cm,",16,README.md:4; README.md:93; data/DATASET_DONE.json:9; data/DATASET_DONE.json:11; data/DATASET_DONE.json:19; data/DATASET_DONE.json:20; data/DATASET_DONE.json:25; data/DATASET_DONE.json:35; data/DATASET_DONE.json:41; data/DATASET_DONE.json:49; data/DATASET_DONE.json:57; data/DATASET_DONE.json:59; data/DATASET_DONE.json:65; data/DATASET_DONE.json:83; data/DATASET_DONE.json:107; data/DATASET_DONE.json:113
40,3,3,"left=3cm,",18,CITATION.cff:14; README.md:5; README.md:8; README.md:55; README.md:78; README.md:94; README.md:184; data/DATASET_DONE.json:9; data/DATASET_DONE.json:25; data/DATASET_DONE.json:27; data/DATASET_DONE.json:28; data/DATASET_DONE.json:33; data/DATASET_DONE.json:35; data/DATASET_DONE.json:59; data/DATASET_DONE.json:65; data/DATASET_DONE.json:73; data/DATASET_DONE.json:75; data/DATASET_DONE.json:81
41,3,3,"right=3cm,",18,CITATION.cff:14; README.md:5; README.md:8; README.md:55; README.md:78; README.md:94; README.md:184; data/DATASET_DONE.json:9; data/DATASET_DONE.json:25; data/DATASET_DONE.json:27; data/DATASET_DONE.json:28; data/DATASET_DONE.json:33; data/DATASET_DONE.json:35; data/DATASET_DONE.json:59; data/DATASET_DONE.json:65; data/DATASET_DONE.json:73; data/DATASET_DONE.json:75; data/DATASET_DONE.json:81
42,1.75,1.75,marginparwidth=1.75cm,2,demo/public/bundle/ridge_browser.json:1; results/supplemental_rbsr_lamm_dominance_search_v1/release_evidence/validation/RBSR_LAMM_REFERENCE_CALIBRATION_FREEZE.json:248
46,1.06,1.06,1.06,1,demo/public/bundle/ridge_browser.json:1
47,0.35,0.35,0.35em,3,demo/public/bundle/certified_presets.json:1; demo/public/bundle/golden_cases.json:358; tests/test_safe_fusion.py:84
93,0.5,0.5,0.5em,15,demo/README.md:14; demo/public/bundle/certified_presets.json:1; demo/public/bundle/manifest.json:43; demo/public/bundle/manifest.json:339; demo/public/bundle/ridge_browser.json:1; demo/src/components/Studio3D.jsx:25; demo/src/engine/certifiedLocal.js:417; demo/src/engine/geometry.js:118; demo/verify.mjs:225; demo/verify.mjs:439; docs/FINAL_EXPERIMENT_MAP.md:27; experiments/lamm/run_lamm_facescape.py:431; reproducibility/source_snapshots/final_holdout_v1/source/experiments/lamm/run_lamm_facescape.py:431; reproducibility/source_snapshots/final_holdout_v1/source/rhinoform/baselines.py:94; reproducibility/source_snapshots/final_holdout_v1/source/rhinoform/baselines.py:95
97,0,0,0pt,17,.github/workflows/ci.yml:19; .github/workflows/ci.yml:60; CITATION.cff:1; CITATION.cff:10; data/DATASET_DONE.json:11; data/DATASET_DONE.json:19; data/DATASET_DONE.json:25; data/DATASET_DONE.json:27; data/DATASET_DONE.json:41; data/DATASET_DONE.json:49; data/DATASET_DONE.json:51; data/DATASET_DONE.json:59; data/DATASET_DONE.json:65; data/DATASET_DONE.json:83; data/DATASET_DONE.json:91; data/DATASET_DONE.json:97; data/DATASET_DONE.json:105
98,-20,-20,-20pt,2,results/rbsr_final_rerun_holdout_v1/posthoc_subunit_analysis_v1/paired_all_methods_vs_ridge.csv:154; results/rbsr_final_rerun_holdout_v1/posthoc_subunit_analysis_v1/paired_all_methods_vs_ridge.csv:155
99,20,20,20pt,20,data/DATASET_DONE.json:97; data/DATASET_DONE.json:99; data/DATASET_DONE.json:131; data/DATASET_DONE.json:164; data/DATASET_DONE.json:473; data/DATASET_DONE.json:561; data/DATASET_DONE.json:569; data/DATASET_DONE.json:635; data/DATASET_DONE.json:867; data/DATASET_DONE.json:881; data/DATASET_DONE.json:945; data/DATASET_DONE.json:1227; data/DATASET_DONE.json:1235; data/DATASET_DONE.json:1289; data/DATASET_DONE.json:1531; data/DATASET_DONE.json:1657; data/DATASET_DONE.json:1785; data/DATASET_DONE.json:1817; data/DATASET_DONE.json:1849; data/DATASET_DONE.json:1865
100,1.4,1.4,"nosep,leftmargin=1.4em",1,demo/public/bundle/ridge_browser.json:1
112,1,1,rfinkHTML1F2937,18,README.md:66; README.md:67; README.md:92; README.md:118; README.md:121; README.md:143; README.md:167; README.md:168; configs/reproduction.example.toml:11; data/DATASET_DONE.json:9; data/DATASET_DONE.json:11; data/DATASET_DONE.json:12; data/DATASET_DONE.json:19; data/DATASET_DONE.json:25; data/DATASET_DONE.json:27; data/DATASET_DONE.json:35; data/DATASET_DONE.json:49; data/DATASET_DONE.json:51
112,937,937,rfinkHTML1F2937,20,data/DATASET_DONE.json:2827; data/DATASET_DONE.json:3315; data/DATASET_DONE.json:5571; data/DATASET_DONE.json:6115; data/DATASET_DONE.json:6411; docs/final_tables/supplementary_rbsr_vs_lamm_9900_pairs.csv.sha256.json:2; results/rbsr_final_rerun_holdout_v1/posthoc_subunit_analysis_v1/personalization/pair_metrics_all_variants.csv:939; results/rbsr_final_rerun_holdout_v1/posthoc_subunit_analysis_v1/personalization/pair_metrics_all_variants.csv:5769; results/rbsr_final_rerun_holdout_v1/posthoc_subunit_analysis_v1/personalization/pair_metrics_all_variants.csv:10599; results/rbsr_final_rerun_holdout_v1/posthoc_subunit_analysis_v1/personalization/pair_metrics_all_variants.csv:15429; results/rbsr_final_rerun_holdout_v1/posthoc_subunit_analysis_v1/region_topology_audit.json:27; results/rbsr_final_rerun_holdout_v1/posthoc_subunit_analysis_v1/region_topology_audit.json:51; roi/subunits.json:4873; splits/facescape_847/split_manifest.json:15130; splits/facescape_847/split_manifest.json:16045; splits/facescape_847/split_manifest.json:20034; splits/facescape_847/split_manifest.json:20275; splits/facescape_847/split_manifest.json:20844; splits/facescape_847/split_manifest.json:21295; splits/facescape_847/split_manifest.json:21850
113,2563,2563,rfblueHTML2563EB,5,results/rbsr_final_rerun_holdout_v1/posthoc_subunit_analysis_v1/personalization/pair_metrics_all_variants.csv:2565; results/rbsr_final_rerun_holdout_v1/posthoc_subunit_analysis_v1/personalization/pair_metrics_all_variants.csv:7395; results/rbsr_final_rerun_holdout_v1/posthoc_subunit_analysis_v1/personalization/pair_metrics_all_variants.csv:12225; results/rbsr_final_rerun_holdout_v1/posthoc_subunit_analysis_v1/personalization/pair_metrics_all_variants.csv:17055; roi/subunits.json:4990
114,0,0,rftealHTML0E7C86,17,.github/workflows/ci.yml:19; .github/workflows/ci.yml:60; CITATION.cff:1; CITATION.cff:10; data/DATASET_DONE.json:11; data/DATASET_DONE.json:19; data/DATASET_DONE.json:25; data/DATASET_DONE.json:27; data/DATASET_DONE.json:41; data/DATASET_DONE.json:49; data/DATASET_DONE.json:51; data/DATASET_DONE.json:59; data/DATASET_DONE.json:65; data/DATASET_DONE.json:83; data/DATASET_DONE.json:91; data/DATASET_DONE.json:97; data/DATASET_DONE.json:105
114,6,6,rftealHTML0E7C86,14,.github/workflows/ci.yml:17; .github/workflows/ci.yml:20; .github/workflows/ci.yml:51; .github/workflows/ci.yml:52; THIRD_PARTY.md:26; configs/reproduction.example.toml:19; data/DATASET_DONE.json:9; data/DATASET_DONE.json:11; data/DATASET_DONE.json:25; data/DATASET_DONE.json:27; data/DATASET_DONE.json:35; data/DATASET_DONE.json:51; data/DATASET_DONE.json:52; data/DATASET_DONE.json:57
115,5309,5309,rfamberHTMLB45309,0,
116,15803,15803,rfgreenHTML15803D,3,roi/collar.json:2381; roi/subunits.json:6768; roi/vertices.json:2396
117,1,1,rfredHTMLB91C1C,18,README.md:66; README.md:67; README.md:92; README.md:118; README.md:121; README.md:143; README.md:167; README.md:168; configs/reproduction.example.toml:11; data/DATASET_DONE.json:9; data/DATASET_DONE.json:11; data/DATASET_DONE.json:12; data/DATASET_DONE.json:19; data/DATASET_DONE.json:25; data/DATASET_DONE.json:27; data/DATASET_DONE.json:35; data/DATASET_DONE.json:49; data/DATASET_DONE.json:51
118,6,6,rfgreyHTML6B7280,14,.github/workflows/ci.yml:17; .github/workflows/ci.yml:20; .github/workflows/ci.yml:51; .github/workflows/ci.yml:52; THIRD_PARTY.md:26; configs/reproduction.example.toml:19; data/DATASET_DONE.json:9; data/DATASET_DONE.json:11; data/DATASET_DONE.json:25; data/DATASET_DONE.json:27; data/DATASET_DONE.json:35; data/DATASET_DONE.json:51; data/DATASET_DONE.json:52; data/DATASET_DONE.json:57
118,280,280,rfgreyHTML6B7280,20,data/DATASET_DONE.json:1803; data/DATASET_DONE.json:1915; data/DATASET_DONE.json:2244; data/DATASET_DONE.json:2585; data/DATASET_DONE.json:3345; data/DATASET_DONE.json:5481; data/manifest.json:2522; data/manifest.json:2523; data/manifest.json:2915; data/manifest.json:3770; data/manifest.json:6173; results/rbsr_final_rerun_holdout_v1/RESULT_TREE_MANIFEST.json:52; results/rbsr_final_rerun_holdout_v1/RESULT_TREE_MANIFEST.json:277; results/rbsr_final_rerun_holdout_v1/posthoc_subunit_analysis_v1/personalization/pair_metrics_all_variants.csv:282; results/rbsr_final_rerun_holdout_v1/posthoc_subunit_analysis_v1/personalization/pair_metrics_all_variants.csv:5112; results/rbsr_final_rerun_holdout_v1/posthoc_subunit_analysis_v1/personalization/pair_metrics_all_variants.csv:9942; results/rbsr_final_rerun_holdout_v1/posthoc_subunit_analysis_v1/personalization/pair_metrics_all_variants.csv:14772; results/rbsr_final_rerun_holdout_v1/protocol/final_rerun_holdout_split_manifest.json:385; results/rbsr_final_rerun_holdout_v1/protocol/final_rerun_holdout_train_pairs.json:170; results/rbsr_final_rerun_holdout_v1/protocol/final_rerun_holdout_train_pairs.json:1250
140,2,2,"rounded corners=2pt,",16,README.md:4; README.md:93; data/DATASET_DONE.json:9; data/DATASET_DONE.json:11; data/DATASET_DONE.json:19; data/DATASET_DONE.json:20; data/DATASET_DONE.json:25; data/DATASET_DONE.json:35; data/DATASET_DONE.json:41; data/DATASET_DONE.json:49; data/DATASET_DONE.json:57; data/DATASET_DONE.json:59; data/DATASET_DONE.json:65; data/DATASET_DONE.json:83; data/DATASET_DONE.json:107; data/DATASET_DONE.json:113
141,55,55,"draw=rfink!55,",20,data/DATASET_DONE.json:49; data/DATASET_DONE.json:65; data/DATASET_DONE.json:195; data/DATASET_DONE.json:369; data/DATASET_DONE.json:443; data/DATASET_DONE.json:444; data/DATASET_DONE.json:579; data/DATASET_DONE.json:635; data/DATASET_DONE.json:867; data/DATASET_DONE.json:899; data/DATASET_DONE.json:1009; data/DATASET_DONE.json:1203; data/DATASET_DONE.json:1321; data/DATASET_DONE.json:1345; data/DATASET_DONE.json:1361; data/DATASET_DONE.json:1499; data/DATASET_DONE.json:1513; data/DATASET_DONE.json:1545; data/DATASET_DONE.json:1569; data/DATASET_DONE.json:1963
142,0.6,0.6,"line width=0.6pt,",18,demo/public/bundle/certified_presets.json:1; demo/public/bundle/golden_cases.json:78; demo/verify.mjs:225; demo/verify.mjs:282; demo/verify.mjs:438; reproducibility/source_snapshots/final_holdout_v1/source/rhinoform/train.py:723; reproducibility/source_snapshots/posthoc_subunits_v1/source/requirements-lamm-inference.txt:9; reproducibility/source_snapshots/posthoc_subunits_v1/source/rhinoform/train.py:723; reproducibility/source_snapshots/supplemental_dominance_v1/source_corrected/rhinoform/train.py:723; reproducibility/source_snapshots/supplemental_dominance_v1/source_pre_erratum/rhinoform/train.py:723; requirements-lamm-inference.txt:9; results/rbsr_final_rerun_holdout_v1/rbsr/seed20260609/base/neural_field_metadata_cvae_ew0p1_lw0.json:3; results/rbsr_final_rerun_holdout_v1/rbsr/seed20260609/base/neural_field_metadata_cvae_ew0p1_lw0.json:76; results/rbsr_final_rerun_holdout_v1/rbsr/seed20260609/base/neural_field_summary_cvae_ew0p1_lw0.json:35; results/rbsr_final_rerun_holdout_v1/rbsr/seed20260609/base/neural_field_summary_cvae_ew0p1_lw0.json:56; results/rbsr_final_rerun_holdout_v1/rbsr/seed20260609/base/validation_operating_point_candidates.csv:11; rhinoform/train.py:723; tests/test_posthoc_subunit_notebook_contract.py:85
145,5,5,"inner sep=5pt,",16,data/DATASET_DONE.json:11; data/DATASET_DONE.json:17; data/DATASET_DONE.json:25; data/DATASET_DONE.json:27; data/DATASET_DONE.json:33; data/DATASET_DONE.json:41; data/DATASET_DONE.json:43; data/DATASET_DONE.json:44; data/DATASET_DONE.json:49; data/DATASET_DONE.json:51; data/DATASET_DONE.json:59; data/DATASET_DONE.json:75; data/DATASET_DONE.json:83; data/DATASET_DONE.json:91; data/DATASET_DONE.json:113; data/DATASET_DONE.json:121
147,8,8,minimum height=8mm,14,THIRD_PARTY.md:26; configs/reproduction.example.toml:19; data/DATASET_DONE.json:11; data/DATASET_DONE.json:17; data/DATASET_DONE.json:27; data/DATASET_DONE.json:33; data/DATASET_DONE.json:41; data/DATASET_DONE.json:51; data/DATASET_DONE.json:59; data/DATASET_DONE.json:65; data/DATASET_DONE.json:67; data/DATASET_DONE.json:68; data/DATASET_DONE.json:75; data/DATASET_DONE.json:91
150,70,70,"rfanchor/.style=rfnode,fill=rfbgblue,draw=rfblue!70,",19,data/DATASET_DONE.json:249; data/DATASET_DONE.json:339; data/DATASET_DONE.json:427; data/DATASET_DONE.json:521; data/DATASET_DONE.json:564; data/DATASET_DONE.json:627; data/DATASET_DONE.json:843; data/DATASET_DONE.json:865; data/DATASET_DONE.json:873; data/DATASET_DONE.json:889; data/DATASET_DONE.json:897; data/DATASET_DONE.json:995; data/DATASET_DONE.json:1041; data/DATASET_DONE.json:1059; data/DATASET_DONE.json:1203; data/DATASET_DONE.json:1217; data/DATASET_DONE.json:1441; data/DATASET_DONE.json:1555; data/DATASET_DONE.json:1723
151,70,70,"rfprop/.style=rfnode,fill=rfbgteal,draw=rfteal!70,",19,data/DATASET_DONE.json:249; data/DATASET_DONE.json:339; data/DATASET_DONE.json:427; data/DATASET_DONE.json:521; data/DATASET_DONE.json:564; data/DATASET_DONE.json:627; data/DATASET_DONE.json:843; data/DATASET_DONE.json:865; data/DATASET_DONE.json:873; data/DATASET_DONE.json:889; data/DATASET_DONE.json:897; data/DATASET_DONE.json:995; data/DATASET_DONE.json:1041; data/DATASET_DONE.json:1059; data/DATASET_DONE.json:1203; data/DATASET_DONE.json:1217; data/DATASET_DONE.json:1441; data/DATASET_DONE.json:1555; data/DATASET_DONE.json:1723
152,70,70,"rfrisk/.style=rfnode,fill=rfbgamber,draw=rfamber!70,",19,data/DATASET_DONE.json:249; data/DATASET_DONE.json:339; data/DATASET_DONE.json:427; data/DATASET_DONE.json:521; data/DATASET_DONE.json:564; data/DATASET_DONE.json:627; data/DATASET_DONE.json:843; data/DATASET_DONE.json:865; data/DATASET_DONE.json:873; data/DATASET_DONE.json:889; data/DATASET_DONE.json:897; data/DATASET_DONE.json:995; data/DATASET_DONE.json:1041; data/DATASET_DONE.json:1059; data/DATASET_DONE.json:1203; data/DATASET_DONE.json:1217; data/DATASET_DONE.json:1441; data/DATASET_DONE.json:1555; data/DATASET_DONE.json:1723
155,7,7,"rounded corners=7pt,",15,data/DATASET_DONE.json:9; data/DATASET_DONE.json:11; data/DATASET_DONE.json:17; data/DATASET_DONE.json:19; data/DATASET_DONE.json:25; data/DATASET_DONE.json:27; data/DATASET_DONE.json:41; data/DATASET_DONE.json:49; data/DATASET_DONE.json:51; data/DATASET_DONE.json:57; data/DATASET_DONE.json:60; data/DATASET_DONE.json:65; data/DATASET_DONE.json:81; data/DATASET_DONE.json:91; data/DATASET_DONE.json:99
157,0.6,0.6,"line width=0.6pt,",18,demo/public/bundle/certified_presets.json:1; demo/public/bundle/golden_cases.json:78; demo/verify.mjs:225; demo/verify.mjs:282; demo/verify.mjs:438; reproducibility/source_snapshots/final_holdout_v1/source/rhinoform/train.py:723; reproducibility/source_snapshots/posthoc_subunits_v1/source/requirements-lamm-inference.txt:9; reproducibility/source_snapshots/posthoc_subunits_v1/source/rhinoform/train.py:723; reproducibility/source_snapshots/supplemental_dominance_v1/source_corrected/rhinoform/train.py:723; reproducibility/source_snapshots/supplemental_dominance_v1/source_pre_erratum/rhinoform/train.py:723; requirements-lamm-inference.txt:9; results/rbsr_final_rerun_holdout_v1/rbsr/seed20260609/base/neural_field_metadata_cvae_ew0p1_lw0.json:3; results/rbsr_final_rerun_holdout_v1/rbsr/seed20260609/base/neural_field_metadata_cvae_ew0p1_lw0.json:76; results/rbsr_final_rerun_holdout_v1/rbsr/seed20260609/base/neural_field_summary_cvae_ew0p1_lw0.json:35; results/rbsr_final_rerun_holdout_v1/rbsr/seed20260609/base/neural_field_summary_cvae_ew0p1_lw0.json:56; results/rbsr_final_rerun_holdout_v1/rbsr/seed20260609/base/validation_operating_point_candidates.csv:11; rhinoform/train.py:723; tests/test_posthoc_subunit_notebook_contract.py:85
160,5,5,"inner sep=5pt,",16,data/DATASET_DONE.json:11; data/DATASET_DONE.json:17; data/DATASET_DONE.json:25; data/DATASET_DONE.json:27; data/DATASET_DONE.json:33; data/DATASET_DONE.json:41; data/DATASET_DONE.json:43; data/DATASET_DONE.json:44; data/DATASET_DONE.json:49; data/DATASET_DONE.json:51; data/DATASET_DONE.json:59; data/DATASET_DONE.json:75; data/DATASET_DONE.json:83; data/DATASET_DONE.json:91; data/DATASET_DONE.json:113; data/DATASET_DONE.json:121
165,1.7,1.7,"aspect=1.7,",6,demo/package-lock.json:64; demo/package-lock.json:65; demo/public/bundle/head_mean.json:1; demo/src/components/HeroCanvas.jsx:65; demo/src/components/Studio3D.jsx:54; demo/src/engine/demoEdits.js:26
166,80,80,"draw=rfamber!80,",20,data/DATASET_DONE.json:19; data/DATASET_DONE.json:59; data/DATASET_DONE.json:211; data/DATASET_DONE.json:323; data/DATASET_DONE.json:371; data/DATASET_DONE.json:473; data/DATASET_DONE.json:531; data/DATASET_DONE.json:539; data/DATASET_DONE.json:644; data/DATASET_DONE.json:649; data/DATASET_DONE.json:667; data/DATASET_DONE.json:1137; data/DATASET_DONE.json:1161; data/DATASET_DONE.json:1529; data/DATASET_DONE.json:1585; data/DATASET_DONE.json:1699; data/DATASET_DONE.json:1921; data/DATASET_DONE.json:2163; data/DATASET_DONE.json:2297; data/DATASET_DONE.json:2385
167,0.6,0.6,"line width=0.6pt,",18,demo/public/bundle/certified_presets.json:1; demo/public/bundle/golden_cases.json:78; demo/verify.mjs:225; demo/verify.mjs:282; demo/verify.mjs:438; reproducibility/source_snapshots/final_holdout_v1/source/rhinoform/train.py:723; reproducibility/source_snapshots/posthoc_subunits_v1/source/requirements-lamm-inference.txt:9; reproducibility/source_snapshots/posthoc_subunits_v1/source/rhinoform/train.py:723; reproducibility/source_snapshots/supplemental_dominance_v1/source_corrected/rhinoform/train.py:723; reproducibility/source_snapshots/supplemental_dominance_v1/source_pre_erratum/rhinoform/train.py:723; requirements-lamm-inference.txt:9; results/rbsr_final_rerun_holdout_v1/rbsr/seed20260609/base/neural_field_metadata_cvae_ew0p1_lw0.json:3; results/rbsr_final_rerun_holdout_v1/rbsr/seed20260609/base/neural_field_metadata_cvae_ew0p1_lw0.json:76; results/rbsr_final_rerun_holdout_v1/rbsr/seed20260609/base/neural_field_summary_cvae_ew0p1_lw0.json:35; results/rbsr_final_rerun_holdout_v1/rbsr/seed20260609/base/neural_field_summary_cvae_ew0p1_lw0.json:56; results/rbsr_final_rerun_holdout_v1/rbsr/seed20260609/base/validation_operating_point_candidates.csv:11; rhinoform/train.py:723; tests/test_posthoc_subunit_notebook_contract.py:85
170,1,1,"inner sep=1pt,",18,README.md:66; README.md:67; README.md:92; README.md:118; README.md:121; README.md:143; README.md:167; README.md:168; configs/reproduction.example.toml:11; data/DATASET_DONE.json:9; data/DATASET_DONE.json:11; data/DATASET_DONE.json:12; data/DATASET_DONE.json:19; data/DATASET_DONE.json:25; data/DATASET_DONE.json:27; data/DATASET_DONE.json:35; data/DATASET_DONE.json:49; data/DATASET_DONE.json:51
174,2.4,2.4,"-Stealth[length=2.4mm],",11,demo/package-lock.json:27; demo/package-lock.json:37; demo/package-lock.json:47; demo/package-lock.json:332; demo/package-lock.json:847; demo/public/bundle/certified_presets.json:1; demo/public/bundle/golden_cases.json:530; demo/public/bundle/golden_certified.json:514; demo/public/bundle/manifest.json:190; demo/public/bundle/manifest.json:297; demo/public/bundle/ridge_browser.json:1
175,0.7,0.7,"line width=0.7pt,",6,demo/public/bundle/certified_presets.json:1; demo/public/bundle/golden_cases.json:149; demo/public/bundle/golden_cases.json:503; demo/verify.mjs:439; tests/test_rbsr_calibration.py:28; tests/test_safe_fusion.py:60
176,75,75,draw=rfink!75,20,data/DATASET_DONE.json:107; data/DATASET_DONE.json:265; data/DATASET_DONE.json:299; data/DATASET_DONE.json:497; data/DATASET_DONE.json:545; data/DATASET_DONE.json:604; data/DATASET_DONE.json:649; data/DATASET_DONE.json:729; data/DATASET_DONE.json:793; data/DATASET_DONE.json:913; data/DATASET_DONE.json:1177; data/DATASET_DONE.json:1411; data/DATASET_DONE.json:1483; data/DATASET_DONE.json:1571; data/DATASET_DONE.json:1609; data/DATASET_DONE.json:1803; data/DATASET_DONE.json:1881; data/DATASET_DONE.json:1899; data/DATASET_DONE.json:1963; data/DATASET_DONE.json:2033
184,1.5,1.5,inner sep=1.5pt,7,demo/public/bundle/golden_cases.json:308; demo/public/bundle/golden_certified.json:298; demo/public/bundle/ridge_browser.json:1; results/supplemental_rbsr_lamm_dominance_search_v1/release_evidence/validation/RBSR_LAMM_REFERENCE_CALIBRATION_FREEZE.json:216; roi/subunits.json:7938; roi/vertices.json:3977; tests/test_safe_fusion.py:216
188,3,3,"rounded corners=3pt,",18,CITATION.cff:14; README.md:5; README.md:8; README.md:55; README.md:78; README.md:94; README.md:184; data/DATASET_DONE.json:9; data/DATASET_DONE.json:25; data/DATASET_DONE.json:27; data/DATASET_DONE.json:28; data/DATASET_DONE.json:33; data/DATASET_DONE.json:35; data/DATASET_DONE.json:59; data/DATASET_DONE.json:65; data/DATASET_DONE.json:73; data/DATASET_DONE.json:75; data/DATASET_DONE.json:81
189,50,50,"draw=rfgrey!50,",20,data/DATASET_DONE.json:235; data/DATASET_DONE.json:404; data/DATASET_DONE.json:441; data/DATASET_DONE.json:443; data/DATASET_DONE.json:497; data/DATASET_DONE.json:769; data/DATASET_DONE.json:801; data/DATASET_DONE.json:833; data/DATASET_DONE.json:859; data/DATASET_DONE.json:923; data/DATASET_DONE.json:1067; data/DATASET_DONE.json:1145; data/DATASET_DONE.json:1219; data/DATASET_DONE.json:1225; data/DATASET_DONE.json:1299; data/DATASET_DONE.json:1329; data/DATASET_DONE.json:1371; data/DATASET_DONE.json:1425; data/DATASET_DONE.json:1537; data/DATASET_DONE.json:1643
191,0.5,0.5,"line width=0.5pt,",15,demo/README.md:14; demo/public/bundle/certified_presets.json:1; demo/public/bundle/manifest.json:43; demo/public/bundle/manifest.json:339; demo/public/bundle/ridge_browser.json:1; demo/src/components/Studio3D.jsx:25; demo/src/engine/certifiedLocal.js:417; demo/src/engine/geometry.js:118; demo/verify.mjs:225; demo/verify.mjs:439; docs/FINAL_EXPERIMENT_MAP.md:27; experiments/lamm/run_lamm_facescape.py:431; reproducibility/source_snapshots/final_holdout_v1/source/experiments/lamm/run_lamm_facescape.py:431; reproducibility/source_snapshots/final_holdout_v1/source/rhinoform/baselines.py:94; reproducibility/source_snapshots/final_holdout_v1/source/rhinoform/baselines.py:95
192,7,7,inner sep=7pt,15,data/DATASET_DONE.json:9; data/DATASET_DONE.json:11; data/DATASET_DONE.json:17; data/DATASET_DONE.json:19; data/DATASET_DONE.json:25; data/DATASET_DONE.json:27; data/DATASET_DONE.json:41; data/DATASET_DONE.json:49; data/DATASET_DONE.json:51; data/DATASET_DONE.json:57; data/DATASET_DONE.json:60; data/DATASET_DONE.json:65; data/DATASET_DONE.json:81; data/DATASET_DONE.json:91; data/DATASET_DONE.json:99
215,0.92,0.92,0.92,0,
216,0.70,0.70,0.70,1,tests/test_rbsr_calibration.py:83
217,0.08,0.08,0.08,9,demo/public/bundle/certified_presets.json:1; demo/src/components/Studio.jsx:76; demo/src/components/Studio.jsx:819; demo/verify.mjs:439; results/rbsr_final_rerun_holdout_v1/posthoc_subunit_analysis_v1/paired_all_methods_vs_ridge.csv:48; results/rbsr_final_rerun_holdout_v1/posthoc_subunit_analysis_v1/paired_all_methods_vs_ridge.csv:114; results/rbsr_final_rerun_holdout_v1/posthoc_subunit_analysis_v1/paired_certified_rbsr_vs_lamm.csv:2; tests/test_safe_fusion.py:87; tests/test_safe_fusion.py:88
218,0.75,0.75,0.75,19,demo/README.md:23; demo/public/bundle/certified_browser.json:1; demo/public/bundle/certified_presets.json:1; demo/public/bundle/manifest.json:28; demo/src/App.jsx:129; demo/src/components/Studio3D.jsx:20; demo/verify.mjs:125; docs/FINAL_EXPERIMENT_MAP.md:9; reproducibility/source_snapshots/final_holdout_v1/source/rhinoform/safe_fusion.py:27; reproducibility/source_snapshots/final_holdout_v1/source/rhinoform/train.py:723; reproducibility/source_snapshots/final_holdout_v1/source/rhinoform/train.py:937; reproducibility/source_snapshots/final_holdout_v1/source/scripts/evaluation/rbsr_ridge_fold_projection.py:67; reproducibility/source_snapshots/posthoc_subunits_v1/source/rhinoform/safe_fusion.py:27; reproducibility/source_snapshots/posthoc_subunits_v1/source/rhinoform/train.py:723; reproducibility/source_snapshots/posthoc_subunits_v1/source/rhinoform/train.py:937; reproducibility/source_snapshots/supplemental_dominance_v1/source_corrected/rhinoform/train.py:723; reproducibility/source_snapshots/supplemental_dominance_v1/source_corrected/rhinoform/train.py:937; reproducibility/source_snapshots/supplemental_dominance_v1/source_pre_erratum/rhinoform/train.py:723; reproducibility/source_snapshots/supplemental_dominance_v1/source_pre_erratum/rhinoform/train.py:937
224,1,1,[1],18,README.md:66; README.md:67; README.md:92; README.md:118; README.md:121; README.md:143; README.md:167; README.md:168; configs/reproduction.example.toml:11; data/DATASET_DONE.json:9; data/DATASET_DONE.json:11; data/DATASET_DONE.json:12; data/DATASET_DONE.json:19; data/DATASET_DONE.json:25; data/DATASET_DONE.json:27; data/DATASET_DONE.json:35; data/DATASET_DONE.json:49; data/DATASET_DONE.json:51
225,0.3,0.3,0.3em,17,demo/public/bundle/certified_presets.json:1; demo/public/bundle/golden_cases.json:359; demo/verify.mjs:144; reproducibility/source_snapshots/final_holdout_v1/source/rhinoform/train.py:723; reproducibility/source_snapshots/posthoc_subunits_v1/source/rhinoform/train.py:723; reproducibility/source_snapshots/supplemental_dominance_v1/source_corrected/rhinoform/train.py:723; reproducibility/source_snapshots/supplemental_dominance_v1/source_pre_erratum/rhinoform/train.py:723; results/rbsr_final_rerun_holdout_v1/posthoc_subunit_analysis_v1/paired_all_methods_vs_ridge.csv:121; results/rbsr_final_rerun_holdout_v1/rbsr/seed20260609/base/neural_field_metadata_cvae_ew0p1_lw0.json:3; results/rbsr_final_rerun_holdout_v1/rbsr/seed20260609/base/neural_field_metadata_cvae_ew0p1_lw0.json:76; results/rbsr_final_rerun_holdout_v1/rbsr/seed20260609/base/neural_field_summary_cvae_ew0p1_lw0.json:23; results/rbsr_final_rerun_holdout_v1/rbsr/seed20260609/base/neural_field_summary_cvae_ew0p1_lw0.json:56; results/rbsr_final_rerun_holdout_v1/rbsr/seed20260609/base/validation_operating_point_candidates.csv:8; rhinoform/train.py:723; tests/test_posthoc_personalization_contract.py:71; tests/test_posthoc_personalization_contract.py:72; tests/test_posthoc_personalization_contract.py:106
229,60,60,"fill=rfbg!60,",19,data/DATASET_DONE.json:113; data/DATASET_DONE.json:153; data/DATASET_DONE.json:195; data/DATASET_DONE.json:275; data/DATASET_DONE.json:433; data/DATASET_DONE.json:473; data/DATASET_DONE.json:484; data/DATASET_DONE.json:555; data/DATASET_DONE.json:609; data/DATASET_DONE.json:625; data/DATASET_DONE.json:707; data/DATASET_DONE.json:891; data/DATASET_DONE.json:897; data/DATASET_DONE.json:1041; data/DATASET_DONE.json:1611; data/DATASET_DONE.json:1633; data/DATASET_DONE.json:1787; data/DATASET_DONE.json:1841; data/DATASET_DONE.json:2513
230,20,20,"text width= -20pt ,",20,data/DATASET_DONE.json:97; data/DATASET_DONE.json:99; data/DATASET_DONE.json:131; data/DATASET_DONE.json:164; data/DATASET_DONE.json:473; data/DATASET_DONE.json:561; data/DATASET_DONE.json:569; data/DATASET_DONE.json:635; data/DATASET_DONE.json:867; data/DATASET_DONE.json:881; data/DATASET_DONE.json:945; data/DATASET_DONE.json:1227; data/DATASET_DONE.json:1235; data/DATASET_DONE.json:1289; data/DATASET_DONE.json:1531; data/DATASET_DONE.json:1657; data/DATASET_DONE.json:1785; data/DATASET_DONE.json:1817; data/DATASET_DONE.json:1849; data/DATASET_DONE.json:1865
233,1,1,]#1;,18,README.md:66; README.md:67; README.md:92; README.md:118; README.md:121; README.md:143; README.md:167; README.md:168; configs/reproduction.example.toml:11; data/DATASET_DONE.json:9; data/DATASET_DONE.json:11; data/DATASET_DONE.json:12; data/DATASET_DONE.json:19; data/DATASET_DONE.json:25; data/DATASET_DONE.json:27; data/DATASET_DONE.json:35; data/DATASET_DONE.json:49; data/DATASET_DONE.json:51
235,0.3,0.3,0.3em,17,demo/public/bundle/certified_presets.json:1; demo/public/bundle/golden_cases.json:359; demo/verify.mjs:144; reproducibility/source_snapshots/final_holdout_v1/source/rhinoform/train.py:723; reproducibility/source_snapshots/posthoc_subunits_v1/source/rhinoform/train.py:723; reproducibility/source_snapshots/supplemental_dominance_v1/source_corrected/rhinoform/train.py:723; reproducibility/source_snapshots/supplemental_dominance_v1/source_pre_erratum/rhinoform/train.py:723; results/rbsr_final_rerun_holdout_v1/posthoc_subunit_analysis_v1/paired_all_methods_vs_ridge.csv:121; results/rbsr_final_rerun_holdout_v1/rbsr/seed20260609/base/neural_field_metadata_cvae_ew0p1_lw0.json:3; results/rbsr_final_rerun_holdout_v1/rbsr/seed20260609/base/neural_field_metadata_cvae_ew0p1_lw0.json:76; results/rbsr_final_rerun_holdout_v1/rbsr/seed20260609/base/neural_field_summary_cvae_ew0p1_lw0.json:23; results/rbsr_final_rerun_holdout_v1/rbsr/seed20260609/base/neural_field_summary_cvae_ew0p1_lw0.json:56; results/rbsr_final_rerun_holdout_v1/rbsr/seed20260609/base/validation_operating_point_candidates.csv:8; rhinoform/train.py:723; tests/test_posthoc_personalization_contract.py:71; tests/test_posthoc_personalization_contract.py:72; tests/test_posthoc_personalization_contract.py:106
242,2,2,[2],16,README.md:4; README.md:93; data/DATASET_DONE.json:9; data/DATASET_DONE.json:11; data/DATASET_DONE.json:19; data/DATASET_DONE.json:20; data/DATASET_DONE.json:25; data/DATASET_DONE.json:35; data/DATASET_DONE.json:41; data/DATASET_DONE.json:49; data/DATASET_DONE.json:57; data/DATASET_DONE.json:59; data/DATASET_DONE.json:65; data/DATASET_DONE.json:83; data/DATASET_DONE.json:107; data/DATASET_DONE.json:113
247,0.90,0.90,figures/redrawn/fig_3_1_studio.pdf,4,tests/test_rbsr_calibration.py:51; tests/test_rbsr_calibration.py:76; tests/test_rbsr_calibration.py:88; tests/test_rbsr_calibration.py:185
255,0.96,0.96,minipage0.96,1,demo/src/engine/demoEdits.js:20
258,4.1,4.1,Algorithm 4.1: Hard Ridge-relative fold certificate,2,demo/public/bundle/certified_presets.json:1; demo/public/bundle/ridge_browser.json:1
262,0.75,0.75,attenuation =0.75; local limit T=64; uniform grid M=1001.,19,demo/README.md:23; demo/public/bundle/certified_browser.json:1; demo/public/bundle/certified_presets.json:1; demo/public/bundle/manifest.json:28; demo/src/App.jsx:129; demo/src/components/Studio3D.jsx:20; demo/verify.mjs:125; docs/FINAL_EXPERIMENT_MAP.md:9; reproducibility/source_snapshots/final_holdout_v1/source/rhinoform/safe_fusion.py:27; reproducibility/source_snapshots/final_holdout_v1/source/rhinoform/train.py:723; reproducibility/source_snapshots/final_holdout_v1/source/rhinoform/train.py:937; reproducibility/source_snapshots/final_holdout_v1/source/scripts/evaluation/rbsr_ridge_fold_projection.py:67; reproducibility/source_snapshots/posthoc_subunits_v1/source/rhinoform/safe_fusion.py:27; reproducibility/source_snapshots/posthoc_subunits_v1/source/rhinoform/train.py:723; reproducibility/source_snapshots/posthoc_subunits_v1/source/rhinoform/train.py:937; reproducibility/source_snapshots/supplemental_dominance_v1/source_corrected/rhinoform/train.py:723; reproducibility/source_snapshots/supplemental_dominance_v1/source_corrected/rhinoform/train.py:937; reproducibility/source_snapshots/supplemental_dominance_v1/source_pre_erratum/rhinoform/train.py:723; reproducibility/source_snapshots/supplemental_dominance_v1/source_pre_erratum/rhinoform/train.py:937
262,64,64,attenuation =0.75; local limit T=64; uniform grid M=1001.,19,data/DATASET_DONE.json:251; data/DATASET_DONE.json:369; data/DATASET_DONE.json:385; data/DATASET_DONE.json:516; data/DATASET_DONE.json:545; data/DATASET_DONE.json:801; data/DATASET_DONE.json:881; data/DATASET_DONE.json:955; data/DATASET_DONE.json:1025; data/DATASET_DONE.json:1563; data/DATASET_DONE.json:1579; data/DATASET_DONE.json:1619; data/DATASET_DONE.json:2129; data/DATASET_DONE.json:2203; data/DATASET_DONE.json:2403; data/DATASET_DONE.json:2457; data/DATASET_DONE.json:2961; data/DATASET_DONE.json:3129; data/DATASET_DONE.json:3225
262,1001,1001,attenuation =0.75; local limit T=64; uniform grid M=1001.,20,data/DATASET_DONE.json:865; data/manifest.json:980; demo/README.md:23; demo/public/bundle/certified_browser.json:1; demo/public/bundle/manifest.json:31; demo/src/App.jsx:129; demo/verify.mjs:127; reproducibility/source_snapshots/final_holdout_v1/source/rhinoform/safe_fusion.py:316; reproducibility/source_snapshots/final_holdout_v1/source/scripts/evaluation/rbsr_ridge_fold_projection.py:70; reproducibility/source_snapshots/posthoc_subunits_v1/source/rhinoform/safe_fusion.py:316; results/rbsr_final_rerun_holdout_v1/posthoc_subunit_analysis_v1/personalization/pair_metrics_all_variants.csv:1003; results/rbsr_final_rerun_holdout_v1/posthoc_subunit_analysis_v1/personalization/pair_metrics_all_variants.csv:5833; results/rbsr_final_rerun_holdout_v1/posthoc_subunit_analysis_v1/personalization/pair_metrics_all_variants.csv:10663; results/rbsr_final_rerun_holdout_v1/posthoc_subunit_analysis_v1/personalization/pair_metrics_all_variants.csv:15493; results/rbsr_final_rerun_holdout_v1/protocol/FINAL_RERUN_HOLDOUT_POLICY_FREEZE.json:38; results/rbsr_final_rerun_holdout_v1/rbsr/seed20260609/certified_projection_validation/RBSR_CERTIFIED_PROJECTION_FREEZE.json:34; results/rbsr_final_rerun_holdout_v1/rbsr/seed20260609/certified_projection_validation/RBSR_CERTIFIED_PROJECTION_FREEZE.json:64; results/rbsr_final_rerun_holdout_v1/rbsr/seed20260609/certified_projection_validation/RBSR_CERTIFIED_PROJECTION_FREEZE.json:120; results/rbsr_final_rerun_holdout_v1/rbsr/seed20260609/certified_projection_validation/rbsr_ridge_fold_projection_validation.json:29; results/rbsr_final_rerun_holdout_v1/rbsr/seed20260609/certified_projection_validation/rbsr_ridge_fold_projection_validation.json:55
266,0,0,w 1 with w( H)=0.,17,.github/workflows/ci.yml:19; .github/workflows/ci.yml:60; CITATION.cff:1; CITATION.cff:10; data/DATASET_DONE.json:11; data/DATASET_DONE.json:19; data/DATASET_DONE.json:25; data/DATASET_DONE.json:27; data/DATASET_DONE.json:41; data/DATASET_DONE.json:49; data/DATASET_DONE.json:51; data/DATASET_DONE.json:59; data/DATASET_DONE.json:65; data/DATASET_DONE.json:83; data/DATASET_DONE.json:91; data/DATASET_DONE.json:97; data/DATASET_DONE.json:105
267,0,0,"for t=0, ,T do",17,.github/workflows/ci.yml:19; .github/workflows/ci.yml:60; CITATION.cff:1; CITATION.cff:10; data/DATASET_DONE.json:11; data/DATASET_DONE.json:19; data/DATASET_DONE.json:25; data/DATASET_DONE.json:27; data/DATASET_DONE.json:41; data/DATASET_DONE.json:49; data/DATASET_DONE.json:51; data/DATASET_DONE.json:59; data/DATASET_DONE.json:65; data/DATASET_DONE.json:83; data/DATASET_DONE.json:91; data/DATASET_DONE.json:97; data/DATASET_DONE.json:105
268,1,1,1em D,18,README.md:66; README.md:67; README.md:92; README.md:118; README.md:121; README.md:143; README.md:167; README.md:168; configs/reproduction.example.toml:11; data/DATASET_DONE.json:9; data/DATASET_DONE.json:11; data/DATASET_DONE.json:12; data/DATASET_DONE.json:19; data/DATASET_DONE.json:25; data/DATASET_DONE.json:27; data/DATASET_DONE.json:35; data/DATASET_DONE.json:49; data/DATASET_DONE.json:51
270,1,1,1emif,18,README.md:66; README.md:67; README.md:92; README.md:118; README.md:121; README.md:143; README.md:167; README.md:168; configs/reproduction.example.toml:11; data/DATASET_DONE.json:9; data/DATASET_DONE.json:11; data/DATASET_DONE.json:12; data/DATASET_DONE.json:19; data/DATASET_DONE.json:25; data/DATASET_DONE.json:27; data/DATASET_DONE.json:35; data/DATASET_DONE.json:49; data/DATASET_DONE.json:51
274,1,1,1emLet B be vertices of folds newly introduced relative to Ridge;,18,README.md:66; README.md:67; README.md:92; README.md:118; README.md:121; README.md:143; README.md:167; README.md:168; configs/reproduction.example.toml:11; data/DATASET_DONE.json:9; data/DATASET_DONE.json:11; data/DATASET_DONE.json:12; data/DATASET_DONE.json:19; data/DATASET_DONE.json:25; data/DATASET_DONE.json:27; data/DATASET_DONE.json:35; data/DATASET_DONE.json:49; data/DATASET_DONE.json:51
278,1,1,for on the M-point grid 1 0 do,18,README.md:66; README.md:67; README.md:92; README.md:118; README.md:121; README.md:143; README.md:167; README.md:168; configs/reproduction.example.toml:11; data/DATASET_DONE.json:9; data/DATASET_DONE.json:11; data/DATASET_DONE.json:12; data/DATASET_DONE.json:19; data/DATASET_DONE.json:25; data/DATASET_DONE.json:27; data/DATASET_DONE.json:35; data/DATASET_DONE.json:49; data/DATASET_DONE.json:51
279,1,1,1emTest D_R+ R_g;,18,README.md:66; README.md:67; README.md:92; README.md:118; README.md:121; README.md:143; README.md:167; README.md:168; configs/reproduction.example.toml:11; data/DATASET_DONE.json:9; data/DATASET_DONE.json:11; data/DATASET_DONE.json:12; data/DATASET_DONE.json:19; data/DATASET_DONE.json:25; data/DATASET_DONE.json:27; data/DATASET_DONE.json:35; data/DATASET_DONE.json:49; data/DATASET_DONE.json:51
282,0,0,=0 is the guaranteed Ridge endpoint.,17,.github/workflows/ci.yml:19; .github/workflows/ci.yml:60; CITATION.cff:1; CITATION.cff:10; data/DATASET_DONE.json:11; data/DATASET_DONE.json:19; data/DATASET_DONE.json:25; data/DATASET_DONE.json:27; data/DATASET_DONE.json:41; data/DATASET_DONE.json:49; data/DATASET_DONE.json:51; data/DATASET_DONE.json:59; data/DATASET_DONE.json:65; data/DATASET_DONE.json:83; data/DATASET_DONE.json:91; data/DATASET_DONE.json:97; data/DATASET_DONE.json:105
286,2,2,figures/eval_review_v3/eval_02_subunit_matrix_review_v1.pdf,16,README.md:4; README.md:93; data/DATASET_DONE.json:9; data/DATASET_DONE.json:11; data/DATASET_DONE.json:19; data/DATASET_DONE.json:20; data/DATASET_DONE.json:25; data/DATASET_DONE.json:35; data/DATASET_DONE.json:41; data/DATASET_DONE.json:49; data/DATASET_DONE.json:57; data/DATASET_DONE.json:59; data/DATASET_DONE.json:65; data/DATASET_DONE.json:83; data/DATASET_DONE.json:107; data/DATASET_DONE.json:113
287,3,3,figures/eval_review_v3/eval_03_spatial_operating_points_review_v1.pdf,18,CITATION.cff:14; README.md:5; README.md:8; README.md:55; README.md:78; README.md:94; README.md:184; data/DATASET_DONE.json:9; data/DATASET_DONE.json:25; data/DATASET_DONE.json:27; data/DATASET_DONE.json:28; data/DATASET_DONE.json:33; data/DATASET_DONE.json:35; data/DATASET_DONE.json:59; data/DATASET_DONE.json:65; data/DATASET_DONE.json:73; data/DATASET_DONE.json:75; data/DATASET_DONE.json:81
288,6,6,figures/eval_review_v3/eval_06_qualitative_extremes_review_v1.pdf,14,.github/workflows/ci.yml:17; .github/workflows/ci.yml:20; .github/workflows/ci.yml:51; .github/workflows/ci.yml:52; THIRD_PARTY.md:26; configs/reproduction.example.toml:19; data/DATASET_DONE.json:9; data/DATASET_DONE.json:11; data/DATASET_DONE.json:25; data/DATASET_DONE.json:27; data/DATASET_DONE.json:35; data/DATASET_DONE.json:51; data/DATASET_DONE.json:52; data/DATASET_DONE.json:57
289,1,1,figures/eval_review_v3/eval_01_operating_points_review_v1.pdf,18,README.md:66; README.md:67; README.md:92; README.md:118; README.md:121; README.md:143; README.md:167; README.md:168; configs/reproduction.example.toml:11; data/DATASET_DONE.json:9; data/DATASET_DONE.json:11; data/DATASET_DONE.json:12; data/DATASET_DONE.json:19; data/DATASET_DONE.json:25; data/DATASET_DONE.json:27; data/DATASET_DONE.json:35; data/DATASET_DONE.json:49; data/DATASET_DONE.json:51
290,5,5,figures/eval_review_v3/eval_05_noise_robustness_review_v1.pdf,16,data/DATASET_DONE.json:11; data/DATASET_DONE.json:17; data/DATASET_DONE.json:25; data/DATASET_DONE.json:27; data/DATASET_DONE.json:33; data/DATASET_DONE.json:41; data/DATASET_DONE.json:43; data/DATASET_DONE.json:44; data/DATASET_DONE.json:49; data/DATASET_DONE.json:51; data/DATASET_DONE.json:59; data/DATASET_DONE.json:75; data/DATASET_DONE.json:83; data/DATASET_DONE.json:91; data/DATASET_DONE.json:113; data/DATASET_DONE.json:121
303,3,3,Sparse-Control Nasal Morphology Preview on Registered 3D Face Meshes,18,CITATION.cff:14; README.md:5; README.md:8; README.md:55; README.md:78; README.md:94; README.md:184; data/DATASET_DONE.json:9; data/DATASET_DONE.json:25; data/DATASET_DONE.json:27; data/DATASET_DONE.json:28; data/DATASET_DONE.json:33; data/DATASET_DONE.json:35; data/DATASET_DONE.json:59; data/DATASET_DONE.json:65; data/DATASET_DONE.json:73; data/DATASET_DONE.json:75; data/DATASET_DONE.json:81
321,0.47,0.47,imperial-logo.pdf,1,results/rbsr_final_rerun_holdout_v1/posthoc_subunit_analysis_v1/paired_all_methods_vs_ridge.csv:23
326,1.15,1.15,1.15cm,3,requirements-ci.txt:4; requirements-replay.txt:3; requirements.txt:2
330,0.3,0.3,0.3cm,17,demo/public/bundle/certified_presets.json:1; demo/public/bundle/golden_cases.json:359; demo/verify.mjs:144; reproducibility/source_snapshots/final_holdout_v1/source/rhinoform/train.py:723; reproducibility/source_snapshots/posthoc_subunits_v1/source/rhinoform/train.py:723; reproducibility/source_snapshots/supplemental_dominance_v1/source_corrected/rhinoform/train.py:723; reproducibility/source_snapshots/supplemental_dominance_v1/source_pre_erratum/rhinoform/train.py:723; results/rbsr_final_rerun_holdout_v1/posthoc_subunit_analysis_v1/paired_all_methods_vs_ridge.csv:121; results/rbsr_final_rerun_holdout_v1/rbsr/seed20260609/base/neural_field_metadata_cvae_ew0p1_lw0.json:3; results/rbsr_final_rerun_holdout_v1/rbsr/seed20260609/base/neural_field_metadata_cvae_ew0p1_lw0.json:76; results/rbsr_final_rerun_holdout_v1/rbsr/seed20260609/base/neural_field_summary_cvae_ew0p1_lw0.json:23; results/rbsr_final_rerun_holdout_v1/rbsr/seed20260609/base/neural_field_summary_cvae_ew0p1_lw0.json:56; results/rbsr_final_rerun_holdout_v1/rbsr/seed20260609/base/validation_operating_point_candidates.csv:8; rhinoform/train.py:723; tests/test_posthoc_personalization_contract.py:71; tests/test_posthoc_personalization_contract.py:72; tests/test_posthoc_personalization_contract.py:106
334,1.55,1.55,1.55cm,0,
336,0.5,0.5,0.5pt,15,demo/README.md:14; demo/public/bundle/certified_presets.json:1; demo/public/bundle/manifest.json:43; demo/public/bundle/manifest.json:339; demo/public/bundle/ridge_browser.json:1; demo/src/components/Studio3D.jsx:25; demo/src/engine/certifiedLocal.js:417; demo/src/engine/geometry.js:118; demo/verify.mjs:225; demo/verify.mjs:439; docs/FINAL_EXPERIMENT_MAP.md:27; experiments/lamm/run_lamm_facescape.py:431; reproducibility/source_snapshots/final_holdout_v1/source/experiments/lamm/run_lamm_facescape.py:431; reproducibility/source_snapshots/final_holdout_v1/source/rhinoform/baselines.py:94; reproducibility/source_snapshots/final_holdout_v1/source/rhinoform/baselines.py:95
338,0.55,0.55,0.55cm,3,demo/src/components/Studio3D.jsx:76; results/rbsr_final_rerun_holdout_v1/posthoc_subunit_analysis_v1/paired_certified_rbsr_vs_lamm.csv:9; results/rbsr_final_rerun_holdout_v1/posthoc_subunit_analysis_v1/paired_certified_rbsr_vs_lamm.csv:10
342,0.65,0.65,0.65cm,3,demo/public/bundle/certified_presets.json:1; demo/verify.mjs:149; results/rbsr_final_rerun_holdout_v1/posthoc_subunit_analysis_v1/paired_all_methods_vs_ridge.csv:146
346,0.16,0.16,0.16cm,4,demo/public/bundle/certified_presets.json:1; demo/src/App.jsx:21; demo/src/components/HeroCanvas.jsx:57; demo/src/components/Studio3D.jsx:86
348,0.16,0.16,0.16cm,4,demo/public/bundle/certified_presets.json:1; demo/src/App.jsx:21; demo/src/components/HeroCanvas.jsx:57; demo/src/components/Studio3D.jsx:86
349,3,3,on Registered 3D Face Meshes,18,CITATION.cff:14; README.md:5; README.md:8; README.md:55; README.md:78; README.md:94; README.md:184; data/DATASET_DONE.json:9; data/DATASET_DONE.json:25; data/DATASET_DONE.json:27; data/DATASET_DONE.json:28; data/DATASET_DONE.json:33; data/DATASET_DONE.json:35; data/DATASET_DONE.json:59; data/DATASET_DONE.json:65; data/DATASET_DONE.json:73; data/DATASET_DONE.json:75; data/DATASET_DONE.json:81
352,0.55,0.55,0.55cm,3,demo/src/components/Studio3D.jsx:76; results/rbsr_final_rerun_holdout_v1/posthoc_subunit_analysis_v1/paired_certified_rbsr_vs_lamm.csv:9; results/rbsr_final_rerun_holdout_v1/posthoc_subunit_analysis_v1/paired_certified_rbsr_vs_lamm.csv:10
354,0.5,0.5,0.5pt,15,demo/README.md:14; demo/public/bundle/certified_presets.json:1; demo/public/bundle/manifest.json:43; demo/public/bundle/manifest.json:339; demo/public/bundle/ridge_browser.json:1; demo/src/components/Studio3D.jsx:25; demo/src/engine/certifiedLocal.js:417; demo/src/engine/geometry.js:118; demo/verify.mjs:225; demo/verify.mjs:439; docs/FINAL_EXPERIMENT_MAP.md:27; experiments/lamm/run_lamm_facescape.py:431; reproducibility/source_snapshots/final_holdout_v1/source/experiments/lamm/run_lamm_facescape.py:431; reproducibility/source_snapshots/final_holdout_v1/source/rhinoform/baselines.py:94; reproducibility/source_snapshots/final_holdout_v1/source/rhinoform/baselines.py:95
356,1.15,1.15,1.15cm,3,requirements-ci.txt:4; requirements-replay.txt:3; requirements.txt:2
366,0.45,0.45,Author: Li Zequan \\[0.45em],4,demo/public/bundle/certified_presets.json:1; demo/src/components/Studio3D.jsx:19; demo/src/components/Studio3D.jsx:61; demo/src/components/Studio3D.jsx:88
367,0.45,0.45,Supervisor: Dr Jiankang Deng \\[0.45em],4,demo/public/bundle/certified_presets.json:1; demo/src/components/Studio3D.jsx:19; demo/src/components/Studio3D.jsx:61; demo/src/components/Studio3D.jsx:88
368,0.45,0.45,Programme: MEng Electronic and Information Engineering \\[0.45em],4,demo/public/bundle/certified_presets.json:1; demo/src/components/Studio3D.jsx:19; demo/src/components/Studio3D.jsx:61; demo/src/components/Studio3D.jsx:88
369,0.45,0.45,Department: Department of Computing \\[0.45em],4,demo/public/bundle/certified_presets.json:1; demo/src/components/Studio3D.jsx:19; demo/src/components/Studio3D.jsx:61; demo/src/components/Studio3D.jsx:88
373,1.15,1.15,1.15cm,3,requirements-ci.txt:4; requirements-replay.txt:3; requirements.txt:2
386,018,018,patient and surgeon expecting different results .,12,data/DATASET_DONE.json:2081; data/DATASET_DONE.json:4699; data/manifest.json:2348; results/rbsr_final_rerun_holdout_v1/FINAL_CONFIRMATION_EVIDENCE.json:80; results/rbsr_final_rerun_holdout_v1/RESULT_TREE_MANIFEST.json:557; results/rbsr_final_rerun_holdout_v1/posthoc_subunit_analysis_v1/qualitative/QUALITATIVE_CASE_SELECTION_FREEZE.json:106; results/rbsr_final_rerun_holdout_v1/rbsr/seed20260609/one_shot_test/projection_diagnostics_test.csv.sha256.json:4; results/rbsr_final_rerun_holdout_v1/rbsr/seed20260609/one_shot_test/rbsr_evaluation_test.json:95; splits/facescape_847/split_manifest.json:13134; splits/facescape_847/split_manifest.json:13314; splits/facescape_847/split_manifest.json:18640; splits/facescape_847/split_manifest.json:22995
386,024,024,patient and surgeon expecting different results .,13,data/DATASET_DONE.json:569; data/DATASET_DONE.json:723; data/DATASET_DONE.json:3841; data/manifest.json:647; data/manifest.json:4328; splits/facescape_847/split_manifest.json:11185; splits/facescape_847/split_manifest.json:12909; splits/facescape_847/split_manifest.json:13149; splits/facescape_847/split_manifest.json:13764; splits/facescape_847/split_manifest.json:15414; splits/facescape_847/split_manifest.json:19044; splits/facescape_847/split_manifest.json:21699; tests/test_regional_analysis.py:11
388,019,019,discuss . This dissertation separates two technical,6,data/DATASET_DONE.json:2347; data/DATASET_DONE.json:4147; data/DATASET_DONE.json:4339; splits/facescape_847/split_manifest.json:14230; splits/facescape_847/split_manifest.json:17605; splits/facescape_847/split_manifest.json:17965
396,3934,3934,3934-vertex nasal ROI. Eight methods are evaluated under the same,20,data/DATASET_DONE.json:5; data/DATASET_DONE.json:10; data/DATASET_DONE.json:18; data/DATASET_DONE.json:26; data/DATASET_DONE.json:34; data/DATASET_DONE.json:42; data/DATASET_DONE.json:50; data/DATASET_DONE.json:58; data/DATASET_DONE.json:66; data/DATASET_DONE.json:74; data/DATASET_DONE.json:82; data/DATASET_DONE.json:90; data/DATASET_DONE.json:98; data/DATASET_DONE.json:106; data/DATASET_DONE.json:114; data/DATASET_DONE.json:122; data/DATASET_DONE.json:130; data/DATASET_DONE.json:138; data/DATASET_DONE.json:146; data/DATASET_DONE.json:154
397,9,9,"identity-disjoint protocol, using the same 9\,900 test pairs, sparse controls,",16,data/DATASET_DONE.json:9; data/DATASET_DONE.json:19; data/DATASET_DONE.json:35; data/DATASET_DONE.json:41; data/DATASET_DONE.json:49; data/DATASET_DONE.json:57; data/DATASET_DONE.json:76; data/DATASET_DONE.json:83; data/DATASET_DONE.json:97; data/DATASET_DONE.json:105; data/DATASET_DONE.json:121; data/DATASET_DONE.json:137; data/DATASET_DONE.json:139; data/DATASET_DONE.json:163; data/DATASET_DONE.json:169; data/DATASET_DONE.json:179
397,900,900,"identity-disjoint protocol, using the same 9\,900 test pairs, sparse controls,",20,data/DATASET_DONE.json:2763; reproducibility/source_snapshots/supplemental_dominance_v1/SOURCE_MANIFEST.json:37; reproducibility/source_snapshots/supplemental_dominance_v1/SOURCE_MANIFEST.json:90; results/rbsr_final_rerun_holdout_v1/lamm/seed20260609/ae_history.json:213; results/rbsr_final_rerun_holdout_v1/lamm/seed20260609/manipulation_history.json:249; results/rbsr_final_rerun_holdout_v1/posthoc_subunit_analysis_v1/noise/STRICT_NOISE_ROBUSTNESS_EVIDENCE.json:31; results/rbsr_final_rerun_holdout_v1/posthoc_subunit_analysis_v1/noise/STRICT_NOISE_ROBUSTNESS_EVIDENCE.json:37; results/rbsr_final_rerun_holdout_v1/posthoc_subunit_analysis_v1/noise/STRICT_NOISE_ZERO_BASELINE_REPLAY_ERRATUM.json:20; results/rbsr_final_rerun_holdout_v1/posthoc_subunit_analysis_v1/noise/noise_pair_metrics_seed_averaged.csv.sha256.json:4; results/rbsr_final_rerun_holdout_v1/posthoc_subunit_analysis_v1/personalization/pair_metrics_all_variants.csv:902; results/rbsr_final_rerun_holdout_v1/posthoc_subunit_analysis_v1/personalization/pair_metrics_all_variants.csv:5732; results/rbsr_final_rerun_holdout_v1/posthoc_subunit_analysis_v1/personalization/pair_metrics_all_variants.csv:10562; results/rbsr_final_rerun_holdout_v1/posthoc_subunit_analysis_v1/personalization/pair_metrics_all_variants.csv:15392; results/supplemental_rbsr_lamm_dominance_search_v1/release_evidence/protocol/RBSR_LAMM_DOMINANCE_SEARCH_PROTOCOL_FREEZE.json:25; roi/subunits.json:4836; splits/facescape_847/split_manifest.json:13554; splits/facescape_847/split_manifest.json:13929; splits/facescape_847/split_manifest.json:15010; splits/facescape_847/split_manifest.json:15909; splits/facescape_847/split_manifest.json:22149
406,95,95,regularity with target-relative new normal flips and edge-strain p_95.,20,README.md:24; README.md:36; data/DATASET_DONE.json:107; data/DATASET_DONE.json:115; data/DATASET_DONE.json:177; data/DATASET_DONE.json:225; data/DATASET_DONE.json:273; data/DATASET_DONE.json:403; data/DATASET_DONE.json:545; data/DATASET_DONE.json:561; data/DATASET_DONE.json:601; data/DATASET_DONE.json:699; data/DATASET_DONE.json:713; data/DATASET_DONE.json:739; data/DATASET_DONE.json:755; data/DATASET_DONE.json:764; data/DATASET_DONE.json:923; data/DATASET_DONE.json:1043; data/DATASET_DONE.json:1065; data/DATASET_DONE.json:1297
408,-1.30\%,-1.30%,"predeclared primary outcomes (ROI RMSE -1.30\%, new flips -31.6\%, both",0,
408,-31.6\%,-31.6%,"predeclared primary outcomes (ROI RMSE -1.30\%, new flips -31.6\%, both",0,
409,100,100,"Holm-significant across 100 test identities) with no detected edge-strain cost,",18,data/DATASET_DONE.json:804; data/DATASET_DONE.json:2419; data/DATASET_DONE.json:3987; data/DATASET_DONE.json:4387; data/DATASET_DONE.json:4889; data/DATASET_DONE.json:5321; data/README.md:61; data/manifest.json:902; data/manifest.json:903; data/manifest.json:5507; data/manifest.json:5993; demo/public/bundle/manifest.json:39; demo/src/components/Studio.jsx:256; demo/src/components/Studio.jsx:279; demo/src/components/Studio.jsx:435; demo/src/components/Studio.jsx:698; demo/src/components/Studio.jsx:705; demo/src/components/Studio.jsx:762
410,9,9,"and certifies all 9\,900 test pairs while retaining 99.2\% of the admitted",16,data/DATASET_DONE.json:9; data/DATASET_DONE.json:19; data/DATASET_DONE.json:35; data/DATASET_DONE.json:41; data/DATASET_DONE.json:49; data/DATASET_DONE.json:57; data/DATASET_DONE.json:76; data/DATASET_DONE.json:83; data/DATASET_DONE.json:97; data/DATASET_DONE.json:105; data/DATASET_DONE.json:121; data/DATASET_DONE.json:137; data/DATASET_DONE.json:139; data/DATASET_DONE.json:163; data/DATASET_DONE.json:169; data/DATASET_DONE.json:179
410,900,900,"and certifies all 9\,900 test pairs while retaining 99.2\% of the admitted",20,data/DATASET_DONE.json:2763; reproducibility/source_snapshots/supplemental_dominance_v1/SOURCE_MANIFEST.json:37; reproducibility/source_snapshots/supplemental_dominance_v1/SOURCE_MANIFEST.json:90; results/rbsr_final_rerun_holdout_v1/lamm/seed20260609/ae_history.json:213; results/rbsr_final_rerun_holdout_v1/lamm/seed20260609/manipulation_history.json:249; results/rbsr_final_rerun_holdout_v1/posthoc_subunit_analysis_v1/noise/STRICT_NOISE_ROBUSTNESS_EVIDENCE.json:31; results/rbsr_final_rerun_holdout_v1/posthoc_subunit_analysis_v1/noise/STRICT_NOISE_ROBUSTNESS_EVIDENCE.json:37; results/rbsr_final_rerun_holdout_v1/posthoc_subunit_analysis_v1/noise/STRICT_NOISE_ZERO_BASELINE_REPLAY_ERRATUM.json:20; results/rbsr_final_rerun_holdout_v1/posthoc_subunit_analysis_v1/noise/noise_pair_metrics_seed_averaged.csv.sha256.json:4; results/rbsr_final_rerun_holdout_v1/posthoc_subunit_analysis_v1/personalization/pair_metrics_all_variants.csv:902; results/rbsr_final_rerun_holdout_v1/posthoc_subunit_analysis_v1/personalization/pair_metrics_all_variants.csv:5732; results/rbsr_final_rerun_holdout_v1/posthoc_subunit_analysis_v1/personalization/pair_metrics_all_variants.csv:10562; results/rbsr_final_rerun_holdout_v1/posthoc_subunit_analysis_v1/personalization/pair_metrics_all_variants.csv:15392; results/supplemental_rbsr_lamm_dominance_search_v1/release_evidence/protocol/RBSR_LAMM_DOMINANCE_SEARCH_PROTOCOL_FREEZE.json:25; roi/subunits.json:4836; splits/facescape_847/split_manifest.json:13554; splits/facescape_847/split_manifest.json:13929; splits/facescape_847/split_manifest.json:15010; splits/facescape_847/split_manifest.json:15909; splits/facescape_847/split_manifest.json:22149
410,99.2\%,99.2%,"and certifies all 9\,900 test pairs while retaining 99.2\% of the admitted",0,
414,74\%,74%,"(74\% fewer new flips, 36\% lower edge strain) and more accurate than every",20,data/DATASET_DONE.json:187; data/DATASET_DONE.json:489; data/DATASET_DONE.json:596; data/DATASET_DONE.json:603; data/DATASET_DONE.json:627; data/DATASET_DONE.json:723; data/DATASET_DONE.json:929; data/DATASET_DONE.json:977; data/DATASET_DONE.json:1179; data/DATASET_DONE.json:1321; data/DATASET_DONE.json:1411; data/DATASET_DONE.json:1449; data/DATASET_DONE.json:1585; data/DATASET_DONE.json:1851; data/DATASET_DONE.json:2305; data/DATASET_DONE.json:2363; data/DATASET_DONE.json:2459; data/DATASET_DONE.json:2625; data/DATASET_DONE.json:2969; data/DATASET_DONE.json:3057
414,36\%,36%,"(74\% fewer new flips, 36\% lower edge strain) and more accurate than every",19,data/DATASET_DONE.json:292; data/DATASET_DONE.json:313; data/DATASET_DONE.json:403; data/DATASET_DONE.json:449; data/DATASET_DONE.json:523; data/DATASET_DONE.json:737; data/DATASET_DONE.json:745; data/DATASET_DONE.json:763; data/DATASET_DONE.json:865; data/DATASET_DONE.json:891; data/DATASET_DONE.json:1017; data/DATASET_DONE.json:1043; data/DATASET_DONE.json:1171; data/DATASET_DONE.json:1377; data/DATASET_DONE.json:1619; data/DATASET_DONE.json:1649; data/DATASET_DONE.json:1673; data/DATASET_DONE.json:1737; data/DATASET_DONE.json:1795
424,51,51,released browser build is locked to the released assets and passes 51,19,data/DATASET_DONE.json:57; data/DATASET_DONE.json:123; data/DATASET_DONE.json:297; data/DATASET_DONE.json:321; data/DATASET_DONE.json:329; data/DATASET_DONE.json:403; data/DATASET_DONE.json:412; data/DATASET_DONE.json:539; data/DATASET_DONE.json:595; data/DATASET_DONE.json:873; data/DATASET_DONE.json:985; data/DATASET_DONE.json:1051; data/DATASET_DONE.json:1105; data/DATASET_DONE.json:1563; data/DATASET_DONE.json:1825; data/DATASET_DONE.json:2043; data/DATASET_DONE.json:2073; data/DATASET_DONE.json:2115; data/DATASET_DONE.json:2153
447,5\%,5%,rates cluster consistently between 5\% and 15\% across independent,16,data/DATASET_DONE.json:11; data/DATASET_DONE.json:17; data/DATASET_DONE.json:25; data/DATASET_DONE.json:27; data/DATASET_DONE.json:33; data/DATASET_DONE.json:41; data/DATASET_DONE.json:43; data/DATASET_DONE.json:44; data/DATASET_DONE.json:49; data/DATASET_DONE.json:51; data/DATASET_DONE.json:59; data/DATASET_DONE.json:75; data/DATASET_DONE.json:83; data/DATASET_DONE.json:91; data/DATASET_DONE.json:113; data/DATASET_DONE.json:121
447,15\%,15%,rates cluster consistently between 5\% and 15\% across independent,20,data/DATASET_DONE.json:81; data/DATASET_DONE.json:124; data/DATASET_DONE.json:633; data/DATASET_DONE.json:649; data/DATASET_DONE.json:675; data/DATASET_DONE.json:691; data/DATASET_DONE.json:865; data/DATASET_DONE.json:921; data/DATASET_DONE.json:945; data/DATASET_DONE.json:1065; data/DATASET_DONE.json:1147; data/DATASET_DONE.json:1313; data/DATASET_DONE.json:1641; data/DATASET_DONE.json:1729; data/DATASET_DONE.json:2017; data/DATASET_DONE.json:2153; data/DATASET_DONE.json:2219; data/DATASET_DONE.json:2259; data/DATASET_DONE.json:2571; data/DATASET_DONE.json:2577
448,018,018,"series , and crucially the dominant reason patients",12,data/DATASET_DONE.json:2081; data/DATASET_DONE.json:4699; data/manifest.json:2348; results/rbsr_final_rerun_holdout_v1/FINAL_CONFIRMATION_EVIDENCE.json:80; results/rbsr_final_rerun_holdout_v1/RESULT_TREE_MANIFEST.json:557; results/rbsr_final_rerun_holdout_v1/posthoc_subunit_analysis_v1/qualitative/QUALITATIVE_CASE_SELECTION_FREEZE.json:106; results/rbsr_final_rerun_holdout_v1/rbsr/seed20260609/one_shot_test/projection_diagnostics_test.csv.sha256.json:4; results/rbsr_final_rerun_holdout_v1/rbsr/seed20260609/one_shot_test/rbsr_evaluation_test.json:95; splits/facescape_847/split_manifest.json:13134; splits/facescape_847/split_manifest.json:13314; splits/facescape_847/split_manifest.json:18640; splits/facescape_847/split_manifest.json:22995
448,024,024,"series , and crucially the dominant reason patients",13,data/DATASET_DONE.json:569; data/DATASET_DONE.json:723; data/DATASET_DONE.json:3841; data/manifest.json:647; data/manifest.json:4328; splits/facescape_847/split_manifest.json:11185; splits/facescape_847/split_manifest.json:12909; splits/facescape_847/split_manifest.json:13149; splits/facescape_847/split_manifest.json:13764; splits/facescape_847/split_manifest.json:15414; splits/facescape_847/split_manifest.json:19044; splits/facescape_847/split_manifest.json:21699; tests/test_regional_analysis.py:11
450,732,732,"732 closed rhinoplasties, the surgical revision rate was 8.6\%, and the",20,data/DATASET_DONE.json:889; data/DATASET_DONE.json:5361; data/DATASET_DONE.json:5515; data/DATASET_DONE.json:5683; data/DATASET_DONE.json:5731; data/DATASET_DONE.json:5860; data/DATASET_DONE.json:6017; data/DATASET_DONE.json:6451; data/manifest.json:1007; data/manifest.json:6038; data/manifest.json:6590; data/manifest.json:6591; data/manifest.json:6776; results/rbsr_final_rerun_holdout_v1/RESULT_TREE_MANIFEST.json:562; results/rbsr_final_rerun_holdout_v1/posthoc_subunit_analysis_v1/POSTHOC_SUBUNIT_ANALYSIS_EVIDENCE.json:42; results/rbsr_final_rerun_holdout_v1/posthoc_subunit_analysis_v1/personalization/pair_metrics_all_variants.csv:734; results/rbsr_final_rerun_holdout_v1/posthoc_subunit_analysis_v1/personalization/pair_metrics_all_variants.csv:5564; results/rbsr_final_rerun_holdout_v1/posthoc_subunit_analysis_v1/personalization/pair_metrics_all_variants.csv:10394; results/rbsr_final_rerun_holdout_v1/posthoc_subunit_analysis_v1/personalization/pair_metrics_all_variants.csv:15224; results/rbsr_final_rerun_holdout_v1/posthoc_subunit_analysis_v1/qualitative/QUALITATIVE_CASES_EVIDENCE.json.sha256.json:4
450,8.6\%,8.6%,"732 closed rhinoplasties, the surgical revision rate was 8.6\%, and the",1,demo/public/bundle/ridge_browser.json:1
453,018,018,complications . A recent literature synthesis of 40 studies,12,data/DATASET_DONE.json:2081; data/DATASET_DONE.json:4699; data/manifest.json:2348; results/rbsr_final_rerun_holdout_v1/FINAL_CONFIRMATION_EVIDENCE.json:80; results/rbsr_final_rerun_holdout_v1/RESULT_TREE_MANIFEST.json:557; results/rbsr_final_rerun_holdout_v1/posthoc_subunit_analysis_v1/qualitative/QUALITATIVE_CASE_SELECTION_FREEZE.json:106; results/rbsr_final_rerun_holdout_v1/rbsr/seed20260609/one_shot_test/projection_diagnostics_test.csv.sha256.json:4; results/rbsr_final_rerun_holdout_v1/rbsr/seed20260609/one_shot_test/rbsr_evaluation_test.json:95; splits/facescape_847/split_manifest.json:13134; splits/facescape_847/split_manifest.json:13314; splits/facescape_847/split_manifest.json:18640; splits/facescape_847/split_manifest.json:22995
453,40,40,complications . A recent literature synthesis of 40 studies,20,data/DATASET_DONE.json:49; data/DATASET_DONE.json:211; data/DATASET_DONE.json:217; data/DATASET_DONE.json:324; data/DATASET_DONE.json:371; data/DATASET_DONE.json:411; data/DATASET_DONE.json:441; data/DATASET_DONE.json:529; data/DATASET_DONE.json:555; data/DATASET_DONE.json:739; data/DATASET_DONE.json:985; data/DATASET_DONE.json:993; data/DATASET_DONE.json:1041; data/DATASET_DONE.json:1105; data/DATASET_DONE.json:1307; data/DATASET_DONE.json:1315; data/DATASET_DONE.json:1331; data/DATASET_DONE.json:1483; data/DATASET_DONE.json:1513; data/DATASET_DONE.json:1627
456,\approx 20\%,20%,(\( 20\%\) of patients) and persistent nasal-tip fullness or,20,data/DATASET_DONE.json:97; data/DATASET_DONE.json:99; data/DATASET_DONE.json:131; data/DATASET_DONE.json:164; data/DATASET_DONE.json:473; data/DATASET_DONE.json:561; data/DATASET_DONE.json:569; data/DATASET_DONE.json:635; data/DATASET_DONE.json:867; data/DATASET_DONE.json:881; data/DATASET_DONE.json:945; data/DATASET_DONE.json:1227; data/DATASET_DONE.json:1235; data/DATASET_DONE.json:1289; data/DATASET_DONE.json:1531; data/DATASET_DONE.json:1657; data/DATASET_DONE.json:1785; data/DATASET_DONE.json:1817; data/DATASET_DONE.json:1849; data/DATASET_DONE.json:1865
457,19\%,19%,irregularity (\(19\%\)--\(37\%\)) .,20,data/DATASET_DONE.json:105; data/DATASET_DONE.json:156; data/DATASET_DONE.json:161; data/DATASET_DONE.json:177; data/DATASET_DONE.json:259; data/DATASET_DONE.json:377; data/DATASET_DONE.json:379; data/DATASET_DONE.json:667; data/DATASET_DONE.json:1235; data/DATASET_DONE.json:1409; data/DATASET_DONE.json:1433; data/DATASET_DONE.json:1579; data/DATASET_DONE.json:1641; data/DATASET_DONE.json:1857; data/DATASET_DONE.json:1883; data/DATASET_DONE.json:2251; data/DATASET_DONE.json:2355; data/DATASET_DONE.json:2467; data/DATASET_DONE.json:2763; data/DATASET_DONE.json:2841
457,37\%,37%,irregularity (\(19\%\)--\(37\%\)) .,20,data/DATASET_DONE.json:11; data/DATASET_DONE.json:89; data/DATASET_DONE.json:179; data/DATASET_DONE.json:281; data/DATASET_DONE.json:300; data/DATASET_DONE.json:649; data/DATASET_DONE.json:809; data/DATASET_DONE.json:851; data/DATASET_DONE.json:867; data/DATASET_DONE.json:977; data/DATASET_DONE.json:1155; data/DATASET_DONE.json:1241; data/DATASET_DONE.json:1555; data/DATASET_DONE.json:1827; data/DATASET_DONE.json:1849; data/DATASET_DONE.json:1875; data/DATASET_DONE.json:1961; data/DATASET_DONE.json:2107; data/DATASET_DONE.json:2193; data/DATASET_DONE.json:2217
457,024,024,irregularity (\(19\%\)--\(37\%\)) .,13,data/DATASET_DONE.json:569; data/DATASET_DONE.json:723; data/DATASET_DONE.json:3841; data/manifest.json:647; data/manifest.json:4328; splits/facescape_847/split_manifest.json:11185; splits/facescape_847/split_manifest.json:12909; splits/facescape_847/split_manifest.json:13149; splits/facescape_847/split_manifest.json:13764; splits/facescape_847/split_manifest.json:15414; splits/facescape_847/split_manifest.json:19044; splits/facescape_847/split_manifest.json:21699; tests/test_regional_analysis.py:11
464,024,024,"dissatisfaction . In other words, the surgeon's internal plan",13,data/DATASET_DONE.json:569; data/DATASET_DONE.json:723; data/DATASET_DONE.json:3841; data/manifest.json:647; data/manifest.json:4328; splits/facescape_847/split_manifest.json:11185; splits/facescape_847/split_manifest.json:12909; splits/facescape_847/split_manifest.json:13149; splits/facescape_847/split_manifest.json:13764; splits/facescape_847/split_manifest.json:15414; splits/facescape_847/split_manifest.json:19044; splits/facescape_847/split_manifest.json:21699; tests/test_regional_analysis.py:11
474,172,172,consultation aid where it is available: in a series of 172 consecutive,20,data/DATASET_DONE.json:787; data/DATASET_DONE.json:1129; data/DATASET_DONE.json:1380; data/DATASET_DONE.json:4635; data/DATASET_DONE.json:4921; data/DATASET_DONE.json:5331; data/DATASET_DONE.json:6081; data/DATASET_DONE.json:6619; data/manifest.json:1277; data/manifest.json:1550; data/manifest.json:1551; data/manifest.json:5543; data/manifest.json:6848; results/rbsr_final_rerun_holdout_v1/RESULT_TREE_MANIFEST.json:307; results/rbsr_final_rerun_holdout_v1/RESULT_TREE_MANIFEST.json:337; results/rbsr_final_rerun_holdout_v1/posthoc_subunit_analysis_v1/figures/FIGURE_EVIDENCE.json:41; results/rbsr_final_rerun_holdout_v1/posthoc_subunit_analysis_v1/figures/subunits_abs_flip_pct.png.sha256.json:4; results/rbsr_final_rerun_holdout_v1/posthoc_subunit_analysis_v1/personalization/pair_metrics_all_variants.csv:174; results/rbsr_final_rerun_holdout_v1/posthoc_subunit_analysis_v1/personalization/pair_metrics_all_variants.csv:5004; results/rbsr_final_rerun_holdout_v1/posthoc_subunit_analysis_v1/personalization/pair_metrics_all_variants.csv:9834
475,95\%,95%,"candidates, 95\% considered 3D morphing an added value over 2D, and 84\% of",20,README.md:24; README.md:36; data/DATASET_DONE.json:107; data/DATASET_DONE.json:115; data/DATASET_DONE.json:177; data/DATASET_DONE.json:225; data/DATASET_DONE.json:273; data/DATASET_DONE.json:403; data/DATASET_DONE.json:545; data/DATASET_DONE.json:561; data/DATASET_DONE.json:601; data/DATASET_DONE.json:699; data/DATASET_DONE.json:713; data/DATASET_DONE.json:739; data/DATASET_DONE.json:755; data/DATASET_DONE.json:764; data/DATASET_DONE.json:923; data/DATASET_DONE.json:1043; data/DATASET_DONE.json:1065; data/DATASET_DONE.json:1297
475,3,3,"candidates, 95\% considered 3D morphing an added value over 2D, and 84\% of",18,CITATION.cff:14; README.md:5; README.md:8; README.md:55; README.md:78; README.md:94; README.md:184; data/DATASET_DONE.json:9; data/DATASET_DONE.json:25; data/DATASET_DONE.json:27; data/DATASET_DONE.json:28; data/DATASET_DONE.json:33; data/DATASET_DONE.json:35; data/DATASET_DONE.json:59; data/DATASET_DONE.json:65; data/DATASET_DONE.json:73; data/DATASET_DONE.json:75; data/DATASET_DONE.json:81
475,2,2,"candidates, 95\% considered 3D morphing an added value over 2D, and 84\% of",16,README.md:4; README.md:93; data/DATASET_DONE.json:9; data/DATASET_DONE.json:11; data/DATASET_DONE.json:19; data/DATASET_DONE.json:20; data/DATASET_DONE.json:25; data/DATASET_DONE.json:35; data/DATASET_DONE.json:41; data/DATASET_DONE.json:49; data/DATASET_DONE.json:57; data/DATASET_DONE.json:59; data/DATASET_DONE.json:65; data/DATASET_DONE.json:83; data/DATASET_DONE.json:107; data/DATASET_DONE.json:113
475,84\%,84%,"candidates, 95\% considered 3D morphing an added value over 2D, and 84\% of",20,data/DATASET_DONE.json:97; data/DATASET_DONE.json:291; data/DATASET_DONE.json:307; data/DATASET_DONE.json:395; data/DATASET_DONE.json:425; data/DATASET_DONE.json:505; data/DATASET_DONE.json:513; data/DATASET_DONE.json:561; data/DATASET_DONE.json:676; data/DATASET_DONE.json:1057; data/DATASET_DONE.json:1161; data/DATASET_DONE.json:1259; data/DATASET_DONE.json:1427; data/DATASET_DONE.json:1473; data/DATASET_DONE.json:1475; data/DATASET_DONE.json:1481; data/DATASET_DONE.json:1491; data/DATASET_DONE.json:1505; data/DATASET_DONE.json:1659; data/DATASET_DONE.json:1891
476,3,3,revision patients said 3D simulation helped them understand the aims of,18,CITATION.cff:14; README.md:5; README.md:8; README.md:55; README.md:78; README.md:94; README.md:184; data/DATASET_DONE.json:9; data/DATASET_DONE.json:25; data/DATASET_DONE.json:27; data/DATASET_DONE.json:28; data/DATASET_DONE.json:33; data/DATASET_DONE.json:35; data/DATASET_DONE.json:59; data/DATASET_DONE.json:65; data/DATASET_DONE.json:73; data/DATASET_DONE.json:75; data/DATASET_DONE.json:81
477,61\%,61%,surgery (versus 61\% for primary patients) . More recent,20,data/DATASET_DONE.json:105; data/DATASET_DONE.json:363; data/DATASET_DONE.json:492; data/DATASET_DONE.json:739; data/DATASET_DONE.json:785; data/DATASET_DONE.json:851; data/DATASET_DONE.json:873; data/DATASET_DONE.json:937; data/DATASET_DONE.json:1033; data/DATASET_DONE.json:1179; data/DATASET_DONE.json:1833; data/DATASET_DONE.json:1915; data/DATASET_DONE.json:1923; data/DATASET_DONE.json:2115; data/DATASET_DONE.json:2153; data/DATASET_DONE.json:2163; data/DATASET_DONE.json:2195; data/DATASET_DONE.json:2273; data/DATASET_DONE.json:2297; data/DATASET_DONE.json:2361
477,019,019,surgery (versus 61\% for primary patients) . More recent,6,data/DATASET_DONE.json:2347; data/DATASET_DONE.json:4147; data/DATASET_DONE.json:4339; splits/facescape_847/split_manifest.json:14230; splits/facescape_847/split_manifest.json:17605; splits/facescape_847/split_manifest.json:17965
478,3,3,work using a commercial 3D platform reports that simulation accuracy,18,CITATION.cff:14; README.md:5; README.md:8; README.md:55; README.md:78; README.md:94; README.md:184; data/DATASET_DONE.json:9; data/DATASET_DONE.json:25; data/DATASET_DONE.json:27; data/DATASET_DONE.json:28; data/DATASET_DONE.json:33; data/DATASET_DONE.json:35; data/DATASET_DONE.json:59; data/DATASET_DONE.json:65; data/DATASET_DONE.json:73; data/DATASET_DONE.json:75; data/DATASET_DONE.json:81
480,0.66,0.66,"( = 0.66, P < .001) . Simulation, done well, aligns",0,
480,001,001,"( = 0.66, P < .001) . Simulation, done well, aligns",3,scripts/data_processing/fetch_facescape.py:17; splits/facescape_847/split_manifest.json:21504; splits/facescape_847/split_manifest.json:26878
480,025,025,"( = 0.66, P < .001) . Simulation, done well, aligns",6,data/DATASET_DONE.json:2529; data/DATASET_DONE.json:6529; data/manifest.json:2852; data/manifest.json:7352; splits/facescape_847/split_manifest.json:10509; splits/facescape_847/split_manifest.json:12879
490,3,3,proportions. A personalised 3D preview can therefore redirect the consultation,18,CITATION.cff:14; README.md:5; README.md:8; README.md:55; README.md:78; README.md:94; README.md:184; data/DATASET_DONE.json:9; data/DATASET_DONE.json:25; data/DATASET_DONE.json:27; data/DATASET_DONE.json:28; data/DATASET_DONE.json:33; data/DATASET_DONE.json:35; data/DATASET_DONE.json:59; data/DATASET_DONE.json:65; data/DATASET_DONE.json:73; data/DATASET_DONE.json:75; data/DATASET_DONE.json:81
492,2,2,on my face?'' This is a communication benefit that generic 2D morphing and,16,README.md:4; README.md:93; data/DATASET_DONE.json:9; data/DATASET_DONE.json:11; data/DATASET_DONE.json:19; data/DATASET_DONE.json:20; data/DATASET_DONE.json:25; data/DATASET_DONE.json:35; data/DATASET_DONE.json:41; data/DATASET_DONE.json:49; data/DATASET_DONE.json:57; data/DATASET_DONE.json:59; data/DATASET_DONE.json:65; data/DATASET_DONE.json:83; data/DATASET_DONE.json:107; data/DATASET_DONE.json:113
497,1.1,1.1,Fig 1.1 --- From verbal wish to a controlled geometric task (REDRAW),6,demo/package-lock.json:51; demo/package-lock.json:281; demo/package-lock.json:668; demo/package-lock.json:706; demo/verify.mjs:151; requirements.txt:5
508,1.1,1.1,rffigClinicalGap. See figure\_redraw\_inventory.md Fig 1.1.,6,demo/package-lock.json:51; demo/package-lock.json:281; demo/package-lock.json:668; demo/package-lock.json:706; demo/verify.mjs:151; requirements.txt:5
522,019,019,"expectations , especially when counselling is not supported by a",6,data/DATASET_DONE.json:2347; data/DATASET_DONE.json:4147; data/DATASET_DONE.json:4339; splits/facescape_847/split_manifest.json:14230; splits/facescape_847/split_manifest.json:17605; splits/facescape_847/split_manifest.json:17965
523,025,025,concrete visual anchor . Rhinoform is positioned,6,data/DATASET_DONE.json:2529; data/DATASET_DONE.json:6529; data/manifest.json:2852; data/manifest.json:7352; splits/facescape_847/split_manifest.json:10509; splits/facescape_847/split_manifest.json:12879
543,3,3,is reduced to a controlled geometric task on registered 3D face meshes. A,18,CITATION.cff:14; README.md:5; README.md:8; README.md:55; README.md:78; README.md:94; README.md:184; data/DATASET_DONE.json:9; data/DATASET_DONE.json:25; data/DATASET_DONE.json:27; data/DATASET_DONE.json:28; data/DATASET_DONE.json:33; data/DATASET_DONE.json:35; data/DATASET_DONE.json:59; data/DATASET_DONE.json:65; data/DATASET_DONE.json:73; data/DATASET_DONE.json:75; data/DATASET_DONE.json:81
547,3,3,driven by nine nasal landmarks whose 3D displacements form a,18,CITATION.cff:14; README.md:5; README.md:8; README.md:55; README.md:78; README.md:94; README.md:184; data/DATASET_DONE.json:9; data/DATASET_DONE.json:25; data/DATASET_DONE.json:27; data/DATASET_DONE.json:28; data/DATASET_DONE.json:33; data/DATASET_DONE.json:35; data/DATASET_DONE.json:59; data/DATASET_DONE.json:65; data/DATASET_DONE.json:73; data/DATASET_DONE.json:75; data/DATASET_DONE.json:81
548,27,27,27-dimensional control vector. The task is to turn that sparse intent into a,19,data/DATASET_DONE.json:49; data/DATASET_DONE.json:65; data/DATASET_DONE.json:91; data/DATASET_DONE.json:145; data/DATASET_DONE.json:220; data/DATASET_DONE.json:241; data/DATASET_DONE.json:323; data/DATASET_DONE.json:531; data/DATASET_DONE.json:691; data/DATASET_DONE.json:787; data/DATASET_DONE.json:923; data/DATASET_DONE.json:1177; data/DATASET_DONE.json:1195; data/DATASET_DONE.json:1457; data/DATASET_DONE.json:1723; data/DATASET_DONE.json:1897; data/DATASET_DONE.json:1963; data/DATASET_DONE.json:2009; data/DATASET_DONE.json:2041
550,3934,3934,"3934 vertices on a topologically consistent mesh, so that the rest of the nose",20,data/DATASET_DONE.json:5; data/DATASET_DONE.json:10; data/DATASET_DONE.json:18; data/DATASET_DONE.json:26; data/DATASET_DONE.json:34; data/DATASET_DONE.json:42; data/DATASET_DONE.json:50; data/DATASET_DONE.json:58; data/DATASET_DONE.json:66; data/DATASET_DONE.json:74; data/DATASET_DONE.json:82; data/DATASET_DONE.json:90; data/DATASET_DONE.json:98; data/DATASET_DONE.json:106; data/DATASET_DONE.json:114; data/DATASET_DONE.json:122; data/DATASET_DONE.json:130; data/DATASET_DONE.json:138; data/DATASET_DONE.json:146; data/DATASET_DONE.json:154
597,4,4,4pt,14,README.md:98; data/DATASET_DONE.json:11; data/DATASET_DONE.json:19; data/DATASET_DONE.json:35; data/DATASET_DONE.json:36; data/DATASET_DONE.json:41; data/DATASET_DONE.json:43; data/DATASET_DONE.json:57; data/DATASET_DONE.json:59; data/DATASET_DONE.json:81; data/DATASET_DONE.json:89; data/DATASET_DONE.json:91; data/DATASET_DONE.json:97; data/DATASET_DONE.json:105
600,0.31,0.31,tabularp0.31 p0.57,1,tests/test_rbsr_calibration.py:51
600,0.57,0.57,tabularp0.31 p0.57,1,results/rbsr_final_rerun_holdout_v1/posthoc_subunit_analysis_v1/paired_all_methods_vs_ridge.csv:65
604,3,3,"Consultations rely on words, photos and implicit mental models. Provide a shared, manipulable 3D reference for patient--clinician discussion. \\",18,CITATION.cff:14; README.md:5; README.md:8; README.md:55; README.md:78; README.md:94; README.md:184; data/DATASET_DONE.json:9; data/DATASET_DONE.json:25; data/DATASET_DONE.json:27; data/DATASET_DONE.json:28; data/DATASET_DONE.json:33; data/DATASET_DONE.json:35; data/DATASET_DONE.json:59; data/DATASET_DONE.json:65; data/DATASET_DONE.json:73; data/DATASET_DONE.json:75; data/DATASET_DONE.json:81
605,3,3,Commercial 3D aesthetic tools are persuasive but often proprietary or visually oriented. Keep the sparse-control to dense-deformation pipeline transparent and benchmark-calibrated. \\,18,CITATION.cff:14; README.md:5; README.md:8; README.md:55; README.md:78; README.md:94; README.md:184; data/DATASET_DONE.json:9; data/DATASET_DONE.json:25; data/DATASET_DONE.json:27; data/DATASET_DONE.json:28; data/DATASET_DONE.json:33; data/DATASET_DONE.json:35; data/DATASET_DONE.json:59; data/DATASET_DONE.json:65; data/DATASET_DONE.json:73; data/DATASET_DONE.json:75; data/DATASET_DONE.json:81
660,9,9,"certified RB-SR---are scored on the same 9\,900 held-out identity pairs under",16,data/DATASET_DONE.json:9; data/DATASET_DONE.json:19; data/DATASET_DONE.json:35; data/DATASET_DONE.json:41; data/DATASET_DONE.json:49; data/DATASET_DONE.json:57; data/DATASET_DONE.json:76; data/DATASET_DONE.json:83; data/DATASET_DONE.json:97; data/DATASET_DONE.json:105; data/DATASET_DONE.json:121; data/DATASET_DONE.json:137; data/DATASET_DONE.json:139; data/DATASET_DONE.json:163; data/DATASET_DONE.json:169; data/DATASET_DONE.json:179
660,900,900,"certified RB-SR---are scored on the same 9\,900 held-out identity pairs under",20,data/DATASET_DONE.json:2763; reproducibility/source_snapshots/supplemental_dominance_v1/SOURCE_MANIFEST.json:37; reproducibility/source_snapshots/supplemental_dominance_v1/SOURCE_MANIFEST.json:90; results/rbsr_final_rerun_holdout_v1/lamm/seed20260609/ae_history.json:213; results/rbsr_final_rerun_holdout_v1/lamm/seed20260609/manipulation_history.json:249; results/rbsr_final_rerun_holdout_v1/posthoc_subunit_analysis_v1/noise/STRICT_NOISE_ROBUSTNESS_EVIDENCE.json:31; results/rbsr_final_rerun_holdout_v1/posthoc_subunit_analysis_v1/noise/STRICT_NOISE_ROBUSTNESS_EVIDENCE.json:37; results/rbsr_final_rerun_holdout_v1/posthoc_subunit_analysis_v1/noise/STRICT_NOISE_ZERO_BASELINE_REPLAY_ERRATUM.json:20; results/rbsr_final_rerun_holdout_v1/posthoc_subunit_analysis_v1/noise/noise_pair_metrics_seed_averaged.csv.sha256.json:4; results/rbsr_final_rerun_holdout_v1/posthoc_subunit_analysis_v1/personalization/pair_metrics_all_variants.csv:902; results/rbsr_final_rerun_holdout_v1/posthoc_subunit_analysis_v1/personalization/pair_metrics_all_variants.csv:5732; results/rbsr_final_rerun_holdout_v1/posthoc_subunit_analysis_v1/personalization/pair_metrics_all_variants.csv:10562; results/rbsr_final_rerun_holdout_v1/posthoc_subunit_analysis_v1/personalization/pair_metrics_all_variants.csv:15392; results/supplemental_rbsr_lamm_dominance_search_v1/release_evidence/protocol/RBSR_LAMM_DOMINANCE_SEARCH_PROTOCOL_FREEZE.json:25; roi/subunits.json:4836; splits/facescape_847/split_manifest.json:13554; splits/facescape_847/split_manifest.json:13929; splits/facescape_847/split_manifest.json:15010; splits/facescape_847/split_manifest.json:15909; splits/facescape_847/split_manifest.json:22149
680,3,3,"Rhinoform, an interactive 3D consultation prototype that turns the benchmark findings into a working, measured system. The platform uses the source-conditioned ridge anchor as its real-time default predictor, computes the certified residual asynchronously and admits it only when the fold-subset certificate holds, and scales back or withholds requests outside the evaluated control range via a separate input-applicability policy. The released browser build is locked to the released assets and passes 51 automated checks against stored reference goldens. The prototype is the deployed form of the d",18,CITATION.cff:14; README.md:5; README.md:8; README.md:55; README.md:78; README.md:94; README.md:184; data/DATASET_DONE.json:9; data/DATASET_DONE.json:25; data/DATASET_DONE.json:27; data/DATASET_DONE.json:28; data/DATASET_DONE.json:33; data/DATASET_DONE.json:35; data/DATASET_DONE.json:59; data/DATASET_DONE.json:65; data/DATASET_DONE.json:73; data/DATASET_DONE.json:75; data/DATASET_DONE.json:81
680,51,51,"Rhinoform, an interactive 3D consultation prototype that turns the benchmark findings into a working, measured system. The platform uses the source-conditioned ridge anchor as its real-time default predictor, computes the certified residual asynchronously and admits it only when the fold-subset certificate holds, and scales back or withholds requests outside the evaluated control range via a separate input-applicability policy. The released browser build is locked to the released assets and passes 51 automated checks against stored reference goldens. The prototype is the deployed form of the d",19,data/DATASET_DONE.json:57; data/DATASET_DONE.json:123; data/DATASET_DONE.json:297; data/DATASET_DONE.json:321; data/DATASET_DONE.json:329; data/DATASET_DONE.json:403; data/DATASET_DONE.json:412; data/DATASET_DONE.json:539; data/DATASET_DONE.json:595; data/DATASET_DONE.json:873; data/DATASET_DONE.json:985; data/DATASET_DONE.json:1051; data/DATASET_DONE.json:1105; data/DATASET_DONE.json:1563; data/DATASET_DONE.json:1825; data/DATASET_DONE.json:2043; data/DATASET_DONE.json:2073; data/DATASET_DONE.json:2115; data/DATASET_DONE.json:2153
686,3,3,"Rhinoform is developed as a technical prototype for preoperative morphology communication. Its purpose is to help patients and surgeons explore face-specific nasal shape changes in 3D, compare alternative editing directions, and discuss expectations using a shared visual reference. It is not intended to predict the final surgical result.",18,CITATION.cff:14; README.md:5; README.md:8; README.md:55; README.md:78; README.md:94; README.md:184; data/DATASET_DONE.json:9; data/DATASET_DONE.json:25; data/DATASET_DONE.json:27; data/DATASET_DONE.json:28; data/DATASET_DONE.json:33; data/DATASET_DONE.json:35; data/DATASET_DONE.json:59; data/DATASET_DONE.json:65; data/DATASET_DONE.json:73; data/DATASET_DONE.json:75; data/DATASET_DONE.json:81
698,3,3,"As discusses, many existing rhinoplasty visualisation tools focus on producing a convincing simulated appearance. This dissertation takes a narrower, accountable route: a controlled sparse-to-dense benchmark becomes an interactive 3D preview system whose behaviour, reliability range, and geometric risks can be explicitly inspected.",18,CITATION.cff:14; README.md:5; README.md:8; README.md:55; README.md:78; README.md:94; README.md:184; data/DATASET_DONE.json:9; data/DATASET_DONE.json:25; data/DATASET_DONE.json:27; data/DATASET_DONE.json:28; data/DATASET_DONE.json:33; data/DATASET_DONE.json:35; data/DATASET_DONE.json:59; data/DATASET_DONE.json:65; data/DATASET_DONE.json:73; data/DATASET_DONE.json:75; data/DATASET_DONE.json:81
708,3,3,The clinical motivation in establishes why shared 3D,18,CITATION.cff:14; README.md:5; README.md:8; README.md:55; README.md:78; README.md:94; README.md:184; data/DATASET_DONE.json:9; data/DATASET_DONE.json:25; data/DATASET_DONE.json:27; data/DATASET_DONE.json:28; data/DATASET_DONE.json:33; data/DATASET_DONE.json:35; data/DATASET_DONE.json:59; data/DATASET_DONE.json:65; data/DATASET_DONE.json:73; data/DATASET_DONE.json:75; data/DATASET_DONE.json:81
727,0,0,"mesh edge e with rest length _e^0 and deformed length _e,",17,.github/workflows/ci.yml:19; .github/workflows/ci.yml:60; CITATION.cff:1; CITATION.cff:10; data/DATASET_DONE.json:11; data/DATASET_DONE.json:19; data/DATASET_DONE.json:25; data/DATASET_DONE.json:27; data/DATASET_DONE.json:41; data/DATASET_DONE.json:49; data/DATASET_DONE.json:51; data/DATASET_DONE.json:59; data/DATASET_DONE.json:65; data/DATASET_DONE.json:83; data/DATASET_DONE.json:91; data/DATASET_DONE.json:97; data/DATASET_DONE.json:105
730,0,0,"_e \;=\; _e - _e^0 _e^0,",17,.github/workflows/ci.yml:19; .github/workflows/ci.yml:60; CITATION.cff:1; CITATION.cff:10; data/DATASET_DONE.json:11; data/DATASET_DONE.json:19; data/DATASET_DONE.json:25; data/DATASET_DONE.json:27; data/DATASET_DONE.json:41; data/DATASET_DONE.json:49; data/DATASET_DONE.json:51; data/DATASET_DONE.json:59; data/DATASET_DONE.json:65; data/DATASET_DONE.json:83; data/DATASET_DONE.json:91; data/DATASET_DONE.json:97; data/DATASET_DONE.json:105
730,0,0,"_e \;=\; _e - _e^0 _e^0,",17,.github/workflows/ci.yml:19; .github/workflows/ci.yml:60; CITATION.cff:1; CITATION.cff:10; data/DATASET_DONE.json:11; data/DATASET_DONE.json:19; data/DATASET_DONE.json:25; data/DATASET_DONE.json:27; data/DATASET_DONE.json:41; data/DATASET_DONE.json:49; data/DATASET_DONE.json:51; data/DATASET_DONE.json:59; data/DATASET_DONE.json:65; data/DATASET_DONE.json:83; data/DATASET_DONE.json:91; data/DATASET_DONE.json:97; data/DATASET_DONE.json:105
755,3,3,Making ``measurable'' operational presupposes a registered 3D,18,CITATION.cff:14; README.md:5; README.md:8; README.md:55; README.md:78; README.md:94; README.md:184; data/DATASET_DONE.json:9; data/DATASET_DONE.json:25; data/DATASET_DONE.json:27; data/DATASET_DONE.json:28; data/DATASET_DONE.json:33; data/DATASET_DONE.json:35; data/DATASET_DONE.json:59; data/DATASET_DONE.json:65; data/DATASET_DONE.json:73; data/DATASET_DONE.json:75; data/DATASET_DONE.json:81
787,4,4,4pt,14,README.md:98; data/DATASET_DONE.json:11; data/DATASET_DONE.json:19; data/DATASET_DONE.json:35; data/DATASET_DONE.json:36; data/DATASET_DONE.json:41; data/DATASET_DONE.json:43; data/DATASET_DONE.json:57; data/DATASET_DONE.json:59; data/DATASET_DONE.json:81; data/DATASET_DONE.json:89; data/DATASET_DONE.json:91; data/DATASET_DONE.json:97; data/DATASET_DONE.json:105
790,0.23,0.23,tabularp0.23 p0.65,1,results/rbsr_final_rerun_holdout_v1/posthoc_subunit_analysis_v1/paired_all_methods_vs_ridge.csv:38
790,0.65,0.65,tabularp0.23 p0.65,3,demo/public/bundle/certified_presets.json:1; demo/verify.mjs:149; results/rbsr_final_rerun_holdout_v1/posthoc_subunit_analysis_v1/paired_all_methods_vs_ridge.csv:146
794,27,27,"Sparse controls Nine nasal landmark displacements, encoded as a 27-D vector. \\",19,data/DATASET_DONE.json:49; data/DATASET_DONE.json:65; data/DATASET_DONE.json:91; data/DATASET_DONE.json:145; data/DATASET_DONE.json:220; data/DATASET_DONE.json:241; data/DATASET_DONE.json:323; data/DATASET_DONE.json:531; data/DATASET_DONE.json:691; data/DATASET_DONE.json:787; data/DATASET_DONE.json:923; data/DATASET_DONE.json:1177; data/DATASET_DONE.json:1195; data/DATASET_DONE.json:1457; data/DATASET_DONE.json:1723; data/DATASET_DONE.json:1897; data/DATASET_DONE.json:1963; data/DATASET_DONE.json:2009; data/DATASET_DONE.json:2041
795,3934,3934,Dense ROI deformation A per-vertex displacement field over the 3934 nasal ROI vertices. \\,20,data/DATASET_DONE.json:5; data/DATASET_DONE.json:10; data/DATASET_DONE.json:18; data/DATASET_DONE.json:26; data/DATASET_DONE.json:34; data/DATASET_DONE.json:42; data/DATASET_DONE.json:50; data/DATASET_DONE.json:58; data/DATASET_DONE.json:66; data/DATASET_DONE.json:74; data/DATASET_DONE.json:82; data/DATASET_DONE.json:90; data/DATASET_DONE.json:98; data/DATASET_DONE.json:106; data/DATASET_DONE.json:114; data/DATASET_DONE.json:122; data/DATASET_DONE.json:130; data/DATASET_DONE.json:138; data/DATASET_DONE.json:146; data/DATASET_DONE.json:154
802,95,95,"Risk metrics Target-relative new-flip percentage, edge-strain p_95 and an input-applicability control-scale statistic. \\",20,README.md:24; README.md:36; data/DATASET_DONE.json:107; data/DATASET_DONE.json:115; data/DATASET_DONE.json:177; data/DATASET_DONE.json:225; data/DATASET_DONE.json:273; data/DATASET_DONE.json:403; data/DATASET_DONE.json:545; data/DATASET_DONE.json:561; data/DATASET_DONE.json:601; data/DATASET_DONE.json:699; data/DATASET_DONE.json:713; data/DATASET_DONE.json:739; data/DATASET_DONE.json:755; data/DATASET_DONE.json:764; data/DATASET_DONE.json:923; data/DATASET_DONE.json:1043; data/DATASET_DONE.json:1065; data/DATASET_DONE.json:1297
815,27,27,"(the nine-point, 27-D control vector of ), produce a plausible",19,data/DATASET_DONE.json:49; data/DATASET_DONE.json:65; data/DATASET_DONE.json:91; data/DATASET_DONE.json:145; data/DATASET_DONE.json:220; data/DATASET_DONE.json:241; data/DATASET_DONE.json:323; data/DATASET_DONE.json:531; data/DATASET_DONE.json:691; data/DATASET_DONE.json:787; data/DATASET_DONE.json:923; data/DATASET_DONE.json:1177; data/DATASET_DONE.json:1195; data/DATASET_DONE.json:1457; data/DATASET_DONE.json:1723; data/DATASET_DONE.json:1897; data/DATASET_DONE.json:1963; data/DATASET_DONE.json:2009; data/DATASET_DONE.json:2041
821,2.1,2.1,"Fig 2.1 --- Task definition and method-family taxonomy (REDRAW; merges rffigSparseDense + rffigDeformTaxonomy, 2 1)",4,demo/package-lock.json:361; requirements-ci.txt:3; requirements-replay.txt:2; requirements.txt:1
821,2,2,"Fig 2.1 --- Task definition and method-family taxonomy (REDRAW; merges rffigSparseDense + rffigDeformTaxonomy, 2 1)",16,README.md:4; README.md:93; data/DATASET_DONE.json:9; data/DATASET_DONE.json:11; data/DATASET_DONE.json:19; data/DATASET_DONE.json:20; data/DATASET_DONE.json:25; data/DATASET_DONE.json:35; data/DATASET_DONE.json:41; data/DATASET_DONE.json:49; data/DATASET_DONE.json:57; data/DATASET_DONE.json:59; data/DATASET_DONE.json:65; data/DATASET_DONE.json:83; data/DATASET_DONE.json:107; data/DATASET_DONE.json:113
821,1,1,"Fig 2.1 --- Task definition and method-family taxonomy (REDRAW; merges rffigSparseDense + rffigDeformTaxonomy, 2 1)",18,README.md:66; README.md:67; README.md:92; README.md:118; README.md:121; README.md:143; README.md:167; README.md:168; configs/reproduction.example.toml:11; data/DATASET_DONE.json:9; data/DATASET_DONE.json:11; data/DATASET_DONE.json:12; data/DATASET_DONE.json:19; data/DATASET_DONE.json:25; data/DATASET_DONE.json:27; data/DATASET_DONE.json:35; data/DATASET_DONE.json:49; data/DATASET_DONE.json:51
823,27,27,(c R^27 d R^3934 3); (b) places the,19,data/DATASET_DONE.json:49; data/DATASET_DONE.json:65; data/DATASET_DONE.json:91; data/DATASET_DONE.json:145; data/DATASET_DONE.json:220; data/DATASET_DONE.json:241; data/DATASET_DONE.json:323; data/DATASET_DONE.json:531; data/DATASET_DONE.json:691; data/DATASET_DONE.json:787; data/DATASET_DONE.json:923; data/DATASET_DONE.json:1177; data/DATASET_DONE.json:1195; data/DATASET_DONE.json:1457; data/DATASET_DONE.json:1723; data/DATASET_DONE.json:1897; data/DATASET_DONE.json:1963; data/DATASET_DONE.json:2009; data/DATASET_DONE.json:2041
823,3934,3934,(c R^27 d R^3934 3); (b) places the,20,data/DATASET_DONE.json:5; data/DATASET_DONE.json:10; data/DATASET_DONE.json:18; data/DATASET_DONE.json:26; data/DATASET_DONE.json:34; data/DATASET_DONE.json:42; data/DATASET_DONE.json:50; data/DATASET_DONE.json:58; data/DATASET_DONE.json:66; data/DATASET_DONE.json:74; data/DATASET_DONE.json:82; data/DATASET_DONE.json:90; data/DATASET_DONE.json:98; data/DATASET_DONE.json:106; data/DATASET_DONE.json:114; data/DATASET_DONE.json:122; data/DATASET_DONE.json:130; data/DATASET_DONE.json:138; data/DATASET_DONE.json:146; data/DATASET_DONE.json:154
835,2,2,"(b) 2 2 quadrant map, four pastel rounded boxes with 1--2 representative",16,README.md:4; README.md:93; data/DATASET_DONE.json:9; data/DATASET_DONE.json:11; data/DATASET_DONE.json:19; data/DATASET_DONE.json:20; data/DATASET_DONE.json:25; data/DATASET_DONE.json:35; data/DATASET_DONE.json:41; data/DATASET_DONE.json:49; data/DATASET_DONE.json:57; data/DATASET_DONE.json:59; data/DATASET_DONE.json:65; data/DATASET_DONE.json:83; data/DATASET_DONE.json:107; data/DATASET_DONE.json:113
835,2,2,"(b) 2 2 quadrant map, four pastel rounded boxes with 1--2 representative",16,README.md:4; README.md:93; data/DATASET_DONE.json:9; data/DATASET_DONE.json:11; data/DATASET_DONE.json:19; data/DATASET_DONE.json:20; data/DATASET_DONE.json:25; data/DATASET_DONE.json:35; data/DATASET_DONE.json:41; data/DATASET_DONE.json:49; data/DATASET_DONE.json:57; data/DATASET_DONE.json:59; data/DATASET_DONE.json:65; data/DATASET_DONE.json:83; data/DATASET_DONE.json:107; data/DATASET_DONE.json:113
835,1,1,"(b) 2 2 quadrant map, four pastel rounded boxes with 1--2 representative",18,README.md:66; README.md:67; README.md:92; README.md:118; README.md:121; README.md:143; README.md:167; README.md:168; configs/reproduction.example.toml:11; data/DATASET_DONE.json:9; data/DATASET_DONE.json:11; data/DATASET_DONE.json:12; data/DATASET_DONE.json:19; data/DATASET_DONE.json:25; data/DATASET_DONE.json:27; data/DATASET_DONE.json:35; data/DATASET_DONE.json:49; data/DATASET_DONE.json:51
835,-2,-2,"(b) 2 2 quadrant map, four pastel rounded boxes with 1--2 representative",12,demo/package-lock.json:322; demo/public/bundle/certified_presets.json:1; demo/public/bundle/ridge_browser.json:1; demo/src/components/Studio3D.jsx:62; demo/src/engine/demoEdits.js:13; reproducibility/source_snapshots/final_holdout_v1/source/rhinoform/train_rbsr_gate.py:66; reproducibility/source_snapshots/posthoc_subunits_v1/source/rhinoform/data.py:316; reproducibility/source_snapshots/posthoc_subunits_v1/source/rhinoform/train_rbsr_gate.py:72; reproducibility/source_snapshots/supplemental_dominance_v1/source_corrected/rhinoform/train_rbsr_gate.py:72; reproducibility/source_snapshots/supplemental_dominance_v1/source_pre_erratum/rhinoform/train_rbsr_gate.py:72; rhinoform/data.py:316; rhinoform/train_rbsr_gate.py:72
838,2.1,2.1,figure\_redraw\_inventory.md Fig 2.1.,4,demo/package-lock.json:361; requirements-ci.txt:3; requirements-replay.txt:2; requirements.txt:1
841,27,27,landmarks 27--35) must be expanded into a dense deformation of the,19,data/DATASET_DONE.json:49; data/DATASET_DONE.json:65; data/DATASET_DONE.json:91; data/DATASET_DONE.json:145; data/DATASET_DONE.json:220; data/DATASET_DONE.json:241; data/DATASET_DONE.json:323; data/DATASET_DONE.json:531; data/DATASET_DONE.json:691; data/DATASET_DONE.json:787; data/DATASET_DONE.json:923; data/DATASET_DONE.json:1177; data/DATASET_DONE.json:1195; data/DATASET_DONE.json:1457; data/DATASET_DONE.json:1723; data/DATASET_DONE.json:1897; data/DATASET_DONE.json:1963; data/DATASET_DONE.json:2009; data/DATASET_DONE.json:2041
841,-35,-35,landmarks 27--35) must be expanded into a dense deformation of the,7,experiments/lamm/run_lamm_facescape.py:290; reproducibility/source_snapshots/final_holdout_v1/source/experiments/lamm/run_lamm_facescape.py:290; reproducibility/source_snapshots/posthoc_subunits_v1/source/experiments/lamm/run_lamm_facescape.py:290; roi/subunits.json:7949; roi/vertices.json:3988; scripts/data_processing/build_splits.py:361; splits/facescape_847/split_manifest.json:9831
842,3934,3934,3934-vertex nasal ROI. (b) The four method families surveyed in this,20,data/DATASET_DONE.json:5; data/DATASET_DONE.json:10; data/DATASET_DONE.json:18; data/DATASET_DONE.json:26; data/DATASET_DONE.json:34; data/DATASET_DONE.json:42; data/DATASET_DONE.json:50; data/DATASET_DONE.json:58; data/DATASET_DONE.json:66; data/DATASET_DONE.json:74; data/DATASET_DONE.json:82; data/DATASET_DONE.json:90; data/DATASET_DONE.json:98; data/DATASET_DONE.json:106; data/DATASET_DONE.json:114; data/DATASET_DONE.json:122; data/DATASET_DONE.json:130; data/DATASET_DONE.json:138; data/DATASET_DONE.json:146; data/DATASET_DONE.json:154
850,27,27,The task is under-determined by construction. The 27 sparse-control scalars,19,data/DATASET_DONE.json:49; data/DATASET_DONE.json:65; data/DATASET_DONE.json:91; data/DATASET_DONE.json:145; data/DATASET_DONE.json:220; data/DATASET_DONE.json:241; data/DATASET_DONE.json:323; data/DATASET_DONE.json:531; data/DATASET_DONE.json:691; data/DATASET_DONE.json:787; data/DATASET_DONE.json:923; data/DATASET_DONE.json:1177; data/DATASET_DONE.json:1195; data/DATASET_DONE.json:1457; data/DATASET_DONE.json:1723; data/DATASET_DONE.json:1897; data/DATASET_DONE.json:1963; data/DATASET_DONE.json:2009; data/DATASET_DONE.json:2041
851,11,11,"cannot uniquely determine the 11,802 dense displacement unknowns of the",19,data/DATASET_DONE.json:11; data/DATASET_DONE.json:17; data/DATASET_DONE.json:81; data/DATASET_DONE.json:89; data/DATASET_DONE.json:92; data/DATASET_DONE.json:113; data/DATASET_DONE.json:131; data/DATASET_DONE.json:281; data/DATASET_DONE.json:289; data/DATASET_DONE.json:531; data/DATASET_DONE.json:563; data/DATASET_DONE.json:627; data/DATASET_DONE.json:715; data/DATASET_DONE.json:777; data/DATASET_DONE.json:873; data/DATASET_DONE.json:899; data/DATASET_DONE.json:953; data/DATASET_DONE.json:1051; data/DATASET_DONE.json:1409
851,802,802,"cannot uniquely determine the 11,802 dense displacement unknowns of the",20,data/DATASET_DONE.json:803; data/DATASET_DONE.json:2027; data/DATASET_DONE.json:2433; data/DATASET_DONE.json:2529; data/DATASET_DONE.json:6420; data/manifest.json:2744; data/manifest.json:2852; data/manifest.json:7220; data/manifest.json:7221; results/rbsr_final_rerun_holdout_v1/posthoc_subunit_analysis_v1/noise/SHARED_CONTROL_NOISE_DRAW_MANIFEST.json:62; results/rbsr_final_rerun_holdout_v1/posthoc_subunit_analysis_v1/personalization/pair_metrics_all_variants.csv:804; results/rbsr_final_rerun_holdout_v1/posthoc_subunit_analysis_v1/personalization/pair_metrics_all_variants.csv:5634; results/rbsr_final_rerun_holdout_v1/posthoc_subunit_analysis_v1/personalization/pair_metrics_all_variants.csv:10464; results/rbsr_final_rerun_holdout_v1/posthoc_subunit_analysis_v1/personalization/pair_metrics_all_variants.csv:15294; results/rbsr_final_rerun_holdout_v1/protocol/final_rerun_holdout_split_manifest.json:765; results/rbsr_final_rerun_holdout_v1/protocol/final_rerun_holdout_train_pairs.json:550; results/rbsr_final_rerun_holdout_v1/protocol/final_rerun_holdout_train_pairs.json:1235; results/rbsr_final_rerun_holdout_v1/protocol/final_rerun_holdout_train_pairs.json:2770; results/rbsr_final_rerun_holdout_v1/protocol/final_rerun_holdout_train_pairs.json:2986; results/rbsr_final_rerun_holdout_v1/protocol/final_rerun_holdout_train_pairs.json:3007
852,3934,3934,"3934-vertex ROI, so infinitely many dense fields are consistent with the same",20,data/DATASET_DONE.json:5; data/DATASET_DONE.json:10; data/DATASET_DONE.json:18; data/DATASET_DONE.json:26; data/DATASET_DONE.json:34; data/DATASET_DONE.json:42; data/DATASET_DONE.json:50; data/DATASET_DONE.json:58; data/DATASET_DONE.json:66; data/DATASET_DONE.json:74; data/DATASET_DONE.json:82; data/DATASET_DONE.json:90; data/DATASET_DONE.json:98; data/DATASET_DONE.json:106; data/DATASET_DONE.json:114; data/DATASET_DONE.json:122; data/DATASET_DONE.json:130; data/DATASET_DONE.json:138; data/DATASET_DONE.json:146; data/DATASET_DONE.json:154
882,3,3,"Statistical facial representation: PCA, 3DMM and FLAME",18,CITATION.cff:14; README.md:5; README.md:8; README.md:55; README.md:78; README.md:94; README.md:184; data/DATASET_DONE.json:9; data/DATASET_DONE.json:25; data/DATASET_DONE.json:27; data/DATASET_DONE.json:28; data/DATASET_DONE.json:33; data/DATASET_DONE.json:35; data/DATASET_DONE.json:59; data/DATASET_DONE.json:65; data/DATASET_DONE.json:73; data/DATASET_DONE.json:75; data/DATASET_DONE.json:81
892,3,3,"the project either builds on or contrasts with---the 3D Morphable Model, its PCA",18,CITATION.cff:14; README.md:5; README.md:8; README.md:55; README.md:78; README.md:94; README.md:184; data/DATASET_DONE.json:9; data/DATASET_DONE.json:25; data/DATASET_DONE.json:27; data/DATASET_DONE.json:28; data/DATASET_DONE.json:33; data/DATASET_DONE.json:35; data/DATASET_DONE.json:59; data/DATASET_DONE.json:65; data/DATASET_DONE.json:73; data/DATASET_DONE.json:75; data/DATASET_DONE.json:81
896,3,3,The 3D Morphable Model (3DMM) is the foundational statistical,18,CITATION.cff:14; README.md:5; README.md:8; README.md:55; README.md:78; README.md:94; README.md:184; data/DATASET_DONE.json:9; data/DATASET_DONE.json:25; data/DATASET_DONE.json:27; data/DATASET_DONE.json:28; data/DATASET_DONE.json:33; data/DATASET_DONE.json:35; data/DATASET_DONE.json:59; data/DATASET_DONE.json:65; data/DATASET_DONE.json:73; data/DATASET_DONE.json:75; data/DATASET_DONE.json:81
896,3,3,The 3D Morphable Model (3DMM) is the foundational statistical,18,CITATION.cff:14; README.md:5; README.md:8; README.md:55; README.md:78; README.md:94; README.md:184; data/DATASET_DONE.json:9; data/DATASET_DONE.json:25; data/DATASET_DONE.json:27; data/DATASET_DONE.json:28; data/DATASET_DONE.json:33; data/DATASET_DONE.json:35; data/DATASET_DONE.json:59; data/DATASET_DONE.json:65; data/DATASET_DONE.json:73; data/DATASET_DONE.json:75; data/DATASET_DONE.json:81
896,999,999,The 3D Morphable Model (3DMM) is the foundational statistical,13,data/DATASET_DONE.json:593; data/DATASET_DONE.json:5433; data/manifest.json:674; data/manifest.json:6119; demo/package-lock.json:306; demo/public/bundle/manifest.json:360; results/rbsr_final_rerun_holdout_v1/posthoc_subunit_analysis_v1/personalization/pair_metrics_all_variants.csv:1001; results/rbsr_final_rerun_holdout_v1/posthoc_subunit_analysis_v1/personalization/pair_metrics_all_variants.csv:5831; results/rbsr_final_rerun_holdout_v1/posthoc_subunit_analysis_v1/personalization/pair_metrics_all_variants.csv:10661; results/rbsr_final_rerun_holdout_v1/posthoc_subunit_analysis_v1/personalization/pair_metrics_all_variants.csv:15491; roi/subunits.json:7105; splits/facescape_847/split_manifest.json:11109; splits/facescape_847/split_manifest.json:19899
898,3,3,"shows, a 3DMM is learned by densely registering a database of",18,CITATION.cff:14; README.md:5; README.md:8; README.md:55; README.md:78; README.md:94; README.md:184; data/DATASET_DONE.json:9; data/DATASET_DONE.json:25; data/DATASET_DONE.json:27; data/DATASET_DONE.json:28; data/DATASET_DONE.json:33; data/DATASET_DONE.json:35; data/DATASET_DONE.json:59; data/DATASET_DONE.json:65; data/DATASET_DONE.json:73; data/DATASET_DONE.json:75; data/DATASET_DONE.json:81
898,3,3,"shows, a 3DMM is learned by densely registering a database of",18,CITATION.cff:14; README.md:5; README.md:8; README.md:55; README.md:78; README.md:94; README.md:184; data/DATASET_DONE.json:9; data/DATASET_DONE.json:25; data/DATASET_DONE.json:27; data/DATASET_DONE.json:28; data/DATASET_DONE.json:33; data/DATASET_DONE.json:35; data/DATASET_DONE.json:59; data/DATASET_DONE.json:65; data/DATASET_DONE.json:73; data/DATASET_DONE.json:75; data/DATASET_DONE.json:81
899,3,3,3D scans and running principal component analysis (PCA) separately on the,18,CITATION.cff:14; README.md:5; README.md:8; README.md:55; README.md:78; README.md:94; README.md:184; data/DATASET_DONE.json:9; data/DATASET_DONE.json:25; data/DATASET_DONE.json:27; data/DATASET_DONE.json:28; data/DATASET_DONE.json:33; data/DATASET_DONE.json:35; data/DATASET_DONE.json:59; data/DATASET_DONE.json:65; data/DATASET_DONE.json:73; data/DATASET_DONE.json:75; data/DATASET_DONE.json:81
909,3,3,"(), and the model is fitted to a 2D image by",18,CITATION.cff:14; README.md:5; README.md:8; README.md:55; README.md:78; README.md:94; README.md:184; data/DATASET_DONE.json:9; data/DATASET_DONE.json:25; data/DATASET_DONE.json:27; data/DATASET_DONE.json:28; data/DATASET_DONE.json:33; data/DATASET_DONE.json:35; data/DATASET_DONE.json:59; data/DATASET_DONE.json:65; data/DATASET_DONE.json:73; data/DATASET_DONE.json:75; data/DATASET_DONE.json:81
909,2,2,"(), and the model is fitted to a 2D image by",16,README.md:4; README.md:93; data/DATASET_DONE.json:9; data/DATASET_DONE.json:11; data/DATASET_DONE.json:19; data/DATASET_DONE.json:20; data/DATASET_DONE.json:25; data/DATASET_DONE.json:35; data/DATASET_DONE.json:41; data/DATASET_DONE.json:49; data/DATASET_DONE.json:57; data/DATASET_DONE.json:59; data/DATASET_DONE.json:65; data/DATASET_DONE.json:83; data/DATASET_DONE.json:107; data/DATASET_DONE.json:113
910,3,3,analysis-by-synthesis ().,18,CITATION.cff:14; README.md:5; README.md:8; README.md:55; README.md:78; README.md:94; README.md:184; data/DATASET_DONE.json:9; data/DATASET_DONE.json:25; data/DATASET_DONE.json:27; data/DATASET_DONE.json:28; data/DATASET_DONE.json:33; data/DATASET_DONE.json:35; data/DATASET_DONE.json:59; data/DATASET_DONE.json:65; data/DATASET_DONE.json:73; data/DATASET_DONE.json:75; data/DATASET_DONE.json:81
916,3,3,"3DMM edits are global and linear, whereas this dissertation targets local,",18,CITATION.cff:14; README.md:5; README.md:8; README.md:55; README.md:78; README.md:94; README.md:184; data/DATASET_DONE.json:9; data/DATASET_DONE.json:25; data/DATASET_DONE.json:27; data/DATASET_DONE.json:28; data/DATASET_DONE.json:33; data/DATASET_DONE.json:35; data/DATASET_DONE.json:59; data/DATASET_DONE.json:65; data/DATASET_DONE.json:73; data/DATASET_DONE.json:75; data/DATASET_DONE.json:81
924,0.5,0.5,subfigure[b]0.5,15,demo/README.md:14; demo/public/bundle/certified_presets.json:1; demo/public/bundle/manifest.json:43; demo/public/bundle/manifest.json:339; demo/public/bundle/ridge_browser.json:1; demo/src/components/Studio3D.jsx:25; demo/src/engine/certifiedLocal.js:417; demo/src/engine/geometry.js:118; demo/verify.mjs:225; demo/verify.mjs:439; docs/FINAL_EXPERIMENT_MAP.md:27; experiments/lamm/run_lamm_facescape.py:431; reproducibility/source_snapshots/final_holdout_v1/source/experiments/lamm/run_lamm_facescape.py:431; reproducibility/source_snapshots/final_holdout_v1/source/rhinoform/baselines.py:94; reproducibility/source_snapshots/final_holdout_v1/source/rhinoform/baselines.py:95
926,1,1,Analysis/synthesis pipeline (original Fig. 1).,18,README.md:66; README.md:67; README.md:92; README.md:118; README.md:121; README.md:143; README.md:167; README.md:168; configs/reproduction.example.toml:11; data/DATASET_DONE.json:9; data/DATASET_DONE.json:11; data/DATASET_DONE.json:12; data/DATASET_DONE.json:19; data/DATASET_DONE.json:25; data/DATASET_DONE.json:27; data/DATASET_DONE.json:35; data/DATASET_DONE.json:49; data/DATASET_DONE.json:51
927,3,3,,18,CITATION.cff:14; README.md:5; README.md:8; README.md:55; README.md:78; README.md:94; README.md:184; data/DATASET_DONE.json:9; data/DATASET_DONE.json:25; data/DATASET_DONE.json:27; data/DATASET_DONE.json:28; data/DATASET_DONE.json:33; data/DATASET_DONE.json:35; data/DATASET_DONE.json:59; data/DATASET_DONE.json:65; data/DATASET_DONE.json:73; data/DATASET_DONE.json:75; data/DATASET_DONE.json:81
929,0.44,0.44,subfigure[b]0.44,1,demo/public/bundle/certified_presets.json:1
931,2,2,Prototype variation modes (original Fig. 2).,16,README.md:4; README.md:93; data/DATASET_DONE.json:9; data/DATASET_DONE.json:11; data/DATASET_DONE.json:19; data/DATASET_DONE.json:20; data/DATASET_DONE.json:25; data/DATASET_DONE.json:35; data/DATASET_DONE.json:41; data/DATASET_DONE.json:49; data/DATASET_DONE.json:57; data/DATASET_DONE.json:59; data/DATASET_DONE.json:65; data/DATASET_DONE.json:83; data/DATASET_DONE.json:107; data/DATASET_DONE.json:113
932,3,3,,18,CITATION.cff:14; README.md:5; README.md:8; README.md:55; README.md:78; README.md:94; README.md:184; data/DATASET_DONE.json:9; data/DATASET_DONE.json:25; data/DATASET_DONE.json:27; data/DATASET_DONE.json:28; data/DATASET_DONE.json:33; data/DATASET_DONE.json:35; data/DATASET_DONE.json:59; data/DATASET_DONE.json:65; data/DATASET_DONE.json:73; data/DATASET_DONE.json:75; data/DATASET_DONE.json:81
934,3,3,The 3D Morphable Model. (a) A registered scan,18,CITATION.cff:14; README.md:5; README.md:8; README.md:55; README.md:78; README.md:94; README.md:184; data/DATASET_DONE.json:9; data/DATASET_DONE.json:25; data/DATASET_DONE.json:27; data/DATASET_DONE.json:28; data/DATASET_DONE.json:33; data/DATASET_DONE.json:35; data/DATASET_DONE.json:59; data/DATASET_DONE.json:65; data/DATASET_DONE.json:73; data/DATASET_DONE.json:75; data/DATASET_DONE.json:81
934,3,3,The 3D Morphable Model. (a) A registered scan,18,CITATION.cff:14; README.md:5; README.md:8; README.md:55; README.md:78; README.md:94; README.md:184; data/DATASET_DONE.json:9; data/DATASET_DONE.json:25; data/DATASET_DONE.json:27; data/DATASET_DONE.json:28; data/DATASET_DONE.json:33; data/DATASET_DONE.json:35; data/DATASET_DONE.json:59; data/DATASET_DONE.json:65; data/DATASET_DONE.json:73; data/DATASET_DONE.json:75; data/DATASET_DONE.json:81
935,2,2,database yields a PCA shape/texture space fitted to 2D input by,16,README.md:4; README.md:93; data/DATASET_DONE.json:9; data/DATASET_DONE.json:11; data/DATASET_DONE.json:19; data/DATASET_DONE.json:20; data/DATASET_DONE.json:25; data/DATASET_DONE.json:35; data/DATASET_DONE.json:41; data/DATASET_DONE.json:49; data/DATASET_DONE.json:57; data/DATASET_DONE.json:59; data/DATASET_DONE.json:65; data/DATASET_DONE.json:83; data/DATASET_DONE.json:107; data/DATASET_DONE.json:113
940,1999,1999,"SIGGRAPH 1999 , 1999 ACM.",5,results/rbsr_final_rerun_holdout_v1/posthoc_subunit_analysis_v1/personalization/pair_metrics_all_variants.csv:2001; results/rbsr_final_rerun_holdout_v1/posthoc_subunit_analysis_v1/personalization/pair_metrics_all_variants.csv:6831; results/rbsr_final_rerun_holdout_v1/posthoc_subunit_analysis_v1/personalization/pair_metrics_all_variants.csv:11661; results/rbsr_final_rerun_holdout_v1/posthoc_subunit_analysis_v1/personalization/pair_metrics_all_variants.csv:16491; roi/subunits.json:754
940,999,999,"SIGGRAPH 1999 , 1999 ACM.",13,data/DATASET_DONE.json:593; data/DATASET_DONE.json:5433; data/manifest.json:674; data/manifest.json:6119; demo/package-lock.json:306; demo/public/bundle/manifest.json:360; results/rbsr_final_rerun_holdout_v1/posthoc_subunit_analysis_v1/personalization/pair_metrics_all_variants.csv:1001; results/rbsr_final_rerun_holdout_v1/posthoc_subunit_analysis_v1/personalization/pair_metrics_all_variants.csv:5831; results/rbsr_final_rerun_holdout_v1/posthoc_subunit_analysis_v1/personalization/pair_metrics_all_variants.csv:10661; results/rbsr_final_rerun_holdout_v1/posthoc_subunit_analysis_v1/personalization/pair_metrics_all_variants.csv:15491; roi/subunits.json:7105; splits/facescape_847/split_manifest.json:11109; splits/facescape_847/split_manifest.json:19899
940,1999,1999,"SIGGRAPH 1999 , 1999 ACM.",5,results/rbsr_final_rerun_holdout_v1/posthoc_subunit_analysis_v1/personalization/pair_metrics_all_variants.csv:2001; results/rbsr_final_rerun_holdout_v1/posthoc_subunit_analysis_v1/personalization/pair_metrics_all_variants.csv:6831; results/rbsr_final_rerun_holdout_v1/posthoc_subunit_analysis_v1/personalization/pair_metrics_all_variants.csv:11661; results/rbsr_final_rerun_holdout_v1/posthoc_subunit_analysis_v1/personalization/pair_metrics_all_variants.csv:16491; roi/subunits.json:754
941,3,3,,18,CITATION.cff:14; README.md:5; README.md:8; README.md:55; README.md:78; README.md:94; README.md:184; data/DATASET_DONE.json:9; data/DATASET_DONE.json:25; data/DATASET_DONE.json:27; data/DATASET_DONE.json:28; data/DATASET_DONE.json:33; data/DATASET_DONE.json:35; data/DATASET_DONE.json:59; data/DATASET_DONE.json:65; data/DATASET_DONE.json:73; data/DATASET_DONE.json:75; data/DATASET_DONE.json:81
945,017,017,FLAME factorises a head into interpretable parameter,9,data/DATASET_DONE.json:75; data/DATASET_DONE.json:587; data/DATASET_DONE.json:4369; data/DATASET_DONE.json:6083; data/manifest.json:4922; splits/facescape_847/split_manifest.json:9970; splits/facescape_847/split_manifest.json:10930; splits/facescape_847/split_manifest.json:17814; splits/facescape_847/split_manifest.json:21235
964,0.62,0.62,subfigure[b]0.62,0,
966,2,2,Shape / pose / expression parametrisation (original Fig. 2).,16,README.md:4; README.md:93; data/DATASET_DONE.json:9; data/DATASET_DONE.json:11; data/DATASET_DONE.json:19; data/DATASET_DONE.json:20; data/DATASET_DONE.json:25; data/DATASET_DONE.json:35; data/DATASET_DONE.json:41; data/DATASET_DONE.json:49; data/DATASET_DONE.json:57; data/DATASET_DONE.json:59; data/DATASET_DONE.json:65; data/DATASET_DONE.json:83; data/DATASET_DONE.json:107; data/DATASET_DONE.json:113
969,0.34,0.34,subfigure[b]0.34,3,demo/public/bundle/certified_presets.json:1; demo/src/components/Studio3D.jsx:157; results/rbsr_final_rerun_holdout_v1/posthoc_subunit_analysis_v1/paired_all_methods_vs_ridge.csv:66
971,3,3,Articulated joints (original Fig. 3).,18,CITATION.cff:14; README.md:5; README.md:8; README.md:55; README.md:78; README.md:94; README.md:184; data/DATASET_DONE.json:9; data/DATASET_DONE.json:25; data/DATASET_DONE.json:27; data/DATASET_DONE.json:28; data/DATASET_DONE.json:33; data/DATASET_DONE.json:35; data/DATASET_DONE.json:59; data/DATASET_DONE.json:65; data/DATASET_DONE.json:73; data/DATASET_DONE.json:75; data/DATASET_DONE.json:81
979,2017,2017,"Asia 2017 , 2017 ACM.",5,results/rbsr_final_rerun_holdout_v1/posthoc_subunit_analysis_v1/personalization/pair_metrics_all_variants.csv:2019; results/rbsr_final_rerun_holdout_v1/posthoc_subunit_analysis_v1/personalization/pair_metrics_all_variants.csv:6849; results/rbsr_final_rerun_holdout_v1/posthoc_subunit_analysis_v1/personalization/pair_metrics_all_variants.csv:11679; results/rbsr_final_rerun_holdout_v1/posthoc_subunit_analysis_v1/personalization/pair_metrics_all_variants.csv:16509; roi/subunits.json:772
979,017,017,"Asia 2017 , 2017 ACM.",9,data/DATASET_DONE.json:75; data/DATASET_DONE.json:587; data/DATASET_DONE.json:4369; data/DATASET_DONE.json:6083; data/manifest.json:4922; splits/facescape_847/split_manifest.json:9970; splits/facescape_847/split_manifest.json:10930; splits/facescape_847/split_manifest.json:17814; splits/facescape_847/split_manifest.json:21235
979,2017,2017,"Asia 2017 , 2017 ACM.",5,results/rbsr_final_rerun_holdout_v1/posthoc_subunit_analysis_v1/personalization/pair_metrics_all_variants.csv:2019; results/rbsr_final_rerun_holdout_v1/posthoc_subunit_analysis_v1/personalization/pair_metrics_all_variants.csv:6849; results/rbsr_final_rerun_holdout_v1/posthoc_subunit_analysis_v1/personalization/pair_metrics_all_variants.csv:11679; results/rbsr_final_rerun_holdout_v1/posthoc_subunit_analysis_v1/personalization/pair_metrics_all_variants.csv:16509; roi/subunits.json:772
983,020,020,FaceScape provides the registered substrate for,16,data/DATASET_DONE.json:3121; data/DATASET_DONE.json:6187; data/DATASET_DONE.json:6443; data/manifest.json:3518; reproducibility/source_snapshots/posthoc_subunits_v1/SOURCE_MANIFEST.json:52; results/rbsr_final_rerun_holdout_v1/lamm/seed20260609/protocol_audit.json:45; results/rbsr_final_rerun_holdout_v1/lamm/seed20260609/run_provenance.json:81; results/rbsr_final_rerun_holdout_v1/posthoc_subunit_analysis_v1/POSTHOC_SUBUNIT_ANALYSIS_PROTOCOL_FREEZE.json:24; results/supplemental_rbsr_lamm_dominance_search_v1/release_evidence/validation/lamm_validation_summary.json:22; splits/facescape_847/split_manifest.json:14244; splits/facescape_847/split_manifest.json:14844; splits/facescape_847/split_manifest.json:18969; splits/facescape_847/split_manifest.json:19374; splits/facescape_847/split_manifest.json:21430; splits/facescape_847/split_manifest.json:21910; splits/facescape_847/split_manifest.json:26885
985,3,3,"large-scale, high-quality, topologically uniform 3D face dataset with a detailed",18,CITATION.cff:14; README.md:5; README.md:8; README.md:55; README.md:78; README.md:94; README.md:184; data/DATASET_DONE.json:9; data/DATASET_DONE.json:25; data/DATASET_DONE.json:27; data/DATASET_DONE.json:28; data/DATASET_DONE.json:33; data/DATASET_DONE.json:35; data/DATASET_DONE.json:59; data/DATASET_DONE.json:65; data/DATASET_DONE.json:73; data/DATASET_DONE.json:75; data/DATASET_DONE.json:81
995,0.78,0.78,figures/classic/facescape.pdf,1,tests/test_rbsr_calibration.py:89
1000,2020,2020,"per-vertex error. Reproduced from Yang et al., CVPR 2020",5,results/rbsr_final_rerun_holdout_v1/posthoc_subunit_analysis_v1/personalization/pair_metrics_all_variants.csv:2022; results/rbsr_final_rerun_holdout_v1/posthoc_subunit_analysis_v1/personalization/pair_metrics_all_variants.csv:6852; results/rbsr_final_rerun_holdout_v1/posthoc_subunit_analysis_v1/personalization/pair_metrics_all_variants.csv:11682; results/rbsr_final_rerun_holdout_v1/posthoc_subunit_analysis_v1/personalization/pair_metrics_all_variants.csv:16512; roi/subunits.json:775
1001,2003.13989,2003.13989,(arXiv:2003.13989) .,0,
1001,020,020,(arXiv:2003.13989) .,16,data/DATASET_DONE.json:3121; data/DATASET_DONE.json:6187; data/DATASET_DONE.json:6443; data/manifest.json:3518; reproducibility/source_snapshots/posthoc_subunits_v1/SOURCE_MANIFEST.json:52; results/rbsr_final_rerun_holdout_v1/lamm/seed20260609/protocol_audit.json:45; results/rbsr_final_rerun_holdout_v1/lamm/seed20260609/run_provenance.json:81; results/rbsr_final_rerun_holdout_v1/posthoc_subunit_analysis_v1/POSTHOC_SUBUNIT_ANALYSIS_PROTOCOL_FREEZE.json:24; results/supplemental_rbsr_lamm_dominance_search_v1/release_evidence/validation/lamm_validation_summary.json:22; splits/facescape_847/split_manifest.json:14244; splits/facescape_847/split_manifest.json:14844; splits/facescape_847/split_manifest.json:18969; splits/facescape_847/split_manifest.json:19374; splits/facescape_847/split_manifest.json:21430; splits/facescape_847/split_manifest.json:21910; splits/facescape_847/split_manifest.json:26885
1008,3,3,"quantities, while global face spaces such as 3DMM and FLAME capture",18,CITATION.cff:14; README.md:5; README.md:8; README.md:55; README.md:78; README.md:94; README.md:184; data/DATASET_DONE.json:9; data/DATASET_DONE.json:25; data/DATASET_DONE.json:27; data/DATASET_DONE.json:28; data/DATASET_DONE.json:33; data/DATASET_DONE.json:35; data/DATASET_DONE.json:59; data/DATASET_DONE.json:65; data/DATASET_DONE.json:73; data/DATASET_DONE.json:75; data/DATASET_DONE.json:81
1029,004,004,Laplacian surface editing represents a mesh in,20,data/DATASET_DONE.json:1067; data/DATASET_DONE.json:1819; data/DATASET_DONE.json:3315; demo/public/bundle/manifest.json:40; reproducibility/source_snapshots/posthoc_subunits_v1/source/scripts/evaluation/posthoc_preflight.py:47; results/rbsr_final_rerun_holdout_v1/ALL_MODELS_FROZEN_BEFORE_TEST.json:28; results/rbsr_final_rerun_holdout_v1/CLASSICAL_TEST_ACCESS_RECEIPT.json:7; results/rbsr_final_rerun_holdout_v1/FINAL_RESULT_FREEZE_AUDIT.json:73; results/rbsr_final_rerun_holdout_v1/LAMM_TEST_ACCESS_RECEIPT.json:12; results/rbsr_final_rerun_holdout_v1/RESULT_TREE_MANIFEST.json:372; results/rbsr_final_rerun_holdout_v1/classical/classical_confirmation_test_summary.json:74; results/rbsr_final_rerun_holdout_v1/lamm/seed20260609/protocol_audit.json:46; results/rbsr_final_rerun_holdout_v1/lamm/seed20260609/run_provenance.json:82; results/rbsr_final_rerun_holdout_v1/posthoc_subunit_analysis_v1/POSTHOC_SUBUNIT_ANALYSIS_PROTOCOL_FREEZE.json:163; results/rbsr_final_rerun_holdout_v1/posthoc_subunit_analysis_v1/figures/FIGURE_EVIDENCE.json:13; results/rbsr_final_rerun_holdout_v1/posthoc_subunit_analysis_v1/figures/case_05_largest_rbsr_gain_over_ridge.png.sha256.json:4; results/rbsr_final_rerun_holdout_v1/protocol/FINAL_RERUN_HOLDOUT_POLICY_FREEZE.json:65; results/rbsr_final_rerun_holdout_v1/protocol/final_rerun_holdout_split_manifest.json.sha256.json:4; results/rbsr_final_rerun_holdout_v1/protocol/final_rerun_holdout_train_pairs.json:4068; results/rbsr_final_rerun_holdout_v1/rbsr/seed20260609/base/neural_field_metadata_cvae_ew0p1_lw0.json:130
1041,0,0,"first-order membrane energy, which minimises stretching and yields a C^0 surface",17,.github/workflows/ci.yml:19; .github/workflows/ci.yml:60; CITATION.cff:1; CITATION.cff:10; data/DATASET_DONE.json:11; data/DATASET_DONE.json:19; data/DATASET_DONE.json:25; data/DATASET_DONE.json:27; data/DATASET_DONE.json:41; data/DATASET_DONE.json:49; data/DATASET_DONE.json:51; data/DATASET_DONE.json:59; data/DATASET_DONE.json:65; data/DATASET_DONE.json:83; data/DATASET_DONE.json:91; data/DATASET_DONE.json:97; data/DATASET_DONE.json:105
1043,1,1,"thin-plate energy, which minimises bending and yields a smoother C^1",18,README.md:66; README.md:67; README.md:92; README.md:118; README.md:121; README.md:143; README.md:167; README.md:168; configs/reproduction.example.toml:11; data/DATASET_DONE.json:9; data/DATASET_DONE.json:11; data/DATASET_DONE.json:12; data/DATASET_DONE.json:19; data/DATASET_DONE.json:25; data/DATASET_DONE.json:27; data/DATASET_DONE.json:35; data/DATASET_DONE.json:49; data/DATASET_DONE.json:51
1044,008,008,surface . Rhinoform includes both first- and second-order,14,data/DATASET_DONE.json:3385; data/DATASET_DONE.json:5201; data/DATASET_DONE.json:5897; data/DATASET_DONE.json:6051; data/DATASET_DONE.json:6507; data/manifest.json:3815; data/manifest.json:5858; data/manifest.json:6641; splits/facescape_847/split_manifest.json:12309; splits/facescape_847/split_manifest.json:13989; splits/facescape_847/split_manifest.json:16959; splits/facescape_847/split_manifest.json:21084; splits/facescape_847/split_manifest.json:21175; splits/facescape_847/split_manifest.json:22030
1052,007,007,As-Rigid-As-Possible (ARAP) editing takes a nonlinear,10,data/DATASET_DONE.json:3689; data/DATASET_DONE.json:4937; data/DATASET_DONE.json:4945; data/DATASET_DONE.json:5419; data/manifest.json:4157; data/manifest.json:5561; data/manifest.json:5570; results/rbsr_final_rerun_holdout_v1/RESULT_TREE_MANIFEST.json:42; splits/facescape_847/split_manifest.json:19990; splits/facescape_847/split_manifest.json:21324
1059,005,005,through closed-form smoothness . In this chapter RBF is kept,12,data/DATASET_DONE.json:3859; data/DATASET_DONE.json:4681; data/DATASET_DONE.json:4875; data/DATASET_DONE.json:5129; data/manifest.json:5273; data/manifest.json:5777; splits/facescape_847/split_manifest.json:15819; splits/facescape_847/split_manifest.json:17065; splits/facescape_847/split_manifest.json:18970; splits/facescape_847/split_manifest.json:20214; splits/facescape_847/split_manifest.json:22731; splits/facescape_847/split_manifest.json:23360
1066,0.52,0.52,subfigure[b]0.52,1,demo/public/bundle/certified_presets.json:1
1068,1,1,"Laplacian editing: ROI + anchors, handle, result (original Fig. 1).",18,README.md:66; README.md:67; README.md:92; README.md:118; README.md:121; README.md:143; README.md:167; README.md:168; configs/reproduction.example.toml:11; data/DATASET_DONE.json:9; data/DATASET_DONE.json:11; data/DATASET_DONE.json:12; data/DATASET_DONE.json:19; data/DATASET_DONE.json:25; data/DATASET_DONE.json:27; data/DATASET_DONE.json:35; data/DATASET_DONE.json:49; data/DATASET_DONE.json:51
1071,0.44,0.44,subfigure[b]0.44,1,demo/public/bundle/certified_presets.json:1
1073,0,0,Membrane (C^0) vs.\ thin-plate (C^1) energy (original Fig. 1).,17,.github/workflows/ci.yml:19; .github/workflows/ci.yml:60; CITATION.cff:1; CITATION.cff:10; data/DATASET_DONE.json:11; data/DATASET_DONE.json:19; data/DATASET_DONE.json:25; data/DATASET_DONE.json:27; data/DATASET_DONE.json:41; data/DATASET_DONE.json:49; data/DATASET_DONE.json:51; data/DATASET_DONE.json:59; data/DATASET_DONE.json:65; data/DATASET_DONE.json:83; data/DATASET_DONE.json:91; data/DATASET_DONE.json:97; data/DATASET_DONE.json:105
1073,1,1,Membrane (C^0) vs.\ thin-plate (C^1) energy (original Fig. 1).,18,README.md:66; README.md:67; README.md:92; README.md:118; README.md:121; README.md:143; README.md:167; README.md:168; configs/reproduction.example.toml:11; data/DATASET_DONE.json:9; data/DATASET_DONE.json:11; data/DATASET_DONE.json:12; data/DATASET_DONE.json:19; data/DATASET_DONE.json:25; data/DATASET_DONE.json:27; data/DATASET_DONE.json:35; data/DATASET_DONE.json:49; data/DATASET_DONE.json:51
1073,1,1,Membrane (C^0) vs.\ thin-plate (C^1) energy (original Fig. 1).,18,README.md:66; README.md:67; README.md:92; README.md:118; README.md:121; README.md:143; README.md:167; README.md:168; configs/reproduction.example.toml:11; data/DATASET_DONE.json:9; data/DATASET_DONE.json:11; data/DATASET_DONE.json:12; data/DATASET_DONE.json:19; data/DATASET_DONE.json:25; data/DATASET_DONE.json:27; data/DATASET_DONE.json:35; data/DATASET_DONE.json:49; data/DATASET_DONE.json:51
1081,2004,2004,"from Sorkine et al., SGP 2004 , 2004 The",5,results/rbsr_final_rerun_holdout_v1/posthoc_subunit_analysis_v1/personalization/pair_metrics_all_variants.csv:2006; results/rbsr_final_rerun_holdout_v1/posthoc_subunit_analysis_v1/personalization/pair_metrics_all_variants.csv:6836; results/rbsr_final_rerun_holdout_v1/posthoc_subunit_analysis_v1/personalization/pair_metrics_all_variants.csv:11666; results/rbsr_final_rerun_holdout_v1/posthoc_subunit_analysis_v1/personalization/pair_metrics_all_variants.csv:16496; roi/subunits.json:759
1081,004,004,"from Sorkine et al., SGP 2004 , 2004 The",20,data/DATASET_DONE.json:1067; data/DATASET_DONE.json:1819; data/DATASET_DONE.json:3315; demo/public/bundle/manifest.json:40; reproducibility/source_snapshots/posthoc_subunits_v1/source/scripts/evaluation/posthoc_preflight.py:47; results/rbsr_final_rerun_holdout_v1/ALL_MODELS_FROZEN_BEFORE_TEST.json:28; results/rbsr_final_rerun_holdout_v1/CLASSICAL_TEST_ACCESS_RECEIPT.json:7; results/rbsr_final_rerun_holdout_v1/FINAL_RESULT_FREEZE_AUDIT.json:73; results/rbsr_final_rerun_holdout_v1/LAMM_TEST_ACCESS_RECEIPT.json:12; results/rbsr_final_rerun_holdout_v1/RESULT_TREE_MANIFEST.json:372; results/rbsr_final_rerun_holdout_v1/classical/classical_confirmation_test_summary.json:74; results/rbsr_final_rerun_holdout_v1/lamm/seed20260609/protocol_audit.json:46; results/rbsr_final_rerun_holdout_v1/lamm/seed20260609/run_provenance.json:82; results/rbsr_final_rerun_holdout_v1/posthoc_subunit_analysis_v1/POSTHOC_SUBUNIT_ANALYSIS_PROTOCOL_FREEZE.json:163; results/rbsr_final_rerun_holdout_v1/posthoc_subunit_analysis_v1/figures/FIGURE_EVIDENCE.json:13; results/rbsr_final_rerun_holdout_v1/posthoc_subunit_analysis_v1/figures/case_05_largest_rbsr_gain_over_ridge.png.sha256.json:4; results/rbsr_final_rerun_holdout_v1/protocol/FINAL_RERUN_HOLDOUT_POLICY_FREEZE.json:65; results/rbsr_final_rerun_holdout_v1/protocol/final_rerun_holdout_split_manifest.json.sha256.json:4; results/rbsr_final_rerun_holdout_v1/protocol/final_rerun_holdout_train_pairs.json:4068; results/rbsr_final_rerun_holdout_v1/rbsr/seed20260609/base/neural_field_metadata_cvae_ew0p1_lw0.json:130
1081,2004,2004,"from Sorkine et al., SGP 2004 , 2004 The",5,results/rbsr_final_rerun_holdout_v1/posthoc_subunit_analysis_v1/personalization/pair_metrics_all_variants.csv:2006; results/rbsr_final_rerun_holdout_v1/posthoc_subunit_analysis_v1/personalization/pair_metrics_all_variants.csv:6836; results/rbsr_final_rerun_holdout_v1/posthoc_subunit_analysis_v1/personalization/pair_metrics_all_variants.csv:11666; results/rbsr_final_rerun_holdout_v1/posthoc_subunit_analysis_v1/personalization/pair_metrics_all_variants.csv:16496; roi/subunits.json:759
1082,2008,2008,"Eurographics Association; panel (b) 2008 IEEE, reprinted with",5,results/rbsr_final_rerun_holdout_v1/posthoc_subunit_analysis_v1/personalization/pair_metrics_all_variants.csv:2010; results/rbsr_final_rerun_holdout_v1/posthoc_subunit_analysis_v1/personalization/pair_metrics_all_variants.csv:6840; results/rbsr_final_rerun_holdout_v1/posthoc_subunit_analysis_v1/personalization/pair_metrics_all_variants.csv:11670; results/rbsr_final_rerun_holdout_v1/posthoc_subunit_analysis_v1/personalization/pair_metrics_all_variants.csv:16500; roi/subunits.json:763
1083,2008,2008,"permission from Botsch \ Sorkine, IEEE TVCG 2008 .",5,results/rbsr_final_rerun_holdout_v1/posthoc_subunit_analysis_v1/personalization/pair_metrics_all_variants.csv:2010; results/rbsr_final_rerun_holdout_v1/posthoc_subunit_analysis_v1/personalization/pair_metrics_all_variants.csv:6840; results/rbsr_final_rerun_holdout_v1/posthoc_subunit_analysis_v1/personalization/pair_metrics_all_variants.csv:11670; results/rbsr_final_rerun_holdout_v1/posthoc_subunit_analysis_v1/personalization/pair_metrics_all_variants.csv:16500; roi/subunits.json:763
1083,008,008,"permission from Botsch \ Sorkine, IEEE TVCG 2008 .",14,data/DATASET_DONE.json:3385; data/DATASET_DONE.json:5201; data/DATASET_DONE.json:5897; data/DATASET_DONE.json:6051; data/DATASET_DONE.json:6507; data/manifest.json:3815; data/manifest.json:5858; data/manifest.json:6641; splits/facescape_847/split_manifest.json:12309; splits/facescape_847/split_manifest.json:13989; splits/facescape_847/split_manifest.json:16959; splits/facescape_847/split_manifest.json:21084; splits/facescape_847/split_manifest.json:21175; splits/facescape_847/split_manifest.json:22030
1089,0.62,0.62,figures/classic/arap_deformation.pdf,0,
1095,2007,2007,"from Sorkine \ Alexa, SGP 2007 , 2007 The",5,results/rbsr_final_rerun_holdout_v1/posthoc_subunit_analysis_v1/personalization/pair_metrics_all_variants.csv:2009; results/rbsr_final_rerun_holdout_v1/posthoc_subunit_analysis_v1/personalization/pair_metrics_all_variants.csv:6839; results/rbsr_final_rerun_holdout_v1/posthoc_subunit_analysis_v1/personalization/pair_metrics_all_variants.csv:11669; results/rbsr_final_rerun_holdout_v1/posthoc_subunit_analysis_v1/personalization/pair_metrics_all_variants.csv:16499; roi/subunits.json:762
1095,007,007,"from Sorkine \ Alexa, SGP 2007 , 2007 The",10,data/DATASET_DONE.json:3689; data/DATASET_DONE.json:4937; data/DATASET_DONE.json:4945; data/DATASET_DONE.json:5419; data/manifest.json:4157; data/manifest.json:5561; data/manifest.json:5570; results/rbsr_final_rerun_holdout_v1/RESULT_TREE_MANIFEST.json:42; splits/facescape_847/split_manifest.json:19990; splits/facescape_847/split_manifest.json:21324
1095,2007,2007,"from Sorkine \ Alexa, SGP 2007 , 2007 The",5,results/rbsr_final_rerun_holdout_v1/posthoc_subunit_analysis_v1/personalization/pair_metrics_all_variants.csv:2009; results/rbsr_final_rerun_holdout_v1/posthoc_subunit_analysis_v1/personalization/pair_metrics_all_variants.csv:6839; results/rbsr_final_rerun_holdout_v1/posthoc_subunit_analysis_v1/personalization/pair_metrics_all_variants.csv:11669; results/rbsr_final_rerun_holdout_v1/posthoc_subunit_analysis_v1/personalization/pair_metrics_all_variants.csv:16499; roi/subunits.json:762
1116,014,014,The variational autoencoder (VAE) learns a latent generative,9,data/DATASET_DONE.json:1787; data/DATASET_DONE.json:2737; data/DATASET_DONE.json:3187; data/manifest.json:3086; reproducibility/source_snapshots/posthoc_subunits_v1/SOURCE_MANIFEST.json:16; results/rbsr_final_rerun_holdout_v1/posthoc_subunit_analysis_v1/POSTHOC_SUBUNIT_ANALYSIS_PROTOCOL_FREEZE.json:18; splits/facescape_847/split_manifest.json:13179; splits/facescape_847/split_manifest.json:13180; splits/facescape_847/split_manifest.json:15805
1119,015,015,lower bound. Its conditional variant (CVAE) conditions both,9,data/DATASET_DONE.json:4835; data/DATASET_DONE.json:5209; data/DATASET_DONE.json:5545; data/DATASET_DONE.json:6243; data/manifest.json:5867; data/manifest.json:6245; results/rbsr_final_rerun_holdout_v1/RESULT_TREE_MANIFEST.json:487; splits/facescape_847/split_manifest.json:18895; splits/facescape_847/split_manifest.json:21535
1130,018,018,CoMA show that nonlinear mesh models can represent full-face,12,data/DATASET_DONE.json:2081; data/DATASET_DONE.json:4699; data/manifest.json:2348; results/rbsr_final_rerun_holdout_v1/FINAL_CONFIRMATION_EVIDENCE.json:80; results/rbsr_final_rerun_holdout_v1/RESULT_TREE_MANIFEST.json:557; results/rbsr_final_rerun_holdout_v1/posthoc_subunit_analysis_v1/qualitative/QUALITATIVE_CASE_SELECTION_FREEZE.json:106; results/rbsr_final_rerun_holdout_v1/rbsr/seed20260609/one_shot_test/projection_diagnostics_test.csv.sha256.json:4; results/rbsr_final_rerun_holdout_v1/rbsr/seed20260609/one_shot_test/rbsr_evaluation_test.json:95; splits/facescape_847/split_manifest.json:13134; splits/facescape_847/split_manifest.json:13314; splits/facescape_847/split_manifest.json:18640; splits/facescape_847/split_manifest.json:22995
1135,0.66,0.66,figures/classic/cvae_architecture.pdf,0,
1139,2015,2015,NeurIPS 2015 (see also Kingma \,5,results/rbsr_final_rerun_holdout_v1/posthoc_subunit_analysis_v1/personalization/pair_metrics_all_variants.csv:2017; results/rbsr_final_rerun_holdout_v1/posthoc_subunit_analysis_v1/personalization/pair_metrics_all_variants.csv:6847; results/rbsr_final_rerun_holdout_v1/posthoc_subunit_analysis_v1/personalization/pair_metrics_all_variants.csv:11677; results/rbsr_final_rerun_holdout_v1/posthoc_subunit_analysis_v1/personalization/pair_metrics_all_variants.csv:16507; roi/subunits.json:770
1139,015,015,NeurIPS 2015 (see also Kingma \,9,data/DATASET_DONE.json:4835; data/DATASET_DONE.json:5209; data/DATASET_DONE.json:5545; data/DATASET_DONE.json:6243; data/manifest.json:5867; data/manifest.json:6245; results/rbsr_final_rerun_holdout_v1/RESULT_TREE_MANIFEST.json:487; splits/facescape_847/split_manifest.json:18895; splits/facescape_847/split_manifest.json:21535
1140,014,014,"Welling ). The encoder q_ (z ,y)",9,data/DATASET_DONE.json:1787; data/DATASET_DONE.json:2737; data/DATASET_DONE.json:3187; data/manifest.json:3086; reproducibility/source_snapshots/posthoc_subunits_v1/SOURCE_MANIFEST.json:16; results/rbsr_final_rerun_holdout_v1/posthoc_subunit_analysis_v1/POSTHOC_SUBUNIT_ANALYSIS_PROTOCOL_FREEZE.json:18; splits/facescape_847/split_manifest.json:13179; splits/facescape_847/split_manifest.json:13180; splits/facescape_847/split_manifest.json:15805
1166,3,3,Localized morphable models and 3DMM editing,18,CITATION.cff:14; README.md:5; README.md:8; README.md:55; README.md:78; README.md:94; README.md:184; data/DATASET_DONE.json:9; data/DATASET_DONE.json:25; data/DATASET_DONE.json:27; data/DATASET_DONE.json:28; data/DATASET_DONE.json:33; data/DATASET_DONE.json:35; data/DATASET_DONE.json:59; data/DATASET_DONE.json:65; data/DATASET_DONE.json:73; data/DATASET_DONE.json:75; data/DATASET_DONE.json:81
1170,3,3,this project; it has driven a dedicated research line on localized 3DMM,18,CITATION.cff:14; README.md:5; README.md:8; README.md:55; README.md:78; README.md:94; README.md:184; data/DATASET_DONE.json:9; data/DATASET_DONE.json:25; data/DATASET_DONE.json:27; data/DATASET_DONE.json:28; data/DATASET_DONE.json:33; data/DATASET_DONE.json:35; data/DATASET_DONE.json:59; data/DATASET_DONE.json:65; data/DATASET_DONE.json:73; data/DATASET_DONE.json:75; data/DATASET_DONE.json:81
1172,020,020,morphable-model research . Early solutions localise a,16,data/DATASET_DONE.json:3121; data/DATASET_DONE.json:6187; data/DATASET_DONE.json:6443; data/manifest.json:3518; reproducibility/source_snapshots/posthoc_subunits_v1/SOURCE_MANIFEST.json:52; results/rbsr_final_rerun_holdout_v1/lamm/seed20260609/protocol_audit.json:45; results/rbsr_final_rerun_holdout_v1/lamm/seed20260609/run_provenance.json:81; results/rbsr_final_rerun_holdout_v1/posthoc_subunit_analysis_v1/POSTHOC_SUBUNIT_ANALYSIS_PROTOCOL_FREEZE.json:24; results/supplemental_rbsr_lamm_dominance_search_v1/release_evidence/validation/lamm_validation_summary.json:22; splits/facescape_847/split_manifest.json:14244; splits/facescape_847/split_manifest.json:14844; splits/facescape_847/split_manifest.json:18969; splits/facescape_847/split_manifest.json:19374; splits/facescape_847/split_manifest.json:21430; splits/facescape_847/split_manifest.json:21910; splits/facescape_847/split_manifest.json:26885
1175,011,011,boundaries ; sparse localized deformation components,14,data/DATASET_DONE.json:555; data/DATASET_DONE.json:3715; data/DATASET_DONE.json:4345; data/DATASET_DONE.json:5721; data/manifest.json:4895; data/manifest.json:6443; results/rbsr_final_rerun_holdout_v1/RESULT_TREE_MANIFEST.json:167; results/rbsr_final_rerun_holdout_v1/RESULT_TREE_MANIFEST.json:287; splits/facescape_847/split_manifest.json:10870; splits/facescape_847/split_manifest.json:11274; splits/facescape_847/split_manifest.json:14574; splits/facescape_847/split_manifest.json:16795; splits/facescape_847/split_manifest.json:21234; splits/facescape_847/split_manifest.json:26882
1177,013,013,component moves one coherent surface patch ; and,17,data/DATASET_DONE.json:2387; data/DATASET_DONE.json:2673; data/DATASET_DONE.json:4801; data/DATASET_DONE.json:5105; data/DATASET_DONE.json:5161; data/DATASET_DONE.json:6553; data/DATASET_DONE.json:6705; data/manifest.json:3014; data/manifest.json:5408; data/manifest.json:5750; data/manifest.json:5813; data/manifest.json:7379; data/manifest.json:7550; demo/public/bundle/manifest.json:361; splits/facescape_847/split_manifest.json:14305; splits/facescape_847/split_manifest.json:16794; splits/facescape_847/split_manifest.json:26884
1179,016,016,underlying bone structure . These works establish the,12,data/DATASET_DONE.json:2123; data/DATASET_DONE.json:2305; data/DATASET_DONE.json:3379; data/DATASET_DONE.json:5529; data/DATASET_DONE.json:5563; data/DATASET_DONE.json:5851; data/manifest.json:2600; data/manifest.json:6227; splits/facescape_847/split_manifest.json:13810; splits/facescape_847/split_manifest.json:16165; splits/facescape_847/split_manifest.json:20260; splits/facescape_847/split_manifest.json:20800
1185,019,019,"fixed mesh topology , and the Locally Adaptive",6,data/DATASET_DONE.json:2347; data/DATASET_DONE.json:4147; data/DATASET_DONE.json:4339; splits/facescape_847/split_manifest.json:14230; splits/facescape_847/split_manifest.json:17605; splits/facescape_847/split_manifest.json:17965
1190,024,024,another . LAMM demonstrates strong disentanglement of the,13,data/DATASET_DONE.json:569; data/DATASET_DONE.json:723; data/DATASET_DONE.json:3841; data/manifest.json:647; data/manifest.json:4328; splits/facescape_847/split_manifest.json:11185; splits/facescape_847/split_manifest.json:12909; splits/facescape_847/split_manifest.json:13149; splits/facescape_847/split_manifest.json:13764; splits/facescape_847/split_manifest.json:15414; splits/facescape_847/split_manifest.json:19044; splits/facescape_847/split_manifest.json:21699; tests/test_regional_analysis.py:11
1197,024,024,"preserving unedited geometry . Notably, its",13,data/DATASET_DONE.json:569; data/DATASET_DONE.json:723; data/DATASET_DONE.json:3841; data/manifest.json:647; data/manifest.json:4328; splits/facescape_847/split_manifest.json:11185; splits/facescape_847/split_manifest.json:12909; splits/facescape_847/split_manifest.json:13149; splits/facescape_847/split_manifest.json:13764; splits/facescape_847/split_manifest.json:15414; splits/facescape_847/split_manifest.json:19044; splits/facescape_847/split_manifest.json:21699; tests/test_regional_analysis.py:11
1205,023,023,"deformation field . ImHead scales this implicit,",13,data/DATASET_DONE.json:393; data/DATASET_DONE.json:619; data/DATASET_DONE.json:1371; data/DATASET_DONE.json:2081; data/DATASET_DONE.json:6363; data/manifest.json:449; data/manifest.json:2348; splits/facescape_847/split_manifest.json:10119; splits/facescape_847/split_manifest.json:10990; splits/facescape_847/split_manifest.json:12400; splits/facescape_847/split_manifest.json:13419; splits/facescape_847/split_manifest.json:21760; splits/facescape_847/split_manifest.json:26888
1206,4,4,"localized programme to a corpus of roughly 4,000 identities and introduces a",14,README.md:98; data/DATASET_DONE.json:11; data/DATASET_DONE.json:19; data/DATASET_DONE.json:35; data/DATASET_DONE.json:36; data/DATASET_DONE.json:41; data/DATASET_DONE.json:43; data/DATASET_DONE.json:57; data/DATASET_DONE.json:59; data/DATASET_DONE.json:81; data/DATASET_DONE.json:89; data/DATASET_DONE.json:91; data/DATASET_DONE.json:97; data/DATASET_DONE.json:105
1206,000,000,"localized programme to a corpus of roughly 4,000 identities and introduces a",7,data/DATASET_DONE.json:2275; data/DATASET_DONE.json:6083; splits/facescape_847/split_manifest.json:14095; splits/facescape_847/split_manifest.json:18999; splits/facescape_847/split_manifest.json:21235; splits/facescape_847/split_manifest.json:26877; tools/audit_public_release.py:11
1209,025,025,nose-region manipulation . Together these works show,6,data/DATASET_DONE.json:2529; data/DATASET_DONE.json:6529; data/manifest.json:2852; data/manifest.json:7352; splits/facescape_847/split_manifest.json:10509; splits/facescape_847/split_manifest.json:12879
1220,9,9,"identical strict scorer on all 9\,900 held-out pairs",16,data/DATASET_DONE.json:9; data/DATASET_DONE.json:19; data/DATASET_DONE.json:35; data/DATASET_DONE.json:41; data/DATASET_DONE.json:49; data/DATASET_DONE.json:57; data/DATASET_DONE.json:76; data/DATASET_DONE.json:83; data/DATASET_DONE.json:97; data/DATASET_DONE.json:105; data/DATASET_DONE.json:121; data/DATASET_DONE.json:137; data/DATASET_DONE.json:139; data/DATASET_DONE.json:163; data/DATASET_DONE.json:169; data/DATASET_DONE.json:179
1220,900,900,"identical strict scorer on all 9\,900 held-out pairs",20,data/DATASET_DONE.json:2763; reproducibility/source_snapshots/supplemental_dominance_v1/SOURCE_MANIFEST.json:37; reproducibility/source_snapshots/supplemental_dominance_v1/SOURCE_MANIFEST.json:90; results/rbsr_final_rerun_holdout_v1/lamm/seed20260609/ae_history.json:213; results/rbsr_final_rerun_holdout_v1/lamm/seed20260609/manipulation_history.json:249; results/rbsr_final_rerun_holdout_v1/posthoc_subunit_analysis_v1/noise/STRICT_NOISE_ROBUSTNESS_EVIDENCE.json:31; results/rbsr_final_rerun_holdout_v1/posthoc_subunit_analysis_v1/noise/STRICT_NOISE_ROBUSTNESS_EVIDENCE.json:37; results/rbsr_final_rerun_holdout_v1/posthoc_subunit_analysis_v1/noise/STRICT_NOISE_ZERO_BASELINE_REPLAY_ERRATUM.json:20; results/rbsr_final_rerun_holdout_v1/posthoc_subunit_analysis_v1/noise/noise_pair_metrics_seed_averaged.csv.sha256.json:4; results/rbsr_final_rerun_holdout_v1/posthoc_subunit_analysis_v1/personalization/pair_metrics_all_variants.csv:902; results/rbsr_final_rerun_holdout_v1/posthoc_subunit_analysis_v1/personalization/pair_metrics_all_variants.csv:5732; results/rbsr_final_rerun_holdout_v1/posthoc_subunit_analysis_v1/personalization/pair_metrics_all_variants.csv:10562; results/rbsr_final_rerun_holdout_v1/posthoc_subunit_analysis_v1/personalization/pair_metrics_all_variants.csv:15392; results/supplemental_rbsr_lamm_dominance_search_v1/release_evidence/protocol/RBSR_LAMM_DOMINANCE_SEARCH_PROTOCOL_FREEZE.json:25; roi/subunits.json:4836; splits/facescape_847/split_manifest.json:13554; splits/facescape_847/split_manifest.json:13929; splits/facescape_847/split_manifest.json:15010; splits/facescape_847/split_manifest.json:15909; splits/facescape_847/split_manifest.json:22149
1251,013,013,guarantees no element inverts ; scalable variants,17,data/DATASET_DONE.json:2387; data/DATASET_DONE.json:2673; data/DATASET_DONE.json:4801; data/DATASET_DONE.json:5105; data/DATASET_DONE.json:5161; data/DATASET_DONE.json:6553; data/DATASET_DONE.json:6705; data/manifest.json:3014; data/manifest.json:5408; data/manifest.json:5750; data/manifest.json:5813; data/manifest.json:7379; data/manifest.json:7550; demo/public/bundle/manifest.json:361; splits/facescape_847/split_manifest.json:14305; splits/facescape_847/split_manifest.json:16794; splits/facescape_847/split_manifest.json:26884
1252,016,016,construct provably inversion-free simplicial maps ;,12,data/DATASET_DONE.json:2123; data/DATASET_DONE.json:2305; data/DATASET_DONE.json:3379; data/DATASET_DONE.json:5529; data/DATASET_DONE.json:5563; data/DATASET_DONE.json:5851; data/manifest.json:2600; data/manifest.json:6227; splits/facescape_847/split_manifest.json:13810; splits/facescape_847/split_manifest.json:16165; splits/facescape_847/split_manifest.json:20260; splits/facescape_847/split_manifest.json:20800
1254,017,017,"meshes with robust reweighting . On the learned side,",9,data/DATASET_DONE.json:75; data/DATASET_DONE.json:587; data/DATASET_DONE.json:4369; data/DATASET_DONE.json:6083; data/manifest.json:4922; splits/facescape_847/split_manifest.json:9970; splits/facescape_847/split_manifest.json:10930; splits/facescape_847/split_manifest.json:17814; splits/facescape_847/split_manifest.json:21235
1257,022,022,learned field . These works establish that,9,data/DATASET_DONE.json:2641; data/DATASET_DONE.json:3035; data/DATASET_DONE.json:3273; data/manifest.json:2978; data/manifest.json:3689; splits/facescape_847/split_manifest.json:14919; splits/facescape_847/split_manifest.json:15520; splits/facescape_847/split_manifest.json:19269; splits/facescape_847/split_manifest.json:26887
1276,3,3,Existing 3D aesthetic preview tools already establish the applied space. The,18,CITATION.cff:14; README.md:5; README.md:8; README.md:55; README.md:78; README.md:94; README.md:184; data/DATASET_DONE.json:9; data/DATASET_DONE.json:25; data/DATASET_DONE.json:27; data/DATASET_DONE.json:28; data/DATASET_DONE.json:33; data/DATASET_DONE.json:35; data/DATASET_DONE.json:59; data/DATASET_DONE.json:65; data/DATASET_DONE.json:73; data/DATASET_DONE.json:75; data/DATASET_DONE.json:81
1282,2,2,"Mechanistically, 2D photo morphing is accessible and visually persuasive",16,README.md:4; README.md:93; data/DATASET_DONE.json:9; data/DATASET_DONE.json:11; data/DATASET_DONE.json:19; data/DATASET_DONE.json:20; data/DATASET_DONE.json:25; data/DATASET_DONE.json:35; data/DATASET_DONE.json:41; data/DATASET_DONE.json:49; data/DATASET_DONE.json:57; data/DATASET_DONE.json:59; data/DATASET_DONE.json:65; data/DATASET_DONE.json:83; data/DATASET_DONE.json:107; data/DATASET_DONE.json:113
1283,3,3,but lacks a registered 3D surface and cannot expose local mesh regularity.,18,CITATION.cff:14; README.md:5; README.md:8; README.md:55; README.md:78; README.md:94; README.md:184; data/DATASET_DONE.json:9; data/DATASET_DONE.json:25; data/DATASET_DONE.json:27; data/DATASET_DONE.json:28; data/DATASET_DONE.json:33; data/DATASET_DONE.json:35; data/DATASET_DONE.json:59; data/DATASET_DONE.json:65; data/DATASET_DONE.json:73; data/DATASET_DONE.json:75; data/DATASET_DONE.json:81
1284,3,3,Manual 3D sculpting and slider-based morphing can support consultation but,18,CITATION.cff:14; README.md:5; README.md:8; README.md:55; README.md:78; README.md:94; README.md:184; data/DATASET_DONE.json:9; data/DATASET_DONE.json:25; data/DATASET_DONE.json:27; data/DATASET_DONE.json:28; data/DATASET_DONE.json:33; data/DATASET_DONE.json:35; data/DATASET_DONE.json:59; data/DATASET_DONE.json:65; data/DATASET_DONE.json:73; data/DATASET_DONE.json:75; data/DATASET_DONE.json:81
1292,3,3,"sparse-control geometry, but they are data-agnostic. 3DMM/PCA statistical",18,CITATION.cff:14; README.md:5; README.md:8; README.md:55; README.md:78; README.md:94; README.md:184; data/DATASET_DONE.json:9; data/DATASET_DONE.json:25; data/DATASET_DONE.json:27; data/DATASET_DONE.json:28; data/DATASET_DONE.json:33; data/DATASET_DONE.json:35; data/DATASET_DONE.json:59; data/DATASET_DONE.json:65; data/DATASET_DONE.json:73; data/DATASET_DONE.json:75; data/DATASET_DONE.json:81
1295,2,2,"geometric than 2D morphing, more transparent than black-box simulators, lighter",16,README.md:4; README.md:93; data/DATASET_DONE.json:9; data/DATASET_DONE.json:11; data/DATASET_DONE.json:19; data/DATASET_DONE.json:20; data/DATASET_DONE.json:25; data/DATASET_DONE.json:35; data/DATASET_DONE.json:41; data/DATASET_DONE.json:49; data/DATASET_DONE.json:57; data/DATASET_DONE.json:59; data/DATASET_DONE.json:65; data/DATASET_DONE.json:83; data/DATASET_DONE.json:107; data/DATASET_DONE.json:113
1300,3,3,"3dMDvultus and LifeViz, establish 3D consultation, measurement and monitoring as",18,CITATION.cff:14; README.md:5; README.md:8; README.md:55; README.md:78; README.md:94; README.md:184; data/DATASET_DONE.json:9; data/DATASET_DONE.json:25; data/DATASET_DONE.json:27; data/DATASET_DONE.json:28; data/DATASET_DONE.json:33; data/DATASET_DONE.json:35; data/DATASET_DONE.json:59; data/DATASET_DONE.json:65; data/DATASET_DONE.json:73; data/DATASET_DONE.json:75; data/DATASET_DONE.json:81
1300,3,3,"3dMDvultus and LifeViz, establish 3D consultation, measurement and monitoring as",18,CITATION.cff:14; README.md:5; README.md:8; README.md:55; README.md:78; README.md:94; README.md:184; data/DATASET_DONE.json:9; data/DATASET_DONE.json:25; data/DATASET_DONE.json:27; data/DATASET_DONE.json:28; data/DATASET_DONE.json:33; data/DATASET_DONE.json:35; data/DATASET_DONE.json:59; data/DATASET_DONE.json:65; data/DATASET_DONE.json:73; data/DATASET_DONE.json:75; data/DATASET_DONE.json:81
1309,3,3,Rhinoplasty uses a web workflow for 3D preoperative evaluation with extensive,18,CITATION.cff:14; README.md:5; README.md:8; README.md:55; README.md:78; README.md:94; README.md:184; data/DATASET_DONE.json:9; data/DATASET_DONE.json:25; data/DATASET_DONE.json:27; data/DATASET_DONE.json:28; data/DATASET_DONE.json:33; data/DATASET_DONE.json:35; data/DATASET_DONE.json:59; data/DATASET_DONE.json:65; data/DATASET_DONE.json:73; data/DATASET_DONE.json:75; data/DATASET_DONE.json:81
1311,020,020,feedback . RhinOnBlender offers a free 3D rhinoplasty planning,16,data/DATASET_DONE.json:3121; data/DATASET_DONE.json:6187; data/DATASET_DONE.json:6443; data/manifest.json:3518; reproducibility/source_snapshots/posthoc_subunits_v1/SOURCE_MANIFEST.json:52; results/rbsr_final_rerun_holdout_v1/lamm/seed20260609/protocol_audit.json:45; results/rbsr_final_rerun_holdout_v1/lamm/seed20260609/run_provenance.json:81; results/rbsr_final_rerun_holdout_v1/posthoc_subunit_analysis_v1/POSTHOC_SUBUNIT_ANALYSIS_PROTOCOL_FREEZE.json:24; results/supplemental_rbsr_lamm_dominance_search_v1/release_evidence/validation/lamm_validation_summary.json:22; splits/facescape_847/split_manifest.json:14244; splits/facescape_847/split_manifest.json:14844; splits/facescape_847/split_manifest.json:18969; splits/facescape_847/split_manifest.json:19374; splits/facescape_847/split_manifest.json:21430; splits/facescape_847/split_manifest.json:21910; splits/facescape_847/split_manifest.json:26885
1311,3,3,feedback . RhinOnBlender offers a free 3D rhinoplasty planning,18,CITATION.cff:14; README.md:5; README.md:8; README.md:55; README.md:78; README.md:94; README.md:184; data/DATASET_DONE.json:9; data/DATASET_DONE.json:25; data/DATASET_DONE.json:27; data/DATASET_DONE.json:28; data/DATASET_DONE.json:33; data/DATASET_DONE.json:35; data/DATASET_DONE.json:59; data/DATASET_DONE.json:65; data/DATASET_DONE.json:73; data/DATASET_DONE.json:75; data/DATASET_DONE.json:81
1312,021,021,add-on in open-source software . The baselines used later also,19,data/DATASET_DONE.json:4721; data/manifest.json:5318; results/rbsr_final_rerun_holdout_v1/LAMM_TEST_ACCESS_RECEIPT.json:10; results/rbsr_final_rerun_holdout_v1/RESULT_TREE_MANIFEST.json:162; results/rbsr_final_rerun_holdout_v1/RESULT_TREE_MANIFEST.json:282; results/rbsr_final_rerun_holdout_v1/direct_paired_statistics/pair_metrics/identity_bootstrap_pair_metrics_lamm.csv.sha256.json:4; results/rbsr_final_rerun_holdout_v1/lamm/seed20260609/identity_bootstrap_pair_metrics_lamm.csv.sha256.json:4; results/rbsr_final_rerun_holdout_v1/lamm/seed20260609/lamm_test_summary.json:15; results/rbsr_final_rerun_holdout_v1/lamm/seed20260609/run_provenance.json:100; results/rbsr_final_rerun_holdout_v1/posthoc_subunit_analysis_v1/qualitative/QUALITATIVE_CASE_SELECTION_FREEZE.json:105; results/supplemental_rbsr_lamm_dominance_search_v1/release_evidence/RELEASE_MANIFEST.json:27; results/supplemental_rbsr_lamm_dominance_search_v1/release_evidence/analysis/RBSR_VS_LAMM_CORE_DOMINANCE_VERDICT.json:6; results/supplemental_rbsr_lamm_dominance_search_v1/release_evidence/analysis/rbsr_vs_lamm_core_paired_statistics.json:5; results/supplemental_rbsr_lamm_dominance_search_v1/release_evidence/frozen_lamm/lamm_test_summary.json:15; results/supplemental_rbsr_lamm_dominance_search_v1/release_evidence/pair_metrics/identity_bootstrap_pair_metrics_lamm.csv.sha256.json:4; results/supplemental_rbsr_lamm_dominance_search_v1/release_evidence/protocol/RBSR_LAMM_DOMINANCE_SEARCH_PROTOCOL_FREEZE.json:32; splits/facescape_847/split_manifest.json:19839; splits/facescape_847/split_manifest.json:21144; splits/facescape_847/split_manifest.json:26886
1317,010,010,CT . This is direct evidence that Laplacian-family handle,18,data/DATASET_DONE.json:353; data/DATASET_DONE.json:3099; data/DATASET_DONE.json:6345; data/DATASET_DONE.json:6609; data/manifest.json:404; data/manifest.json:7145; data/manifest.json:7442; reproducibility/source_snapshots/posthoc_subunits_v1/SOURCE_MANIFEST.json:46; reproducibility/source_snapshots/posthoc_subunits_v1/source/scripts/evaluation/posthoc_preflight.py:41; reproducibility/source_snapshots/supplemental_dominance_v1/SOURCE_MANIFEST.json:19; results/rbsr_final_rerun_holdout_v1/posthoc_subunit_analysis_v1/POSTHOC_SUBUNIT_ANALYSIS_PROTOCOL_FREEZE.json:23; results/rbsr_final_rerun_holdout_v1/posthoc_subunit_analysis_v1/figures/FIGURE_EVIDENCE.json:32; results/rbsr_final_rerun_holdout_v1/posthoc_subunit_analysis_v1/figures/spatial_diagnostics_hybrid.pdf.sha256.json:4; results/rbsr_final_rerun_holdout_v1/posthoc_subunit_analysis_v1/noise/STRICT_NOISE_ROBUSTNESS_PROTOCOL_FREEZE.json:36; results/supplemental_rbsr_lamm_dominance_search_v1/release_evidence/protocol/RBSR_CALIBRATION_EXACT_CONTROL_ERRATUM.json:25; scripts/evaluation/posthoc_preflight.py:41; splits/facescape_847/split_manifest.json:10404; splits/facescape_847/split_manifest.json:15640
1328,023,023,standardised manoeuvres . Landmark-driven generative,13,data/DATASET_DONE.json:393; data/DATASET_DONE.json:619; data/DATASET_DONE.json:1371; data/DATASET_DONE.json:2081; data/DATASET_DONE.json:6363; data/manifest.json:449; data/manifest.json:2348; splits/facescape_847/split_manifest.json:10119; splits/facescape_847/split_manifest.json:10990; splits/facescape_847/split_manifest.json:12400; splits/facescape_847/split_manifest.json:13419; splits/facescape_847/split_manifest.json:21760; splits/facescape_847/split_manifest.json:26888
1328,021,021,standardised manoeuvres . Landmark-driven generative,19,data/DATASET_DONE.json:4721; data/manifest.json:5318; results/rbsr_final_rerun_holdout_v1/LAMM_TEST_ACCESS_RECEIPT.json:10; results/rbsr_final_rerun_holdout_v1/RESULT_TREE_MANIFEST.json:162; results/rbsr_final_rerun_holdout_v1/RESULT_TREE_MANIFEST.json:282; results/rbsr_final_rerun_holdout_v1/direct_paired_statistics/pair_metrics/identity_bootstrap_pair_metrics_lamm.csv.sha256.json:4; results/rbsr_final_rerun_holdout_v1/lamm/seed20260609/identity_bootstrap_pair_metrics_lamm.csv.sha256.json:4; results/rbsr_final_rerun_holdout_v1/lamm/seed20260609/lamm_test_summary.json:15; results/rbsr_final_rerun_holdout_v1/lamm/seed20260609/run_provenance.json:100; results/rbsr_final_rerun_holdout_v1/posthoc_subunit_analysis_v1/qualitative/QUALITATIVE_CASE_SELECTION_FREEZE.json:105; results/supplemental_rbsr_lamm_dominance_search_v1/release_evidence/RELEASE_MANIFEST.json:27; results/supplemental_rbsr_lamm_dominance_search_v1/release_evidence/analysis/RBSR_VS_LAMM_CORE_DOMINANCE_VERDICT.json:6; results/supplemental_rbsr_lamm_dominance_search_v1/release_evidence/analysis/rbsr_vs_lamm_core_paired_statistics.json:5; results/supplemental_rbsr_lamm_dominance_search_v1/release_evidence/frozen_lamm/lamm_test_summary.json:15; results/supplemental_rbsr_lamm_dominance_search_v1/release_evidence/pair_metrics/identity_bootstrap_pair_metrics_lamm.csv.sha256.json:4; results/supplemental_rbsr_lamm_dominance_search_v1/release_evidence/protocol/RBSR_LAMM_DOMINANCE_SEARCH_PROTOCOL_FREEZE.json:32; splits/facescape_847/split_manifest.json:19839; splits/facescape_847/split_manifest.json:21144; splits/facescape_847/split_manifest.json:26886
1366,4,4,4pt,14,README.md:98; data/DATASET_DONE.json:11; data/DATASET_DONE.json:19; data/DATASET_DONE.json:35; data/DATASET_DONE.json:36; data/DATASET_DONE.json:41; data/DATASET_DONE.json:43; data/DATASET_DONE.json:57; data/DATASET_DONE.json:59; data/DATASET_DONE.json:81; data/DATASET_DONE.json:89; data/DATASET_DONE.json:91; data/DATASET_DONE.json:97; data/DATASET_DONE.json:105
1371,0.20,0.20,tabularp0.20 p0.34 p0.36,5,scripts/data_processing/check_roi.py:108; tests/test_rbsr_calibration.py:52; tests/test_rbsr_calibration.py:78; tests/test_rbsr_calibration.py:96; tests/test_rbsr_calibration.py:186
1371,0.34,0.34,tabularp0.20 p0.34 p0.36,3,demo/public/bundle/certified_presets.json:1; demo/src/components/Studio3D.jsx:157; results/rbsr_final_rerun_holdout_v1/posthoc_subunit_analysis_v1/paired_all_methods_vs_ridge.csv:66
1371,0.36,0.36,tabularp0.20 p0.34 p0.36,0,
1375,3,3,"Crisalix Photo-to-3D reconstruction, scenario morphing, VR/AR consultation, conversion uplift No public reproducible sparse-to-dense deformation benchmark or geometric-risk gate \\",18,CITATION.cff:14; README.md:5; README.md:8; README.md:55; README.md:78; README.md:94; README.md:184; data/DATASET_DONE.json:9; data/DATASET_DONE.json:25; data/DATASET_DONE.json:27; data/DATASET_DONE.json:28; data/DATASET_DONE.json:33; data/DATASET_DONE.json:35; data/DATASET_DONE.json:59; data/DATASET_DONE.json:65; data/DATASET_DONE.json:73; data/DATASET_DONE.json:75; data/DATASET_DONE.json:81
1376,0.5,0.5,"Canfield VECTRA XT Calibrated multi-camera capture; Sculptor volume editing; sub-0.5\,mm capture agreement Capture accuracy is not deformation-model accuracy on held-out identities \\",15,demo/README.md:14; demo/public/bundle/certified_presets.json:1; demo/public/bundle/manifest.json:43; demo/public/bundle/manifest.json:339; demo/public/bundle/ridge_browser.json:1; demo/src/components/Studio3D.jsx:25; demo/src/engine/certifiedLocal.js:417; demo/src/engine/geometry.js:118; demo/verify.mjs:225; demo/verify.mjs:439; docs/FINAL_EXPERIMENT_MAP.md:27; experiments/lamm/run_lamm_facescape.py:431; reproducibility/source_snapshots/final_holdout_v1/source/experiments/lamm/run_lamm_facescape.py:431; reproducibility/source_snapshots/final_holdout_v1/source/rhinoform/baselines.py:94; reproducibility/source_snapshots/final_holdout_v1/source/rhinoform/baselines.py:95
1377,3,3,"MirrorMe3D 3D-printed nasal models / surgical guides for theatre Physical planning artefact, not an interactive risk-aware preview \\",18,CITATION.cff:14; README.md:5; README.md:8; README.md:55; README.md:78; README.md:94; README.md:184; data/DATASET_DONE.json:9; data/DATASET_DONE.json:25; data/DATASET_DONE.json:27; data/DATASET_DONE.json:28; data/DATASET_DONE.json:33; data/DATASET_DONE.json:35; data/DATASET_DONE.json:59; data/DATASET_DONE.json:65; data/DATASET_DONE.json:73; data/DATASET_DONE.json:75; data/DATASET_DONE.json:81
1378,3,3,Generic 3D editors (Blender/ARAP) Free-form smooth handle deformation Data-agnostic; no identity-conditioned response or admission boundary \\,18,CITATION.cff:14; README.md:5; README.md:8; README.md:55; README.md:78; README.md:94; README.md:184; data/DATASET_DONE.json:9; data/DATASET_DONE.json:25; data/DATASET_DONE.json:27; data/DATASET_DONE.json:28; data/DATASET_DONE.json:33; data/DATASET_DONE.json:35; data/DATASET_DONE.json:59; data/DATASET_DONE.json:65; data/DATASET_DONE.json:73; data/DATASET_DONE.json:75; data/DATASET_DONE.json:81
1395,-3,-3,"---3DMM, its PCA shape space and FLAME---contribute a",13,CITATION.cff:12; THIRD_PARTY.md:3; THIRD_PARTY.md:10; THIRD_PARTY.md:12; demo/ASSET_NOTICE.md:3; demo/ASSET_NOTICE.md:14; demo/ASSET_NOTICE.md:15; demo/package-lock.json:777; demo/public/bundle/certified_presets.json:1; demo/public/bundle/ridge_browser.json:1; demo/src/components/Studio3D.jsx:59; demo/verify.mjs:213; demo/verify.mjs:313
1413,3,3,"for interactive 3D preview yet, as the systematic reviews note, are dominated by",18,CITATION.cff:14; README.md:5; README.md:8; README.md:55; README.md:78; README.md:94; README.md:184; data/DATASET_DONE.json:9; data/DATASET_DONE.json:25; data/DATASET_DONE.json:27; data/DATASET_DONE.json:28; data/DATASET_DONE.json:33; data/DATASET_DONE.json:35; data/DATASET_DONE.json:59; data/DATASET_DONE.json:65; data/DATASET_DONE.json:73; data/DATASET_DONE.json:75; data/DATASET_DONE.json:81
1441,4,4,4pt,14,README.md:98; data/DATASET_DONE.json:11; data/DATASET_DONE.json:19; data/DATASET_DONE.json:35; data/DATASET_DONE.json:36; data/DATASET_DONE.json:41; data/DATASET_DONE.json:43; data/DATASET_DONE.json:57; data/DATASET_DONE.json:59; data/DATASET_DONE.json:81; data/DATASET_DONE.json:89; data/DATASET_DONE.json:91; data/DATASET_DONE.json:97; data/DATASET_DONE.json:105
1447,0.24,0.24,tabularp0.24 p0.34 p0.34,0,
1447,0.34,0.34,tabularp0.24 p0.34 p0.34,3,demo/public/bundle/certified_presets.json:1; demo/src/components/Studio3D.jsx:157; results/rbsr_final_rerun_holdout_v1/posthoc_subunit_analysis_v1/paired_all_methods_vs_ridge.csv:66
1447,0.34,0.34,tabularp0.24 p0.34 p0.34,3,demo/public/bundle/certified_presets.json:1; demo/src/components/Studio3D.jsx:157; results/rbsr_final_rerun_holdout_v1/posthoc_subunit_analysis_v1/paired_all_methods_vs_ridge.csv:66
1451,3,3,"Statistical face models (3DMM, PCA, FLAME) Registered, data-aware shape space Edits are global, not local handle-driven control \\",18,CITATION.cff:14; README.md:5; README.md:8; README.md:55; README.md:78; README.md:94; README.md:184; data/DATASET_DONE.json:9; data/DATASET_DONE.json:25; data/DATASET_DONE.json:27; data/DATASET_DONE.json:28; data/DATASET_DONE.json:33; data/DATASET_DONE.json:35; data/DATASET_DONE.json:59; data/DATASET_DONE.json:65; data/DATASET_DONE.json:73; data/DATASET_DONE.json:75; data/DATASET_DONE.json:81
1454,3,3,"Localized neural 3DMM editing (LAMM, ShapeFusion, NPHM, ImHead) Region-controllable neural shape spaces; LAMM sets the measured accuracy frontier in this benchmark Accuracy bought with higher fold/strain incidence; implicit variants break index correspondence; no geometric risk gating \\",18,CITATION.cff:14; README.md:5; README.md:8; README.md:55; README.md:78; README.md:94; README.md:184; data/DATASET_DONE.json:9; data/DATASET_DONE.json:25; data/DATASET_DONE.json:27; data/DATASET_DONE.json:28; data/DATASET_DONE.json:33; data/DATASET_DONE.json:35; data/DATASET_DONE.json:59; data/DATASET_DONE.json:65; data/DATASET_DONE.json:73; data/DATASET_DONE.json:75; data/DATASET_DONE.json:81
1455,3,3,"Consultation \ commercial tools Evidence of real demand for 3D preview No reproducible, risk-instrumented deformation benchmark \\",18,CITATION.cff:14; README.md:5; README.md:8; README.md:55; README.md:78; README.md:94; README.md:184; data/DATASET_DONE.json:9; data/DATASET_DONE.json:25; data/DATASET_DONE.json:27; data/DATASET_DONE.json:28; data/DATASET_DONE.json:33; data/DATASET_DONE.json:35; data/DATASET_DONE.json:59; data/DATASET_DONE.json:65; data/DATASET_DONE.json:73; data/DATASET_DONE.json:75; data/DATASET_DONE.json:81
1482,27,27,"computed from the requested 27-dimensional edit and can retain, scale back or",19,data/DATASET_DONE.json:49; data/DATASET_DONE.json:65; data/DATASET_DONE.json:91; data/DATASET_DONE.json:145; data/DATASET_DONE.json:220; data/DATASET_DONE.json:241; data/DATASET_DONE.json:323; data/DATASET_DONE.json:531; data/DATASET_DONE.json:691; data/DATASET_DONE.json:787; data/DATASET_DONE.json:923; data/DATASET_DONE.json:1177; data/DATASET_DONE.json:1195; data/DATASET_DONE.json:1457; data/DATASET_DONE.json:1723; data/DATASET_DONE.json:1897; data/DATASET_DONE.json:1963; data/DATASET_DONE.json:2009; data/DATASET_DONE.json:2041
1484,95,95,"edge-strain p_95 describe the displayed mesh, while certificate status,",20,README.md:24; README.md:36; data/DATASET_DONE.json:107; data/DATASET_DONE.json:115; data/DATASET_DONE.json:177; data/DATASET_DONE.json:225; data/DATASET_DONE.json:273; data/DATASET_DONE.json:403; data/DATASET_DONE.json:545; data/DATASET_DONE.json:561; data/DATASET_DONE.json:601; data/DATASET_DONE.json:699; data/DATASET_DONE.json:713; data/DATASET_DONE.json:739; data/DATASET_DONE.json:755; data/DATASET_DONE.json:764; data/DATASET_DONE.json:923; data/DATASET_DONE.json:1043; data/DATASET_DONE.json:1065; data/DATASET_DONE.json:1297
1502,4,4,4pt,14,README.md:98; data/DATASET_DONE.json:11; data/DATASET_DONE.json:19; data/DATASET_DONE.json:35; data/DATASET_DONE.json:36; data/DATASET_DONE.json:41; data/DATASET_DONE.json:43; data/DATASET_DONE.json:57; data/DATASET_DONE.json:59; data/DATASET_DONE.json:81; data/DATASET_DONE.json:89; data/DATASET_DONE.json:91; data/DATASET_DONE.json:97; data/DATASET_DONE.json:105
1506,0.30,0.30,tabularp0.30 p0.62,4,demo/README.md:29; tests/test_rbsr_calibration.py:48; tests/test_rbsr_calibration.py:53; tests/test_rbsr_calibration.py:181
1506,0.62,0.62,tabularp0.30 p0.62,0,
1543,-07,-07,shows the corresponding benchmark-side per-vertex maps. The,10,demo/public/bundle/ridge_browser.json:1; results/rbsr_final_rerun_holdout_v1/lamm/seed20260609/manipulation_history.json:397; results/rbsr_final_rerun_holdout_v1/lamm/seed20260609/manipulation_history.json:404; results/rbsr_final_rerun_holdout_v1/posthoc_subunit_analysis_v1/noise/STRICT_NOISE_ZERO_BASELINE_REPLAY_AUDIT.json:13; results/rbsr_final_rerun_holdout_v1/posthoc_subunit_analysis_v1/noise/STRICT_NOISE_ZERO_BASELINE_REPLAY_AUDIT.json:19; results/rbsr_final_rerun_holdout_v1/posthoc_subunit_analysis_v1/paired_all_methods_vs_ridge.csv:67; results/rbsr_final_rerun_holdout_v1/posthoc_subunit_analysis_v1/personalization/PERSONALIZATION_CANONICAL_REPLAY_AUDIT.json:25; results/rbsr_final_rerun_holdout_v1/posthoc_subunit_analysis_v1/personalization/PERSONALIZATION_CANONICAL_REPLAY_TOLERANCE_ERRATUM.json:10; results/rbsr_final_rerun_holdout_v1/posthoc_subunit_analysis_v1/personalization/paired_secondary_personalization_geometry.csv:2; results/supplemental_rbsr_lamm_dominance_search_v1/release_evidence/protocol/RBSR_CALIBRATION_EXACT_CONTROL_ERRATUM.json:16
1583,27,27,"browser converts the six slider values to the 27-dimensional control vector,",19,data/DATASET_DONE.json:49; data/DATASET_DONE.json:65; data/DATASET_DONE.json:91; data/DATASET_DONE.json:145; data/DATASET_DONE.json:220; data/DATASET_DONE.json:241; data/DATASET_DONE.json:323; data/DATASET_DONE.json:531; data/DATASET_DONE.json:691; data/DATASET_DONE.json:787; data/DATASET_DONE.json:923; data/DATASET_DONE.json:1177; data/DATASET_DONE.json:1195; data/DATASET_DONE.json:1457; data/DATASET_DONE.json:1723; data/DATASET_DONE.json:1897; data/DATASET_DONE.json:1963; data/DATASET_DONE.json:2009; data/DATASET_DONE.json:2041
1647,27,27,entries of the 27-dimensional control vector,19,data/DATASET_DONE.json:49; data/DATASET_DONE.json:65; data/DATASET_DONE.json:91; data/DATASET_DONE.json:145; data/DATASET_DONE.json:220; data/DATASET_DONE.json:241; data/DATASET_DONE.json:323; data/DATASET_DONE.json:531; data/DATASET_DONE.json:691; data/DATASET_DONE.json:787; data/DATASET_DONE.json:923; data/DATASET_DONE.json:1177; data/DATASET_DONE.json:1195; data/DATASET_DONE.json:1457; data/DATASET_DONE.json:1723; data/DATASET_DONE.json:1897; data/DATASET_DONE.json:1963; data/DATASET_DONE.json:2009; data/DATASET_DONE.json:2041
1665,4,4,4pt,14,README.md:98; data/DATASET_DONE.json:11; data/DATASET_DONE.json:19; data/DATASET_DONE.json:35; data/DATASET_DONE.json:36; data/DATASET_DONE.json:41; data/DATASET_DONE.json:43; data/DATASET_DONE.json:57; data/DATASET_DONE.json:59; data/DATASET_DONE.json:81; data/DATASET_DONE.json:89; data/DATASET_DONE.json:91; data/DATASET_DONE.json:97; data/DATASET_DONE.json:105
1669,0.23,0.23,tabularp0.23 p0.26 p0.39,1,results/rbsr_final_rerun_holdout_v1/posthoc_subunit_analysis_v1/paired_all_methods_vs_ridge.csv:38
1669,0.26,0.26,tabularp0.23 p0.26 p0.39,1,demo/public/bundle/certified_presets.json:1
1669,0.39,0.39,tabularp0.23 p0.26 p0.39,3,demo/public/bundle/certified_presets.json:1; results/rbsr_final_rerun_holdout_v1/posthoc_subunit_analysis_v1/paired_all_methods_vs_ridge.csv:8; results/rbsr_final_rerun_holdout_v1/posthoc_subunit_analysis_v1/paired_all_methods_vs_ridge.csv:125
1671,27,27,Visible control Landmark entries affected Meaning in the 27-D control vector \\,19,data/DATASET_DONE.json:49; data/DATASET_DONE.json:65; data/DATASET_DONE.json:91; data/DATASET_DONE.json:145; data/DATASET_DONE.json:220; data/DATASET_DONE.json:241; data/DATASET_DONE.json:323; data/DATASET_DONE.json:531; data/DATASET_DONE.json:691; data/DATASET_DONE.json:787; data/DATASET_DONE.json:923; data/DATASET_DONE.json:1177; data/DATASET_DONE.json:1195; data/DATASET_DONE.json:1457; data/DATASET_DONE.json:1723; data/DATASET_DONE.json:1897; data/DATASET_DONE.json:1963; data/DATASET_DONE.json:2009; data/DATASET_DONE.json:2041
1690,27,27,c R^27,19,data/DATASET_DONE.json:49; data/DATASET_DONE.json:65; data/DATASET_DONE.json:91; data/DATASET_DONE.json:145; data/DATASET_DONE.json:220; data/DATASET_DONE.json:241; data/DATASET_DONE.json:323; data/DATASET_DONE.json:531; data/DATASET_DONE.json:691; data/DATASET_DONE.json:787; data/DATASET_DONE.json:923; data/DATASET_DONE.json:1177; data/DATASET_DONE.json:1195; data/DATASET_DONE.json:1457; data/DATASET_DONE.json:1723; data/DATASET_DONE.json:1897; data/DATASET_DONE.json:1963; data/DATASET_DONE.json:2009; data/DATASET_DONE.json:2041
1692,3934,3934,d_ ROI R^3934 3.,20,data/DATASET_DONE.json:5; data/DATASET_DONE.json:10; data/DATASET_DONE.json:18; data/DATASET_DONE.json:26; data/DATASET_DONE.json:34; data/DATASET_DONE.json:42; data/DATASET_DONE.json:50; data/DATASET_DONE.json:58; data/DATASET_DONE.json:66; data/DATASET_DONE.json:74; data/DATASET_DONE.json:82; data/DATASET_DONE.json:90; data/DATASET_DONE.json:98; data/DATASET_DONE.json:106; data/DATASET_DONE.json:114; data/DATASET_DONE.json:122; data/DATASET_DONE.json:130; data/DATASET_DONE.json:138; data/DATASET_DONE.json:146; data/DATASET_DONE.json:154
1692,3,3,d_ ROI R^3934 3.,18,CITATION.cff:14; README.md:5; README.md:8; README.md:55; README.md:78; README.md:94; README.md:184; data/DATASET_DONE.json:9; data/DATASET_DONE.json:25; data/DATASET_DONE.json:27; data/DATASET_DONE.json:28; data/DATASET_DONE.json:33; data/DATASET_DONE.json:35; data/DATASET_DONE.json:59; data/DATASET_DONE.json:65; data/DATASET_DONE.json:73; data/DATASET_DONE.json:75; data/DATASET_DONE.json:81
1712,27,27,exact linear map of the 27-dimensional control vector:,19,data/DATASET_DONE.json:49; data/DATASET_DONE.json:65; data/DATASET_DONE.json:91; data/DATASET_DONE.json:145; data/DATASET_DONE.json:220; data/DATASET_DONE.json:241; data/DATASET_DONE.json:323; data/DATASET_DONE.json:531; data/DATASET_DONE.json:691; data/DATASET_DONE.json:787; data/DATASET_DONE.json:923; data/DATASET_DONE.json:1177; data/DATASET_DONE.json:1195; data/DATASET_DONE.json:1457; data/DATASET_DONE.json:1723; data/DATASET_DONE.json:1897; data/DATASET_DONE.json:1963; data/DATASET_DONE.json:2009; data/DATASET_DONE.json:2041
1717,27,27,"W_ ctrl \;=\; W[:27]\, /\, _ ctrl[:27],",19,data/DATASET_DONE.json:49; data/DATASET_DONE.json:65; data/DATASET_DONE.json:91; data/DATASET_DONE.json:145; data/DATASET_DONE.json:220; data/DATASET_DONE.json:241; data/DATASET_DONE.json:323; data/DATASET_DONE.json:531; data/DATASET_DONE.json:691; data/DATASET_DONE.json:787; data/DATASET_DONE.json:923; data/DATASET_DONE.json:1177; data/DATASET_DONE.json:1195; data/DATASET_DONE.json:1457; data/DATASET_DONE.json:1723; data/DATASET_DONE.json:1897; data/DATASET_DONE.json:1963; data/DATASET_DONE.json:2009; data/DATASET_DONE.json:2041
1717,27,27,"W_ ctrl \;=\; W[:27]\, /\, _ ctrl[:27],",19,data/DATASET_DONE.json:49; data/DATASET_DONE.json:65; data/DATASET_DONE.json:91; data/DATASET_DONE.json:145; data/DATASET_DONE.json:220; data/DATASET_DONE.json:241; data/DATASET_DONE.json:323; data/DATASET_DONE.json:531; data/DATASET_DONE.json:691; data/DATASET_DONE.json:787; data/DATASET_DONE.json:923; data/DATASET_DONE.json:1177; data/DATASET_DONE.json:1195; data/DATASET_DONE.json:1457; data/DATASET_DONE.json:1723; data/DATASET_DONE.json:1897; data/DATASET_DONE.json:1963; data/DATASET_DONE.json:2009; data/DATASET_DONE.json:2041
1723,27,27,"ridge\_browser.json stores the 27 11,802 operator with the",19,data/DATASET_DONE.json:49; data/DATASET_DONE.json:65; data/DATASET_DONE.json:91; data/DATASET_DONE.json:145; data/DATASET_DONE.json:220; data/DATASET_DONE.json:241; data/DATASET_DONE.json:323; data/DATASET_DONE.json:531; data/DATASET_DONE.json:691; data/DATASET_DONE.json:787; data/DATASET_DONE.json:923; data/DATASET_DONE.json:1177; data/DATASET_DONE.json:1195; data/DATASET_DONE.json:1457; data/DATASET_DONE.json:1723; data/DATASET_DONE.json:1897; data/DATASET_DONE.json:1963; data/DATASET_DONE.json:2009; data/DATASET_DONE.json:2041
1723,1,1,"ridge\_browser.json stores the 27 11,802 operator with the",18,README.md:66; README.md:67; README.md:92; README.md:118; README.md:121; README.md:143; README.md:167; README.md:168; configs/reproduction.example.toml:11; data/DATASET_DONE.json:9; data/DATASET_DONE.json:11; data/DATASET_DONE.json:12; data/DATASET_DONE.json:19; data/DATASET_DONE.json:25; data/DATASET_DONE.json:27; data/DATASET_DONE.json:35; data/DATASET_DONE.json:49; data/DATASET_DONE.json:51
1723,802,802,"ridge\_browser.json stores the 27 11,802 operator with the",20,data/DATASET_DONE.json:803; data/DATASET_DONE.json:2027; data/DATASET_DONE.json:2433; data/DATASET_DONE.json:2529; data/DATASET_DONE.json:6420; data/manifest.json:2744; data/manifest.json:2852; data/manifest.json:7220; data/manifest.json:7221; results/rbsr_final_rerun_holdout_v1/posthoc_subunit_analysis_v1/noise/SHARED_CONTROL_NOISE_DRAW_MANIFEST.json:62; results/rbsr_final_rerun_holdout_v1/posthoc_subunit_analysis_v1/personalization/pair_metrics_all_variants.csv:804; results/rbsr_final_rerun_holdout_v1/posthoc_subunit_analysis_v1/personalization/pair_metrics_all_variants.csv:5634; results/rbsr_final_rerun_holdout_v1/posthoc_subunit_analysis_v1/personalization/pair_metrics_all_variants.csv:10464; results/rbsr_final_rerun_holdout_v1/posthoc_subunit_analysis_v1/personalization/pair_metrics_all_variants.csv:15294; results/rbsr_final_rerun_holdout_v1/protocol/final_rerun_holdout_split_manifest.json:765; results/rbsr_final_rerun_holdout_v1/protocol/final_rerun_holdout_train_pairs.json:550; results/rbsr_final_rerun_holdout_v1/protocol/final_rerun_holdout_train_pairs.json:1235; results/rbsr_final_rerun_holdout_v1/protocol/final_rerun_holdout_train_pairs.json:2770; results/rbsr_final_rerun_holdout_v1/protocol/final_rerun_holdout_train_pairs.json:2986; results/rbsr_final_rerun_holdout_v1/protocol/final_rerun_holdout_train_pairs.json:3007
1751,2,2,"(c) = _k (c_k/ _k)^2, where the",16,README.md:4; README.md:93; data/DATASET_DONE.json:9; data/DATASET_DONE.json:11; data/DATASET_DONE.json:19; data/DATASET_DONE.json:20; data/DATASET_DONE.json:25; data/DATASET_DONE.json:35; data/DATASET_DONE.json:41; data/DATASET_DONE.json:49; data/DATASET_DONE.json:57; data/DATASET_DONE.json:59; data/DATASET_DONE.json:65; data/DATASET_DONE.json:83; data/DATASET_DONE.json:107; data/DATASET_DONE.json:113
1753,7.4921,7.4921,Requests with 7.4921 pass unchanged; requests with,2,demo/public/bundle/manifest.json:341; demo/public/bundle/manifest.json:346
1754,7.4921,7.4921,7.4921 < 9.3966 are scaled back; requests with,2,demo/public/bundle/manifest.json:341; demo/public/bundle/manifest.json:346
1754,9.3966,9.3966,7.4921 < 9.3966 are scaled back; requests with,2,demo/public/bundle/manifest.json:343; demo/public/bundle/manifest.json:347
1755,9.3966,9.3966,> 9.3966 are withheld. This statistic is a statement about the,2,demo/public/bundle/manifest.json:343; demo/public/bundle/manifest.json:347
1768,450,450,"immediately as a Ridge anchor. After a 450-ms debounce, the learned enhancement",20,data/DATASET_DONE.json:3489; data/DATASET_DONE.json:3604; data/DATASET_DONE.json:6665; data/manifest.json:3932; data/manifest.json:4052; data/manifest.json:4053; data/manifest.json:7505; demo/src/components/Studio.jsx:31; results/rbsr_final_rerun_holdout_v1/lamm/seed20260609/ae_history.json:105; results/rbsr_final_rerun_holdout_v1/lamm/seed20260609/manipulation_history.json:123; results/rbsr_final_rerun_holdout_v1/posthoc_subunit_analysis_v1/personalization/pair_metrics_all_variants.csv:452; results/rbsr_final_rerun_holdout_v1/posthoc_subunit_analysis_v1/personalization/pair_metrics_all_variants.csv:5282; results/rbsr_final_rerun_holdout_v1/posthoc_subunit_analysis_v1/personalization/pair_metrics_all_variants.csv:10112; results/rbsr_final_rerun_holdout_v1/posthoc_subunit_analysis_v1/personalization/pair_metrics_all_variants.csv:14942; results/rbsr_final_rerun_holdout_v1/protocol/final_rerun_holdout_split_manifest.json:503; results/rbsr_final_rerun_holdout_v1/protocol/final_rerun_holdout_train_pairs.json:288; results/rbsr_final_rerun_holdout_v1/protocol/final_rerun_holdout_train_pairs.json:1303; results/rbsr_final_rerun_holdout_v1/protocol/final_rerun_holdout_train_pairs.json:1722; results/rbsr_final_rerun_holdout_v1/protocol/final_rerun_holdout_train_pairs.json:4055; results/supplemental_rbsr_lamm_dominance_search_v1/release_evidence/protocol/final_rerun_holdout_train_pairs.json:288
1770,0.98,0.98,retention at least 0.98 produces the normal certified state; a uniform path or,11,demo/src/components/Studio.jsx:33; results/rbsr_final_rerun_holdout_v1/direct_paired_statistics/paired_all_vs_ridge.csv:8; results/rbsr_final_rerun_holdout_v1/direct_paired_statistics/paired_all_vs_ridge.json:120; results/rbsr_final_rerun_holdout_v1/posthoc_subunit_analysis_v1/paired_all_methods_vs_ridge.csv:9; results/rbsr_final_rerun_holdout_v1/posthoc_subunit_analysis_v1/paired_all_methods_vs_ridge.csv:10; results/rbsr_final_rerun_holdout_v1/posthoc_subunit_analysis_v1/paired_all_methods_vs_ridge.csv:68; results/rbsr_final_rerun_holdout_v1/posthoc_subunit_analysis_v1/paired_all_methods_vs_ridge.csv:91; results/rbsr_final_rerun_holdout_v1/posthoc_subunit_analysis_v1/paired_all_methods_vs_ridge.csv:129; results/rbsr_final_rerun_holdout_v1/posthoc_subunit_analysis_v1/paired_all_methods_vs_ridge.csv:130; results/rbsr_final_rerun_holdout_v1/posthoc_subunit_analysis_v1/paired_all_methods_vs_ridge.csv:174; tests/test_rbsr_calibration.py:53
1778,7.4921,7.4921,"7.4921/ , preserving its direction while placing its effective control",2,demo/public/bundle/manifest.json:341; demo/public/bundle/manifest.json:346
1779,9.3966,9.3966,"vector on the evaluated boundary. A request above 9.3966 is withheld, so no",2,demo/public/bundle/manifest.json:343; demo/public/bundle/manifest.json:347
1792,450,450,runtime waits for a 450-ms pause in slider input and resolves the refinement in,20,data/DATASET_DONE.json:3489; data/DATASET_DONE.json:3604; data/DATASET_DONE.json:6665; data/manifest.json:3932; data/manifest.json:4052; data/manifest.json:4053; data/manifest.json:7505; demo/src/components/Studio.jsx:31; results/rbsr_final_rerun_holdout_v1/lamm/seed20260609/ae_history.json:105; results/rbsr_final_rerun_holdout_v1/lamm/seed20260609/manipulation_history.json:123; results/rbsr_final_rerun_holdout_v1/posthoc_subunit_analysis_v1/personalization/pair_metrics_all_variants.csv:452; results/rbsr_final_rerun_holdout_v1/posthoc_subunit_analysis_v1/personalization/pair_metrics_all_variants.csv:5282; results/rbsr_final_rerun_holdout_v1/posthoc_subunit_analysis_v1/personalization/pair_metrics_all_variants.csv:10112; results/rbsr_final_rerun_holdout_v1/posthoc_subunit_analysis_v1/personalization/pair_metrics_all_variants.csv:14942; results/rbsr_final_rerun_holdout_v1/protocol/final_rerun_holdout_split_manifest.json:503; results/rbsr_final_rerun_holdout_v1/protocol/final_rerun_holdout_train_pairs.json:288; results/rbsr_final_rerun_holdout_v1/protocol/final_rerun_holdout_train_pairs.json:1303; results/rbsr_final_rerun_holdout_v1/protocol/final_rerun_holdout_train_pairs.json:1722; results/rbsr_final_rerun_holdout_v1/protocol/final_rerun_holdout_train_pairs.json:4055; results/supplemental_rbsr_lamm_dominance_search_v1/release_evidence/protocol/final_rerun_holdout_train_pairs.json:288
1841,51,51,locked to the released assets by content hash and passes 51 automated checks,19,data/DATASET_DONE.json:57; data/DATASET_DONE.json:123; data/DATASET_DONE.json:297; data/DATASET_DONE.json:321; data/DATASET_DONE.json:329; data/DATASET_DONE.json:403; data/DATASET_DONE.json:412; data/DATASET_DONE.json:539; data/DATASET_DONE.json:595; data/DATASET_DONE.json:873; data/DATASET_DONE.json:985; data/DATASET_DONE.json:1051; data/DATASET_DONE.json:1105; data/DATASET_DONE.json:1563; data/DATASET_DONE.json:1825; data/DATASET_DONE.json:2043; data/DATASET_DONE.json:2073; data/DATASET_DONE.json:2115; data/DATASET_DONE.json:2153
1843,5.4\times10^{-7},5.4\times10^-7,certified-path vertex deviation of 5.4 10^-7 model units,0,
1883,3934,3934,R and | R|=3934. Because all FaceScape identities share the,20,data/DATASET_DONE.json:5; data/DATASET_DONE.json:10; data/DATASET_DONE.json:18; data/DATASET_DONE.json:26; data/DATASET_DONE.json:34; data/DATASET_DONE.json:42; data/DATASET_DONE.json:50; data/DATASET_DONE.json:58; data/DATASET_DONE.json:66; data/DATASET_DONE.json:74; data/DATASET_DONE.json:82; data/DATASET_DONE.json:90; data/DATASET_DONE.json:98; data/DATASET_DONE.json:106; data/DATASET_DONE.json:114; data/DATASET_DONE.json:122; data/DATASET_DONE.json:130; data/DATASET_DONE.json:138; data/DATASET_DONE.json:146; data/DATASET_DONE.json:154
1887,3934,3934,R^3934 3.,20,data/DATASET_DONE.json:5; data/DATASET_DONE.json:10; data/DATASET_DONE.json:18; data/DATASET_DONE.json:26; data/DATASET_DONE.json:34; data/DATASET_DONE.json:42; data/DATASET_DONE.json:50; data/DATASET_DONE.json:58; data/DATASET_DONE.json:66; data/DATASET_DONE.json:74; data/DATASET_DONE.json:82; data/DATASET_DONE.json:90; data/DATASET_DONE.json:98; data/DATASET_DONE.json:106; data/DATASET_DONE.json:114; data/DATASET_DONE.json:122; data/DATASET_DONE.json:130; data/DATASET_DONE.json:138; data/DATASET_DONE.json:146; data/DATASET_DONE.json:154
1887,3,3,R^3934 3.,18,CITATION.cff:14; README.md:5; README.md:8; README.md:55; README.md:78; README.md:94; README.md:184; data/DATASET_DONE.json:9; data/DATASET_DONE.json:25; data/DATASET_DONE.json:27; data/DATASET_DONE.json:28; data/DATASET_DONE.json:33; data/DATASET_DONE.json:35; data/DATASET_DONE.json:59; data/DATASET_DONE.json:65; data/DATASET_DONE.json:73; data/DATASET_DONE.json:75; data/DATASET_DONE.json:81
1896,27,27,"R^27,",19,data/DATASET_DONE.json:49; data/DATASET_DONE.json:65; data/DATASET_DONE.json:91; data/DATASET_DONE.json:145; data/DATASET_DONE.json:220; data/DATASET_DONE.json:241; data/DATASET_DONE.json:323; data/DATASET_DONE.json:531; data/DATASET_DONE.json:691; data/DATASET_DONE.json:787; data/DATASET_DONE.json:923; data/DATASET_DONE.json:1177; data/DATASET_DONE.json:1195; data/DATASET_DONE.json:1457; data/DATASET_DONE.json:1723; data/DATASET_DONE.json:1897; data/DATASET_DONE.json:1963; data/DATASET_DONE.json:2009; data/DATASET_DONE.json:2041
1902,3934,3934,"interpolation. The output contains 3934 3=11802 coordinate values, while",20,data/DATASET_DONE.json:5; data/DATASET_DONE.json:10; data/DATASET_DONE.json:18; data/DATASET_DONE.json:26; data/DATASET_DONE.json:34; data/DATASET_DONE.json:42; data/DATASET_DONE.json:50; data/DATASET_DONE.json:58; data/DATASET_DONE.json:66; data/DATASET_DONE.json:74; data/DATASET_DONE.json:82; data/DATASET_DONE.json:90; data/DATASET_DONE.json:98; data/DATASET_DONE.json:106; data/DATASET_DONE.json:114; data/DATASET_DONE.json:122; data/DATASET_DONE.json:130; data/DATASET_DONE.json:138; data/DATASET_DONE.json:146; data/DATASET_DONE.json:154
1902,11802,11802,"interpolation. The output contains 3934 3=11802 coordinate values, while",10,demo/public/bundle/manifest.json:375; demo/public/bundle/manifest.json:379; demo/public/bundle/manifest.json:382; demo/public/bundle/manifest.json:389; demo/public/bundle/manifest.json:395; demo/src/engine/uploadSource.js:156; demo/src/engine/uploadSource.js:157; roi/collar.json:1362; roi/subunits.json:2431; roi/vertices.json:1377
1903,9,9,"the controls determine only 9 3=27 of them. After the controls are fixed,",16,data/DATASET_DONE.json:9; data/DATASET_DONE.json:19; data/DATASET_DONE.json:35; data/DATASET_DONE.json:41; data/DATASET_DONE.json:49; data/DATASET_DONE.json:57; data/DATASET_DONE.json:76; data/DATASET_DONE.json:83; data/DATASET_DONE.json:97; data/DATASET_DONE.json:105; data/DATASET_DONE.json:121; data/DATASET_DONE.json:137; data/DATASET_DONE.json:139; data/DATASET_DONE.json:163; data/DATASET_DONE.json:169; data/DATASET_DONE.json:179
1903,27,27,"the controls determine only 9 3=27 of them. After the controls are fixed,",19,data/DATASET_DONE.json:49; data/DATASET_DONE.json:65; data/DATASET_DONE.json:91; data/DATASET_DONE.json:145; data/DATASET_DONE.json:220; data/DATASET_DONE.json:241; data/DATASET_DONE.json:323; data/DATASET_DONE.json:531; data/DATASET_DONE.json:691; data/DATASET_DONE.json:787; data/DATASET_DONE.json:923; data/DATASET_DONE.json:1177; data/DATASET_DONE.json:1195; data/DATASET_DONE.json:1457; data/DATASET_DONE.json:1723; data/DATASET_DONE.json:1897; data/DATASET_DONE.json:1963; data/DATASET_DONE.json:2009; data/DATASET_DONE.json:2041
1904,3925,3925,"3925 3=11775 free coordinate values remain. Consequently, infinitely many",12,docs/EVIDENCE_STATUS.md:12; reproducibility/source_snapshots/final_holdout_v1/source/rhinoform/strict_protocol_patch.py:17; reproducibility/source_snapshots/posthoc_subunits_v1/source/rhinoform/strict_protocol_patch.py:17; results/rbsr_final_rerun_holdout_v1/lamm/seed20260609/protocol_audit.json:32; results/rbsr_final_rerun_holdout_v1/lamm/seed20260609/run_provenance.json:67; results/rbsr_final_rerun_holdout_v1/posthoc_subunit_analysis_v1/personalization/pair_metrics_all_variants.csv:3927; results/rbsr_final_rerun_holdout_v1/posthoc_subunit_analysis_v1/personalization/pair_metrics_all_variants.csv:8757; results/rbsr_final_rerun_holdout_v1/posthoc_subunit_analysis_v1/personalization/pair_metrics_all_variants.csv:13587; results/rbsr_final_rerun_holdout_v1/posthoc_subunit_analysis_v1/personalization/pair_metrics_all_variants.csv:18417; results/rbsr_final_rerun_holdout_v1/protocol/FINAL_RERUN_HOLDOUT_POLICY_FREEZE.json:54; rhinoform/strict_protocol_patch.py:17; roi/subunits.json:2209
1904,11775,11775,"3925 3=11775 free coordinate values remain. Consequently, infinitely many",0,
1912,3925,3925,Let F= R L denote the 3925 free vertices.,12,docs/EVIDENCE_STATUS.md:12; reproducibility/source_snapshots/final_holdout_v1/source/rhinoform/strict_protocol_patch.py:17; reproducibility/source_snapshots/posthoc_subunits_v1/source/rhinoform/strict_protocol_patch.py:17; results/rbsr_final_rerun_holdout_v1/lamm/seed20260609/protocol_audit.json:32; results/rbsr_final_rerun_holdout_v1/lamm/seed20260609/run_provenance.json:67; results/rbsr_final_rerun_holdout_v1/posthoc_subunit_analysis_v1/personalization/pair_metrics_all_variants.csv:3927; results/rbsr_final_rerun_holdout_v1/posthoc_subunit_analysis_v1/personalization/pair_metrics_all_variants.csv:8757; results/rbsr_final_rerun_holdout_v1/posthoc_subunit_analysis_v1/personalization/pair_metrics_all_variants.csv:13587; results/rbsr_final_rerun_holdout_v1/posthoc_subunit_analysis_v1/personalization/pair_metrics_all_variants.csv:18417; results/rbsr_final_rerun_holdout_v1/protocol/FINAL_RERUN_HOLDOUT_POLICY_FREEZE.json:54; rhinoform/strict_protocol_patch.py:17; roi/subunits.json:2209
1916,3934,3934,R^3934 3.,20,data/DATASET_DONE.json:5; data/DATASET_DONE.json:10; data/DATASET_DONE.json:18; data/DATASET_DONE.json:26; data/DATASET_DONE.json:34; data/DATASET_DONE.json:42; data/DATASET_DONE.json:50; data/DATASET_DONE.json:58; data/DATASET_DONE.json:66; data/DATASET_DONE.json:74; data/DATASET_DONE.json:82; data/DATASET_DONE.json:90; data/DATASET_DONE.json:98; data/DATASET_DONE.json:106; data/DATASET_DONE.json:114; data/DATASET_DONE.json:122; data/DATASET_DONE.json:130; data/DATASET_DONE.json:138; data/DATASET_DONE.json:146; data/DATASET_DONE.json:154
1919,64,64,Here _src R^64 encodes the starting nasal shape,19,data/DATASET_DONE.json:251; data/DATASET_DONE.json:369; data/DATASET_DONE.json:385; data/DATASET_DONE.json:516; data/DATASET_DONE.json:545; data/DATASET_DONE.json:801; data/DATASET_DONE.json:881; data/DATASET_DONE.json:955; data/DATASET_DONE.json:1025; data/DATASET_DONE.json:1563; data/DATASET_DONE.json:1579; data/DATASET_DONE.json:1619; data/DATASET_DONE.json:2129; data/DATASET_DONE.json:2203; data/DATASET_DONE.json:2403; data/DATASET_DONE.json:2457; data/DATASET_DONE.json:2961; data/DATASET_DONE.json:3129; data/DATASET_DONE.json:3225
1925,27,27,face. Concatenating the 27 controls and 64 source coefficients gives the,19,data/DATASET_DONE.json:49; data/DATASET_DONE.json:65; data/DATASET_DONE.json:91; data/DATASET_DONE.json:145; data/DATASET_DONE.json:220; data/DATASET_DONE.json:241; data/DATASET_DONE.json:323; data/DATASET_DONE.json:531; data/DATASET_DONE.json:691; data/DATASET_DONE.json:787; data/DATASET_DONE.json:923; data/DATASET_DONE.json:1177; data/DATASET_DONE.json:1195; data/DATASET_DONE.json:1457; data/DATASET_DONE.json:1723; data/DATASET_DONE.json:1897; data/DATASET_DONE.json:1963; data/DATASET_DONE.json:2009; data/DATASET_DONE.json:2041
1925,64,64,face. Concatenating the 27 controls and 64 source coefficients gives the,19,data/DATASET_DONE.json:251; data/DATASET_DONE.json:369; data/DATASET_DONE.json:385; data/DATASET_DONE.json:516; data/DATASET_DONE.json:545; data/DATASET_DONE.json:801; data/DATASET_DONE.json:881; data/DATASET_DONE.json:955; data/DATASET_DONE.json:1025; data/DATASET_DONE.json:1563; data/DATASET_DONE.json:1579; data/DATASET_DONE.json:1619; data/DATASET_DONE.json:2129; data/DATASET_DONE.json:2203; data/DATASET_DONE.json:2403; data/DATASET_DONE.json:2457; data/DATASET_DONE.json:2961; data/DATASET_DONE.json:3129; data/DATASET_DONE.json:3225
1926,91,91,"91-dimensional condition shared by the ridge, CVAE and gate.",20,data/DATASET_DONE.json:33; data/DATASET_DONE.json:385; data/DATASET_DONE.json:443; data/DATASET_DONE.json:451; data/DATASET_DONE.json:539; data/DATASET_DONE.json:553; data/DATASET_DONE.json:593; data/DATASET_DONE.json:595; data/DATASET_DONE.json:603; data/DATASET_DONE.json:675; data/DATASET_DONE.json:705; data/DATASET_DONE.json:732; data/DATASET_DONE.json:939; data/DATASET_DONE.json:947; data/DATASET_DONE.json:953; data/DATASET_DONE.json:1027; data/DATASET_DONE.json:1075; data/DATASET_DONE.json:1267; data/DATASET_DONE.json:1289; data/DATASET_DONE.json:1323
1971,4,4,4pt,14,README.md:98; data/DATASET_DONE.json:11; data/DATASET_DONE.json:19; data/DATASET_DONE.json:35; data/DATASET_DONE.json:36; data/DATASET_DONE.json:41; data/DATASET_DONE.json:43; data/DATASET_DONE.json:57; data/DATASET_DONE.json:59; data/DATASET_DONE.json:81; data/DATASET_DONE.json:89; data/DATASET_DONE.json:91; data/DATASET_DONE.json:97; data/DATASET_DONE.json:105
1974,0.27,0.27,tabularp0.27 p0.22 p0.43,4,demo/package-lock.json:728; demo/package-lock.json:768; demo/package-lock.json:838; demo/public/bundle/certified_presets.json:1
1974,0.22,0.22,tabularp0.27 p0.22 p0.43,3,demo/public/bundle/head_mean.json:1; results/rbsr_final_rerun_holdout_v1/posthoc_subunit_analysis_v1/paired_all_methods_vs_ridge.csv:4; results/rbsr_final_rerun_holdout_v1/posthoc_subunit_analysis_v1/paired_all_methods_vs_ridge.csv:5
1974,0.43,0.43,tabularp0.27 p0.22 p0.43,0,
1978,26317,26317,Registered FaceScape topology 26317 vertices Source dataset topology before nasal ROI extraction. \\,20,data/DATASET_DONE.json:13; data/DATASET_DONE.json:21; data/DATASET_DONE.json:29; data/DATASET_DONE.json:37; data/DATASET_DONE.json:45; data/DATASET_DONE.json:53; data/DATASET_DONE.json:61; data/DATASET_DONE.json:69; data/DATASET_DONE.json:77; data/DATASET_DONE.json:85; data/DATASET_DONE.json:93; data/DATASET_DONE.json:101; data/DATASET_DONE.json:109; data/DATASET_DONE.json:117; data/DATASET_DONE.json:125; data/DATASET_DONE.json:133; data/DATASET_DONE.json:141; data/DATASET_DONE.json:149; data/DATASET_DONE.json:157; data/DATASET_DONE.json:165
1979,3934,3934,Nasal ROI vertices V=3934 Vertices predicted by the sparse-to-dense deformation engine. \\,20,data/DATASET_DONE.json:5; data/DATASET_DONE.json:10; data/DATASET_DONE.json:18; data/DATASET_DONE.json:26; data/DATASET_DONE.json:34; data/DATASET_DONE.json:42; data/DATASET_DONE.json:50; data/DATASET_DONE.json:58; data/DATASET_DONE.json:66; data/DATASET_DONE.json:74; data/DATASET_DONE.json:82; data/DATASET_DONE.json:90; data/DATASET_DONE.json:98; data/DATASET_DONE.json:106; data/DATASET_DONE.json:114; data/DATASET_DONE.json:122; data/DATASET_DONE.json:130; data/DATASET_DONE.json:138; data/DATASET_DONE.json:146; data/DATASET_DONE.json:154
1980,3925,3925,Strict scored free vertices 3925=3934-9 ROI vertices excluding the nine hard-fixed landmark controls. \\,12,docs/EVIDENCE_STATUS.md:12; reproducibility/source_snapshots/final_holdout_v1/source/rhinoform/strict_protocol_patch.py:17; reproducibility/source_snapshots/posthoc_subunits_v1/source/rhinoform/strict_protocol_patch.py:17; results/rbsr_final_rerun_holdout_v1/lamm/seed20260609/protocol_audit.json:32; results/rbsr_final_rerun_holdout_v1/lamm/seed20260609/run_provenance.json:67; results/rbsr_final_rerun_holdout_v1/posthoc_subunit_analysis_v1/personalization/pair_metrics_all_variants.csv:3927; results/rbsr_final_rerun_holdout_v1/posthoc_subunit_analysis_v1/personalization/pair_metrics_all_variants.csv:8757; results/rbsr_final_rerun_holdout_v1/posthoc_subunit_analysis_v1/personalization/pair_metrics_all_variants.csv:13587; results/rbsr_final_rerun_holdout_v1/posthoc_subunit_analysis_v1/personalization/pair_metrics_all_variants.csv:18417; results/rbsr_final_rerun_holdout_v1/protocol/FINAL_RERUN_HOLDOUT_POLICY_FREEZE.json:54; rhinoform/strict_protocol_patch.py:17; roi/subunits.json:2209
1980,3934,3934,Strict scored free vertices 3925=3934-9 ROI vertices excluding the nine hard-fixed landmark controls. \\,20,data/DATASET_DONE.json:5; data/DATASET_DONE.json:10; data/DATASET_DONE.json:18; data/DATASET_DONE.json:26; data/DATASET_DONE.json:34; data/DATASET_DONE.json:42; data/DATASET_DONE.json:50; data/DATASET_DONE.json:58; data/DATASET_DONE.json:66; data/DATASET_DONE.json:74; data/DATASET_DONE.json:82; data/DATASET_DONE.json:90; data/DATASET_DONE.json:98; data/DATASET_DONE.json:106; data/DATASET_DONE.json:114; data/DATASET_DONE.json:122; data/DATASET_DONE.json:130; data/DATASET_DONE.json:138; data/DATASET_DONE.json:146; data/DATASET_DONE.json:154
1980,-9,-9,Strict scored free vertices 3925=3934-9 ROI vertices excluding the nine hard-fixed landmark controls. \\,14,demo/package-lock.json:112; demo/public/bundle/certified_presets.json:1; demo/public/bundle/ridge_browser.json:1; demo/verify.mjs:247; demo/verify.mjs:294; demo/verify.mjs:295; reproducibility/source_snapshots/final_holdout_v1/source/rhinoform/safe_fusion.py:528; reproducibility/source_snapshots/final_holdout_v1/source/rhinoform/safe_fusion.py:570; reproducibility/source_snapshots/final_holdout_v1/source/rhinoform/safe_fusion.py:572; reproducibility/source_snapshots/final_holdout_v1/source/rhinoform/safe_fusion.py:591; reproducibility/source_snapshots/final_holdout_v1/source/rhinoform/safe_fusion.py:592; reproducibility/source_snapshots/posthoc_subunits_v1/source/rhinoform/safe_fusion.py:528; reproducibility/source_snapshots/posthoc_subunits_v1/source/rhinoform/safe_fusion.py:570; reproducibility/source_snapshots/posthoc_subunits_v1/source/rhinoform/safe_fusion.py:572
1981,3934,3934,Dense displacement output 3934 3=11802 Flattened dense ROI displacement vector. \\,20,data/DATASET_DONE.json:5; data/DATASET_DONE.json:10; data/DATASET_DONE.json:18; data/DATASET_DONE.json:26; data/DATASET_DONE.json:34; data/DATASET_DONE.json:42; data/DATASET_DONE.json:50; data/DATASET_DONE.json:58; data/DATASET_DONE.json:66; data/DATASET_DONE.json:74; data/DATASET_DONE.json:82; data/DATASET_DONE.json:90; data/DATASET_DONE.json:98; data/DATASET_DONE.json:106; data/DATASET_DONE.json:114; data/DATASET_DONE.json:122; data/DATASET_DONE.json:130; data/DATASET_DONE.json:138; data/DATASET_DONE.json:146; data/DATASET_DONE.json:154
1981,3,3,Dense displacement output 3934 3=11802 Flattened dense ROI displacement vector. \\,18,CITATION.cff:14; README.md:5; README.md:8; README.md:55; README.md:78; README.md:94; README.md:184; data/DATASET_DONE.json:9; data/DATASET_DONE.json:25; data/DATASET_DONE.json:27; data/DATASET_DONE.json:28; data/DATASET_DONE.json:33; data/DATASET_DONE.json:35; data/DATASET_DONE.json:59; data/DATASET_DONE.json:65; data/DATASET_DONE.json:73; data/DATASET_DONE.json:75; data/DATASET_DONE.json:81
1981,11802,11802,Dense displacement output 3934 3=11802 Flattened dense ROI displacement vector. \\,10,demo/public/bundle/manifest.json:375; demo/public/bundle/manifest.json:379; demo/public/bundle/manifest.json:382; demo/public/bundle/manifest.json:389; demo/public/bundle/manifest.json:395; demo/src/engine/uploadSource.js:156; demo/src/engine/uploadSource.js:157; roi/collar.json:1362; roi/subunits.json:2431; roi/vertices.json:1377
1982,9,9,Sparse controls 9 3=27 Nine nasal landmark displacement vectors. \\,16,data/DATASET_DONE.json:9; data/DATASET_DONE.json:19; data/DATASET_DONE.json:35; data/DATASET_DONE.json:41; data/DATASET_DONE.json:49; data/DATASET_DONE.json:57; data/DATASET_DONE.json:76; data/DATASET_DONE.json:83; data/DATASET_DONE.json:97; data/DATASET_DONE.json:105; data/DATASET_DONE.json:121; data/DATASET_DONE.json:137; data/DATASET_DONE.json:139; data/DATASET_DONE.json:163; data/DATASET_DONE.json:169; data/DATASET_DONE.json:179
1982,3,3,Sparse controls 9 3=27 Nine nasal landmark displacement vectors. \\,18,CITATION.cff:14; README.md:5; README.md:8; README.md:55; README.md:78; README.md:94; README.md:184; data/DATASET_DONE.json:9; data/DATASET_DONE.json:25; data/DATASET_DONE.json:27; data/DATASET_DONE.json:28; data/DATASET_DONE.json:33; data/DATASET_DONE.json:35; data/DATASET_DONE.json:59; data/DATASET_DONE.json:65; data/DATASET_DONE.json:73; data/DATASET_DONE.json:75; data/DATASET_DONE.json:81
1982,27,27,Sparse controls 9 3=27 Nine nasal landmark displacement vectors. \\,19,data/DATASET_DONE.json:49; data/DATASET_DONE.json:65; data/DATASET_DONE.json:91; data/DATASET_DONE.json:145; data/DATASET_DONE.json:220; data/DATASET_DONE.json:241; data/DATASET_DONE.json:323; data/DATASET_DONE.json:531; data/DATASET_DONE.json:691; data/DATASET_DONE.json:787; data/DATASET_DONE.json:923; data/DATASET_DONE.json:1177; data/DATASET_DONE.json:1195; data/DATASET_DONE.json:1457; data/DATASET_DONE.json:1723; data/DATASET_DONE.json:1897; data/DATASET_DONE.json:1963; data/DATASET_DONE.json:2009; data/DATASET_DONE.json:2041
1983,64,64,Source-PCA basis 64 11802 Train-only source identity basis; coefficient dimension 64. \\,19,data/DATASET_DONE.json:251; data/DATASET_DONE.json:369; data/DATASET_DONE.json:385; data/DATASET_DONE.json:516; data/DATASET_DONE.json:545; data/DATASET_DONE.json:801; data/DATASET_DONE.json:881; data/DATASET_DONE.json:955; data/DATASET_DONE.json:1025; data/DATASET_DONE.json:1563; data/DATASET_DONE.json:1579; data/DATASET_DONE.json:1619; data/DATASET_DONE.json:2129; data/DATASET_DONE.json:2203; data/DATASET_DONE.json:2403; data/DATASET_DONE.json:2457; data/DATASET_DONE.json:2961; data/DATASET_DONE.json:3129; data/DATASET_DONE.json:3225
1983,1802,1802,Source-PCA basis 64 11802 Train-only source identity basis; coefficient dimension 64. \\,7,data/DATASET_DONE.json:2571; results/rbsr_final_rerun_holdout_v1/posthoc_subunit_analysis_v1/personalization/pair_metrics_all_variants.csv:1804; results/rbsr_final_rerun_holdout_v1/posthoc_subunit_analysis_v1/personalization/pair_metrics_all_variants.csv:6634; results/rbsr_final_rerun_holdout_v1/posthoc_subunit_analysis_v1/personalization/pair_metrics_all_variants.csv:11464; results/rbsr_final_rerun_holdout_v1/posthoc_subunit_analysis_v1/personalization/pair_metrics_all_variants.csv:16294; roi/subunits.json:7557; splits/facescape_847/split_manifest.json:14650
1983,64,64,Source-PCA basis 64 11802 Train-only source identity basis; coefficient dimension 64. \\,19,data/DATASET_DONE.json:251; data/DATASET_DONE.json:369; data/DATASET_DONE.json:385; data/DATASET_DONE.json:516; data/DATASET_DONE.json:545; data/DATASET_DONE.json:801; data/DATASET_DONE.json:881; data/DATASET_DONE.json:955; data/DATASET_DONE.json:1025; data/DATASET_DONE.json:1563; data/DATASET_DONE.json:1579; data/DATASET_DONE.json:1619; data/DATASET_DONE.json:2129; data/DATASET_DONE.json:2203; data/DATASET_DONE.json:2403; data/DATASET_DONE.json:2457; data/DATASET_DONE.json:2961; data/DATASET_DONE.json:3129; data/DATASET_DONE.json:3225
1984,16,16,Delta-PCA basis 16 11802 Observation code for the CVAE posterior during training. \\,20,data/DATASET_DONE.json:57; data/DATASET_DONE.json:132; data/DATASET_DONE.json:139; data/DATASET_DONE.json:187; data/DATASET_DONE.json:257; data/DATASET_DONE.json:281; data/DATASET_DONE.json:353; data/DATASET_DONE.json:593; data/DATASET_DONE.json:721; data/DATASET_DONE.json:739; data/DATASET_DONE.json:865; data/DATASET_DONE.json:953; data/DATASET_DONE.json:979; data/DATASET_DONE.json:1049; data/DATASET_DONE.json:1177; data/DATASET_DONE.json:1233; data/DATASET_DONE.json:1273; data/DATASET_DONE.json:1281; data/DATASET_DONE.json:1361; data/DATASET_DONE.json:1585
1984,1802,1802,Delta-PCA basis 16 11802 Observation code for the CVAE posterior during training. \\,7,data/DATASET_DONE.json:2571; results/rbsr_final_rerun_holdout_v1/posthoc_subunit_analysis_v1/personalization/pair_metrics_all_variants.csv:1804; results/rbsr_final_rerun_holdout_v1/posthoc_subunit_analysis_v1/personalization/pair_metrics_all_variants.csv:6634; results/rbsr_final_rerun_holdout_v1/posthoc_subunit_analysis_v1/personalization/pair_metrics_all_variants.csv:11464; results/rbsr_final_rerun_holdout_v1/posthoc_subunit_analysis_v1/personalization/pair_metrics_all_variants.csv:16294; roi/subunits.json:7557; splits/facescape_847/split_manifest.json:14650
1985,27,27,Condition vector 27+64=91 Sparse controls concatenated with the source-PCA code. \\,19,data/DATASET_DONE.json:49; data/DATASET_DONE.json:65; data/DATASET_DONE.json:91; data/DATASET_DONE.json:145; data/DATASET_DONE.json:220; data/DATASET_DONE.json:241; data/DATASET_DONE.json:323; data/DATASET_DONE.json:531; data/DATASET_DONE.json:691; data/DATASET_DONE.json:787; data/DATASET_DONE.json:923; data/DATASET_DONE.json:1177; data/DATASET_DONE.json:1195; data/DATASET_DONE.json:1457; data/DATASET_DONE.json:1723; data/DATASET_DONE.json:1897; data/DATASET_DONE.json:1963; data/DATASET_DONE.json:2009; data/DATASET_DONE.json:2041
1985,+64,+64,Condition vector 27+64=91 Sparse controls concatenated with the source-PCA code. \\,19,data/DATASET_DONE.json:251; data/DATASET_DONE.json:369; data/DATASET_DONE.json:385; data/DATASET_DONE.json:516; data/DATASET_DONE.json:545; data/DATASET_DONE.json:801; data/DATASET_DONE.json:881; data/DATASET_DONE.json:955; data/DATASET_DONE.json:1025; data/DATASET_DONE.json:1563; data/DATASET_DONE.json:1579; data/DATASET_DONE.json:1619; data/DATASET_DONE.json:2129; data/DATASET_DONE.json:2203; data/DATASET_DONE.json:2403; data/DATASET_DONE.json:2457; data/DATASET_DONE.json:2961; data/DATASET_DONE.json:3129; data/DATASET_DONE.json:3225
1985,91,91,Condition vector 27+64=91 Sparse controls concatenated with the source-PCA code. \\,20,data/DATASET_DONE.json:33; data/DATASET_DONE.json:385; data/DATASET_DONE.json:443; data/DATASET_DONE.json:451; data/DATASET_DONE.json:539; data/DATASET_DONE.json:553; data/DATASET_DONE.json:593; data/DATASET_DONE.json:595; data/DATASET_DONE.json:603; data/DATASET_DONE.json:675; data/DATASET_DONE.json:705; data/DATASET_DONE.json:732; data/DATASET_DONE.json:939; data/DATASET_DONE.json:947; data/DATASET_DONE.json:953; data/DATASET_DONE.json:1027; data/DATASET_DONE.json:1075; data/DATASET_DONE.json:1267; data/DATASET_DONE.json:1289; data/DATASET_DONE.json:1323
1986,1,1,"Condition standardisation (1,91) mean and std Train-pair z-score reused unchanged for validation/test. \\",18,README.md:66; README.md:67; README.md:92; README.md:118; README.md:121; README.md:143; README.md:167; README.md:168; configs/reproduction.example.toml:11; data/DATASET_DONE.json:9; data/DATASET_DONE.json:11; data/DATASET_DONE.json:12; data/DATASET_DONE.json:19; data/DATASET_DONE.json:25; data/DATASET_DONE.json:27; data/DATASET_DONE.json:35; data/DATASET_DONE.json:49; data/DATASET_DONE.json:51
1986,91,91,"Condition standardisation (1,91) mean and std Train-pair z-score reused unchanged for validation/test. \\",20,data/DATASET_DONE.json:33; data/DATASET_DONE.json:385; data/DATASET_DONE.json:443; data/DATASET_DONE.json:451; data/DATASET_DONE.json:539; data/DATASET_DONE.json:553; data/DATASET_DONE.json:593; data/DATASET_DONE.json:595; data/DATASET_DONE.json:603; data/DATASET_DONE.json:675; data/DATASET_DONE.json:705; data/DATASET_DONE.json:732; data/DATASET_DONE.json:939; data/DATASET_DONE.json:947; data/DATASET_DONE.json:953; data/DATASET_DONE.json:1027; data/DATASET_DONE.json:1075; data/DATASET_DONE.json:1267; data/DATASET_DONE.json:1289; data/DATASET_DONE.json:1323
1987,3,3,"Static vertex feature 3+3+9=15 Normalised coordinates, vertex normals, and distances to nine landmarks. \\",18,CITATION.cff:14; README.md:5; README.md:8; README.md:55; README.md:78; README.md:94; README.md:184; data/DATASET_DONE.json:9; data/DATASET_DONE.json:25; data/DATASET_DONE.json:27; data/DATASET_DONE.json:28; data/DATASET_DONE.json:33; data/DATASET_DONE.json:35; data/DATASET_DONE.json:59; data/DATASET_DONE.json:65; data/DATASET_DONE.json:73; data/DATASET_DONE.json:75; data/DATASET_DONE.json:81
1987,+3,+3,"Static vertex feature 3+3+9=15 Normalised coordinates, vertex normals, and distances to nine landmarks. \\",18,CITATION.cff:14; README.md:5; README.md:8; README.md:55; README.md:78; README.md:94; README.md:184; data/DATASET_DONE.json:9; data/DATASET_DONE.json:25; data/DATASET_DONE.json:27; data/DATASET_DONE.json:28; data/DATASET_DONE.json:33; data/DATASET_DONE.json:35; data/DATASET_DONE.json:59; data/DATASET_DONE.json:65; data/DATASET_DONE.json:73; data/DATASET_DONE.json:75; data/DATASET_DONE.json:81
1987,+9,+9,"Static vertex feature 3+3+9=15 Normalised coordinates, vertex normals, and distances to nine landmarks. \\",16,data/DATASET_DONE.json:9; data/DATASET_DONE.json:19; data/DATASET_DONE.json:35; data/DATASET_DONE.json:41; data/DATASET_DONE.json:49; data/DATASET_DONE.json:57; data/DATASET_DONE.json:76; data/DATASET_DONE.json:83; data/DATASET_DONE.json:97; data/DATASET_DONE.json:105; data/DATASET_DONE.json:121; data/DATASET_DONE.json:137; data/DATASET_DONE.json:139; data/DATASET_DONE.json:163; data/DATASET_DONE.json:169; data/DATASET_DONE.json:179
1987,15,15,"Static vertex feature 3+3+9=15 Normalised coordinates, vertex normals, and distances to nine landmarks. \\",20,data/DATASET_DONE.json:81; data/DATASET_DONE.json:124; data/DATASET_DONE.json:633; data/DATASET_DONE.json:649; data/DATASET_DONE.json:675; data/DATASET_DONE.json:691; data/DATASET_DONE.json:865; data/DATASET_DONE.json:921; data/DATASET_DONE.json:945; data/DATASET_DONE.json:1065; data/DATASET_DONE.json:1147; data/DATASET_DONE.json:1313; data/DATASET_DONE.json:1641; data/DATASET_DONE.json:1729; data/DATASET_DONE.json:2017; data/DATASET_DONE.json:2153; data/DATASET_DONE.json:2219; data/DATASET_DONE.json:2259; data/DATASET_DONE.json:2571; data/DATASET_DONE.json:2577
1989,870,870,Train / validation / test pairs 870 / 4830 / 9900 Ordered-pair counts in the result package. \\,20,data/DATASET_DONE.json:891; data/DATASET_DONE.json:3825; data/manifest.json:4310; results/rbsr_final_rerun_holdout_v1/posthoc_subunit_analysis_v1/POSTHOC_SUBUNIT_ANALYSIS_EVIDENCE.json:34; results/rbsr_final_rerun_holdout_v1/posthoc_subunit_analysis_v1/personalization/pair_metrics_all_variants.csv:872; results/rbsr_final_rerun_holdout_v1/posthoc_subunit_analysis_v1/personalization/pair_metrics_all_variants.csv:5702; results/rbsr_final_rerun_holdout_v1/posthoc_subunit_analysis_v1/personalization/pair_metrics_all_variants.csv:10532; results/rbsr_final_rerun_holdout_v1/posthoc_subunit_analysis_v1/personalization/pair_metrics_all_variants.csv:15362; results/rbsr_final_rerun_holdout_v1/posthoc_subunit_analysis_v1/subunit_means_all_methods.csv.sha256.json:4; results/rbsr_final_rerun_holdout_v1/protocol/final_rerun_holdout_train_pairs.json:2; results/rbsr_final_rerun_holdout_v1/protocol/final_rerun_holdout_train_pairs.json:583; results/supplemental_rbsr_lamm_dominance_search_v1/release_evidence/protocol/RBSR_LAMM_DOMINANCE_SEARCH_PROTOCOL_FREEZE.json:52; results/supplemental_rbsr_lamm_dominance_search_v1/release_evidence/protocol/final_rerun_holdout_train_pairs.json:2; results/supplemental_rbsr_lamm_dominance_search_v1/release_evidence/protocol/final_rerun_holdout_train_pairs.json:583; results/supplemental_rbsr_lamm_dominance_search_v1/release_evidence/validation/RBSR_ANCHOR_SELECTION_FREEZE.json:16; roi/subunits.json:4806; scripts/data_processing/build_splits.py:166; scripts/data_processing/build_splits.py:197; splits/facescape_847/pairs/primary_anchor_scale30.json:2; splits/facescape_847/pairs/primary_anchor_scale30.json:4
1989,4830,4830,Train / validation / test pairs 870 / 4830 / 9900 Ordered-pair counts in the result package. \\,20,demo/public/bundle/manifest.json:308; demo/public/bundle/manifest.json:351; docs/EVIDENCE_STATUS.md:17; docs/FINAL_EXPERIMENT_MAP.md:40; docs/final_tables/FINAL_PAPER_TABLES.json:6; docs/final_tables/FINAL_PAPER_TABLES.json:34; docs/final_tables/README.md:30; docs/final_tables/component_ablation_validation_4830_pairs.csv.sha256.json:3; reproducibility/source_snapshots/final_holdout_v1/source/scripts/analysis/select_rbsr_certified_projection.py:40; reproducibility/source_snapshots/final_holdout_v1/source/scripts/analysis/select_rbsr_certified_projection.py:41; reproducibility/source_snapshots/final_holdout_v1/source/scripts/analysis/select_rbsr_certified_projection.py:76; reproducibility/source_snapshots/final_holdout_v1/source/scripts/evaluation/rbsr_ridge_fold_projection.py:110; reproducibility/source_snapshots/final_holdout_v1/source/scripts/evaluation/rbsr_ridge_fold_projection.py:111; reproducibility/source_snapshots/posthoc_subunits_v1/source/scripts/evaluation/lamm_validation_reference.py:190; reproducibility/source_snapshots/posthoc_subunits_v1/source/scripts/evaluation/lamm_validation_reference.py:191; reproducibility/source_snapshots/posthoc_subunits_v1/source/scripts/evaluation/posthoc_personalization_ablation.py:223; reproducibility/source_snapshots/posthoc_subunits_v1/source/scripts/evaluation/posthoc_personalization_ablation.py:306; reproducibility/source_snapshots/posthoc_subunits_v1/source/scripts/evaluation/posthoc_personalization_ablation.py:307; reproducibility/source_snapshots/posthoc_subunits_v1/source/scripts/evaluation/posthoc_preflight.py:29; reproducibility/source_snapshots/posthoc_subunits_v1/source/scripts/evaluation/posthoc_preflight.py:230
1989,9900,9900,Train / validation / test pairs 870 / 4830 / 9900 Ordered-pair counts in the result package. \\,20,README.md:20; README.md:35; README.md:50; docs/EVIDENCE_STATUS.md:11; docs/EVIDENCE_STATUS.md:16; docs/FINAL_EXPERIMENT_MAP.md:8; docs/FINAL_EXPERIMENT_MAP.md:25; docs/final_tables/FINAL_PAPER_TABLES.json:3; docs/final_tables/FINAL_PAPER_TABLES.json:5; docs/final_tables/FINAL_PAPER_TABLES.json:8; docs/final_tables/FINAL_PAPER_TABLES.json:33; docs/final_tables/README.md:18; docs/final_tables/README.md:34; docs/final_tables/main_results_9900_pairs.csv.sha256.json:3; docs/final_tables/supplementary_rbsr_vs_lamm_9900_pairs.csv.sha256.json:3; experiments/lamm/README.md:14; experiments/lamm/README.md:57; experiments/lamm/run_lamm_facescape.py:323; reproducibility/source_snapshots/final_holdout_v1/source/experiments/lamm/run_lamm_facescape.py:323; reproducibility/source_snapshots/posthoc_subunits_v1/source/experiments/lamm/run_lamm_facescape.py:323
2023,-01,-01,reliability indicators. visualises the task.,0,
2026,6,6,rfredrawindex6,14,.github/workflows/ci.yml:17; .github/workflows/ci.yml:20; .github/workflows/ci.yml:51; .github/workflows/ci.yml:52; THIRD_PARTY.md:26; configs/reproduction.example.toml:19; data/DATASET_DONE.json:9; data/DATASET_DONE.json:11; data/DATASET_DONE.json:25; data/DATASET_DONE.json:27; data/DATASET_DONE.json:35; data/DATASET_DONE.json:51; data/DATASET_DONE.json:52; data/DATASET_DONE.json:57
2027,4.1,4.1,"Fig 4.1 --- Task geometry and nine-landmark protocol on audited data (REDRAW; replaces fig\_5\_1\_source\_target\_landmark\_displacement.pdf, absorbs new-paper verified spatial reference, 2 1)",2,demo/public/bundle/certified_presets.json:1; demo/public/bundle/ridge_browser.json:1
2027,2,2,"Fig 4.1 --- Task geometry and nine-landmark protocol on audited data (REDRAW; replaces fig\_5\_1\_source\_target\_landmark\_displacement.pdf, absorbs new-paper verified spatial reference, 2 1)",16,README.md:4; README.md:93; data/DATASET_DONE.json:9; data/DATASET_DONE.json:11; data/DATASET_DONE.json:19; data/DATASET_DONE.json:20; data/DATASET_DONE.json:25; data/DATASET_DONE.json:35; data/DATASET_DONE.json:41; data/DATASET_DONE.json:49; data/DATASET_DONE.json:57; data/DATASET_DONE.json:59; data/DATASET_DONE.json:65; data/DATASET_DONE.json:83; data/DATASET_DONE.json:107; data/DATASET_DONE.json:113
2027,1,1,"Fig 4.1 --- Task geometry and nine-landmark protocol on audited data (REDRAW; replaces fig\_5\_1\_source\_target\_landmark\_displacement.pdf, absorbs new-paper verified spatial reference, 2 1)",18,README.md:66; README.md:67; README.md:92; README.md:118; README.md:121; README.md:143; README.md:167; README.md:168; configs/reproduction.example.toml:11; data/DATASET_DONE.json:9; data/DATASET_DONE.json:11; data/DATASET_DONE.json:12; data/DATASET_DONE.json:19; data/DATASET_DONE.json:25; data/DATASET_DONE.json:27; data/DATASET_DONE.json:35; data/DATASET_DONE.json:49; data/DATASET_DONE.json:51
2028,27,27,Claim: the control signal is extremely sparse (27 scalars) while,19,data/DATASET_DONE.json:49; data/DATASET_DONE.json:65; data/DATASET_DONE.json:91; data/DATASET_DONE.json:145; data/DATASET_DONE.json:220; data/DATASET_DONE.json:241; data/DATASET_DONE.json:323; data/DATASET_DONE.json:531; data/DATASET_DONE.json:691; data/DATASET_DONE.json:787; data/DATASET_DONE.json:923; data/DATASET_DONE.json:1177; data/DATASET_DONE.json:1195; data/DATASET_DONE.json:1457; data/DATASET_DONE.json:1723; data/DATASET_DONE.json:1897; data/DATASET_DONE.json:1963; data/DATASET_DONE.json:2009; data/DATASET_DONE.json:2041
2029,11,11,"the output is dense (11,802 unknowns); grounds the conceptual",19,data/DATASET_DONE.json:11; data/DATASET_DONE.json:17; data/DATASET_DONE.json:81; data/DATASET_DONE.json:89; data/DATASET_DONE.json:92; data/DATASET_DONE.json:113; data/DATASET_DONE.json:131; data/DATASET_DONE.json:281; data/DATASET_DONE.json:289; data/DATASET_DONE.json:531; data/DATASET_DONE.json:563; data/DATASET_DONE.json:627; data/DATASET_DONE.json:715; data/DATASET_DONE.json:777; data/DATASET_DONE.json:873; data/DATASET_DONE.json:899; data/DATASET_DONE.json:953; data/DATASET_DONE.json:1051; data/DATASET_DONE.json:1409
2029,802,802,"the output is dense (11,802 unknowns); grounds the conceptual",20,data/DATASET_DONE.json:803; data/DATASET_DONE.json:2027; data/DATASET_DONE.json:2433; data/DATASET_DONE.json:2529; data/DATASET_DONE.json:6420; data/manifest.json:2744; data/manifest.json:2852; data/manifest.json:7220; data/manifest.json:7221; results/rbsr_final_rerun_holdout_v1/posthoc_subunit_analysis_v1/noise/SHARED_CONTROL_NOISE_DRAW_MANIFEST.json:62; results/rbsr_final_rerun_holdout_v1/posthoc_subunit_analysis_v1/personalization/pair_metrics_all_variants.csv:804; results/rbsr_final_rerun_holdout_v1/posthoc_subunit_analysis_v1/personalization/pair_metrics_all_variants.csv:5634; results/rbsr_final_rerun_holdout_v1/posthoc_subunit_analysis_v1/personalization/pair_metrics_all_variants.csv:10464; results/rbsr_final_rerun_holdout_v1/posthoc_subunit_analysis_v1/personalization/pair_metrics_all_variants.csv:15294; results/rbsr_final_rerun_holdout_v1/protocol/final_rerun_holdout_split_manifest.json:765; results/rbsr_final_rerun_holdout_v1/protocol/final_rerun_holdout_train_pairs.json:550; results/rbsr_final_rerun_holdout_v1/protocol/final_rerun_holdout_train_pairs.json:1235; results/rbsr_final_rerun_holdout_v1/protocol/final_rerun_holdout_train_pairs.json:2770; results/rbsr_final_rerun_holdout_v1/protocol/final_rerun_holdout_train_pairs.json:2986; results/rbsr_final_rerun_holdout_v1/protocol/final_rerun_holdout_train_pairs.json:3007
2034,1,1,Composition: 1 3: (a) frontal view of the ROI with the nine,18,README.md:66; README.md:67; README.md:92; README.md:118; README.md:121; README.md:143; README.md:167; README.md:168; configs/reproduction.example.toml:11; data/DATASET_DONE.json:9; data/DATASET_DONE.json:11; data/DATASET_DONE.json:12; data/DATASET_DONE.json:19; data/DATASET_DONE.json:25; data/DATASET_DONE.json:27; data/DATASET_DONE.json:35; data/DATASET_DONE.json:49; data/DATASET_DONE.json:51
2034,3,3,Composition: 1 3: (a) frontal view of the ROI with the nine,18,CITATION.cff:14; README.md:5; README.md:8; README.md:55; README.md:78; README.md:94; README.md:184; data/DATASET_DONE.json:9; data/DATASET_DONE.json:25; data/DATASET_DONE.json:27; data/DATASET_DONE.json:28; data/DATASET_DONE.json:33; data/DATASET_DONE.json:35; data/DATASET_DONE.json:59; data/DATASET_DONE.json:65; data/DATASET_DONE.json:73; data/DATASET_DONE.json:75; data/DATASET_DONE.json:81
2035,27,27,"landmarks numbered 27--35 (green dots + labels; four midline, five",19,data/DATASET_DONE.json:49; data/DATASET_DONE.json:65; data/DATASET_DONE.json:91; data/DATASET_DONE.json:145; data/DATASET_DONE.json:220; data/DATASET_DONE.json:241; data/DATASET_DONE.json:323; data/DATASET_DONE.json:531; data/DATASET_DONE.json:691; data/DATASET_DONE.json:787; data/DATASET_DONE.json:923; data/DATASET_DONE.json:1177; data/DATASET_DONE.json:1195; data/DATASET_DONE.json:1457; data/DATASET_DONE.json:1723; data/DATASET_DONE.json:1897; data/DATASET_DONE.json:1963; data/DATASET_DONE.json:2009; data/DATASET_DONE.json:2041
2035,-35,-35,"landmarks numbered 27--35 (green dots + labels; four midline, five",7,experiments/lamm/run_lamm_facescape.py:290; reproducibility/source_snapshots/final_holdout_v1/source/experiments/lamm/run_lamm_facescape.py:290; reproducibility/source_snapshots/posthoc_subunits_v1/source/experiments/lamm/run_lamm_facescape.py:290; roi/subunits.json:7949; roi/vertices.json:3988; scripts/data_processing/build_splits.py:361; splits/facescape_847/split_manifest.json:9831
2044,4.1,4.1,figure\_redraw\_inventory.md Fig 4.1.,2,demo/public/bundle/certified_presets.json:1; demo/public/bundle/ridge_browser.json:1
2046,3934,3934,3934-vertex ROI with landmarks 27--35. (b) Side view of the same handles;,20,data/DATASET_DONE.json:5; data/DATASET_DONE.json:10; data/DATASET_DONE.json:18; data/DATASET_DONE.json:26; data/DATASET_DONE.json:34; data/DATASET_DONE.json:42; data/DATASET_DONE.json:50; data/DATASET_DONE.json:58; data/DATASET_DONE.json:66; data/DATASET_DONE.json:74; data/DATASET_DONE.json:82; data/DATASET_DONE.json:90; data/DATASET_DONE.json:98; data/DATASET_DONE.json:106; data/DATASET_DONE.json:114; data/DATASET_DONE.json:122; data/DATASET_DONE.json:130; data/DATASET_DONE.json:138; data/DATASET_DONE.json:146; data/DATASET_DONE.json:154
2046,27,27,3934-vertex ROI with landmarks 27--35. (b) Side view of the same handles;,19,data/DATASET_DONE.json:49; data/DATASET_DONE.json:65; data/DATASET_DONE.json:91; data/DATASET_DONE.json:145; data/DATASET_DONE.json:220; data/DATASET_DONE.json:241; data/DATASET_DONE.json:323; data/DATASET_DONE.json:531; data/DATASET_DONE.json:691; data/DATASET_DONE.json:787; data/DATASET_DONE.json:923; data/DATASET_DONE.json:1177; data/DATASET_DONE.json:1195; data/DATASET_DONE.json:1457; data/DATASET_DONE.json:1723; data/DATASET_DONE.json:1897; data/DATASET_DONE.json:1963; data/DATASET_DONE.json:2009; data/DATASET_DONE.json:2041
2046,-35,-35,3934-vertex ROI with landmarks 27--35. (b) Side view of the same handles;,7,experiments/lamm/run_lamm_facescape.py:290; reproducibility/source_snapshots/final_holdout_v1/source/experiments/lamm/run_lamm_facescape.py:290; reproducibility/source_snapshots/posthoc_subunits_v1/source/experiments/lamm/run_lamm_facescape.py:290; roi/subunits.json:7949; roi/vertices.json:3988; scripts/data_processing/build_splits.py:361; splits/facescape_847/split_manifest.json:9831
2047,31,31,the five nasal-base landmarks are labelled jointly as 31--35 to avoid,20,data/DATASET_DONE.json:9; data/DATASET_DONE.json:155; data/DATASET_DONE.json:252; data/DATASET_DONE.json:323; data/DATASET_DONE.json:337; data/DATASET_DONE.json:537; data/DATASET_DONE.json:555; data/DATASET_DONE.json:577; data/DATASET_DONE.json:979; data/DATASET_DONE.json:1059; data/DATASET_DONE.json:1097; data/DATASET_DONE.json:1123; data/DATASET_DONE.json:1179; data/DATASET_DONE.json:1187; data/DATASET_DONE.json:1249; data/DATASET_DONE.json:1257; data/DATASET_DONE.json:1299; data/DATASET_DONE.json:1643; data/DATASET_DONE.json:1667; data/DATASET_DONE.json:1793
2047,-35,-35,the five nasal-base landmarks are labelled jointly as 31--35 to avoid,7,experiments/lamm/run_lamm_facescape.py:290; reproducibility/source_snapshots/final_holdout_v1/source/experiments/lamm/run_lamm_facescape.py:290; reproducibility/source_snapshots/posthoc_subunits_v1/source/experiments/lamm/run_lamm_facescape.py:290; roi/subunits.json:7949; roi/vertices.json:3988; scripts/data_processing/build_splits.py:361; splits/facescape_847/split_manifest.json:9831
2052,-01,-01,,0,
2070,0,0,"proposer producing R, a per-vertex gate G , and a hard certificate",17,.github/workflows/ci.yml:19; .github/workflows/ci.yml:60; CITATION.cff:1; CITATION.cff:10; data/DATASET_DONE.json:11; data/DATASET_DONE.json:19; data/DATASET_DONE.json:25; data/DATASET_DONE.json:27; data/DATASET_DONE.json:41; data/DATASET_DONE.json:49; data/DATASET_DONE.json:51; data/DATASET_DONE.json:59; data/DATASET_DONE.json:65; data/DATASET_DONE.json:83; data/DATASET_DONE.json:91; data/DATASET_DONE.json:97; data/DATASET_DONE.json:105
2070,1,1,"proposer producing R, a per-vertex gate G , and a hard certificate",18,README.md:66; README.md:67; README.md:92; README.md:118; README.md:121; README.md:143; README.md:167; README.md:168; configs/reproduction.example.toml:11; data/DATASET_DONE.json:9; data/DATASET_DONE.json:11; data/DATASET_DONE.json:12; data/DATASET_DONE.json:19; data/DATASET_DONE.json:25; data/DATASET_DONE.json:27; data/DATASET_DONE.json:35; data/DATASET_DONE.json:49; data/DATASET_DONE.json:51
2080,7,7,rfredrawindex7,15,data/DATASET_DONE.json:9; data/DATASET_DONE.json:11; data/DATASET_DONE.json:17; data/DATASET_DONE.json:19; data/DATASET_DONE.json:25; data/DATASET_DONE.json:27; data/DATASET_DONE.json:41; data/DATASET_DONE.json:49; data/DATASET_DONE.json:51; data/DATASET_DONE.json:57; data/DATASET_DONE.json:60; data/DATASET_DONE.json:65; data/DATASET_DONE.json:81; data/DATASET_DONE.json:91; data/DATASET_DONE.json:99
2081,4.2,4.2,"Fig 4.2 --- Certified RB-SR end-to-end framework (REDRAW, dissertation hero figure, P0; merges rffigRBSROverview + rffigArchitecture + rffigSourcePCA + rffigRidgeModule + rffigResidualModule + new-paper overview, 7 1)",4,demo/public/bundle/golden_cases.json:167; demo/public/bundle/golden_certified.json:161; demo/public/bundle/manifest.json:193; demo/public/bundle/manifest.json:196
2081,7,7,"Fig 4.2 --- Certified RB-SR end-to-end framework (REDRAW, dissertation hero figure, P0; merges rffigRBSROverview + rffigArchitecture + rffigSourcePCA + rffigRidgeModule + rffigResidualModule + new-paper overview, 7 1)",15,data/DATASET_DONE.json:9; data/DATASET_DONE.json:11; data/DATASET_DONE.json:17; data/DATASET_DONE.json:19; data/DATASET_DONE.json:25; data/DATASET_DONE.json:27; data/DATASET_DONE.json:41; data/DATASET_DONE.json:49; data/DATASET_DONE.json:51; data/DATASET_DONE.json:57; data/DATASET_DONE.json:60; data/DATASET_DONE.json:65; data/DATASET_DONE.json:81; data/DATASET_DONE.json:91; data/DATASET_DONE.json:99
2081,1,1,"Fig 4.2 --- Certified RB-SR end-to-end framework (REDRAW, dissertation hero figure, P0; merges rffigRBSROverview + rffigArchitecture + rffigSourcePCA + rffigRidgeModule + rffigResidualModule + new-paper overview, 7 1)",18,README.md:66; README.md:67; README.md:92; README.md:118; README.md:121; README.md:143; README.md:167; README.md:168; configs/reproduction.example.toml:11; data/DATASET_DONE.json:9; data/DATASET_DONE.json:11; data/DATASET_DONE.json:12; data/DATASET_DONE.json:19; data/DATASET_DONE.json:25; data/DATASET_DONE.json:27; data/DATASET_DONE.json:35; data/DATASET_DONE.json:49; data/DATASET_DONE.json:51
2082,1,1,Claim: the complete four-stage pipeline in one diagram---Stage 1,18,README.md:66; README.md:67; README.md:92; README.md:118; README.md:121; README.md:143; README.md:167; README.md:168; configs/reproduction.example.toml:11; data/DATASET_DONE.json:9; data/DATASET_DONE.json:11; data/DATASET_DONE.json:12; data/DATASET_DONE.json:19; data/DATASET_DONE.json:25; data/DATASET_DONE.json:27; data/DATASET_DONE.json:35; data/DATASET_DONE.json:49; data/DATASET_DONE.json:51
2083,2,2,"source-PCA-conditioned ridge anchor, Stage 2 CVAE residual proposer, Stage 3",16,README.md:4; README.md:93; data/DATASET_DONE.json:9; data/DATASET_DONE.json:11; data/DATASET_DONE.json:19; data/DATASET_DONE.json:20; data/DATASET_DONE.json:25; data/DATASET_DONE.json:35; data/DATASET_DONE.json:41; data/DATASET_DONE.json:49; data/DATASET_DONE.json:57; data/DATASET_DONE.json:59; data/DATASET_DONE.json:65; data/DATASET_DONE.json:83; data/DATASET_DONE.json:107; data/DATASET_DONE.json:113
2083,3,3,"source-PCA-conditioned ridge anchor, Stage 2 CVAE residual proposer, Stage 3",18,CITATION.cff:14; README.md:5; README.md:8; README.md:55; README.md:78; README.md:94; README.md:184; data/DATASET_DONE.json:9; data/DATASET_DONE.json:25; data/DATASET_DONE.json:27; data/DATASET_DONE.json:28; data/DATASET_DONE.json:33; data/DATASET_DONE.json:35; data/DATASET_DONE.json:59; data/DATASET_DONE.json:65; data/DATASET_DONE.json:73; data/DATASET_DONE.json:75; data/DATASET_DONE.json:81
2084,4,4,"learned per-vertex gate, Stage 4 hard ridge-relative fold certificate",14,README.md:98; data/DATASET_DONE.json:11; data/DATASET_DONE.json:19; data/DATASET_DONE.json:35; data/DATASET_DONE.json:36; data/DATASET_DONE.json:41; data/DATASET_DONE.json:43; data/DATASET_DONE.json:57; data/DATASET_DONE.json:59; data/DATASET_DONE.json:81; data/DATASET_DONE.json:89; data/DATASET_DONE.json:91; data/DATASET_DONE.json:97; data/DATASET_DONE.json:105
2085,0.75,0.75,(projection + 0.75 attenuation loop)---with the central thesis that neural,19,demo/README.md:23; demo/public/bundle/certified_browser.json:1; demo/public/bundle/certified_presets.json:1; demo/public/bundle/manifest.json:28; demo/src/App.jsx:129; demo/src/components/Studio3D.jsx:20; demo/verify.mjs:125; docs/FINAL_EXPERIMENT_MAP.md:9; reproducibility/source_snapshots/final_holdout_v1/source/rhinoform/safe_fusion.py:27; reproducibility/source_snapshots/final_holdout_v1/source/rhinoform/train.py:723; reproducibility/source_snapshots/final_holdout_v1/source/rhinoform/train.py:937; reproducibility/source_snapshots/final_holdout_v1/source/scripts/evaluation/rbsr_ridge_fold_projection.py:67; reproducibility/source_snapshots/posthoc_subunits_v1/source/rhinoform/safe_fusion.py:27; reproducibility/source_snapshots/posthoc_subunits_v1/source/rhinoform/train.py:723; reproducibility/source_snapshots/posthoc_subunits_v1/source/rhinoform/train.py:937; reproducibility/source_snapshots/supplemental_dominance_v1/source_corrected/rhinoform/train.py:723; reproducibility/source_snapshots/supplemental_dominance_v1/source_corrected/rhinoform/train.py:937; reproducibility/source_snapshots/supplemental_dominance_v1/source_pre_erratum/rhinoform/train.py:723; reproducibility/source_snapshots/supplemental_dominance_v1/source_pre_erratum/rhinoform/train.py:937
2087,3.1,3.1,Style: Benjamin-Teoh hero figure (his Fig 3.1 role): strict semantic,1,demo/public/bundle/ridge_browser.json:1
2089,3,3,"gate, purple = certificate); dashed frame around the safety stage (3+4);",18,CITATION.cff:14; README.md:5; README.md:8; README.md:55; README.md:78; README.md:94; README.md:184; data/DATASET_DONE.json:9; data/DATASET_DONE.json:25; data/DATASET_DONE.json:27; data/DATASET_DONE.json:28; data/DATASET_DONE.json:33; data/DATASET_DONE.json:35; data/DATASET_DONE.json:59; data/DATASET_DONE.json:65; data/DATASET_DONE.json:73; data/DATASET_DONE.json:75; data/DATASET_DONE.json:81
2089,+4,+4,"gate, purple = certificate); dashed frame around the safety stage (3+4);",14,README.md:98; data/DATASET_DONE.json:11; data/DATASET_DONE.json:19; data/DATASET_DONE.json:35; data/DATASET_DONE.json:36; data/DATASET_DONE.json:41; data/DATASET_DONE.json:43; data/DATASET_DONE.json:57; data/DATASET_DONE.json:59; data/DATASET_DONE.json:81; data/DATASET_DONE.json:89; data/DATASET_DONE.json:91; data/DATASET_DONE.json:97; data/DATASET_DONE.json:105
2094,64,64,"s R^64) ridge anchor (yellow, output",19,data/DATASET_DONE.json:251; data/DATASET_DONE.json:369; data/DATASET_DONE.json:385; data/DATASET_DONE.json:516; data/DATASET_DONE.json:545; data/DATASET_DONE.json:801; data/DATASET_DONE.json:881; data/DATASET_DONE.json:955; data/DATASET_DONE.json:1025; data/DATASET_DONE.json:1563; data/DATASET_DONE.json:1579; data/DATASET_DONE.json:1619; data/DATASET_DONE.json:2129; data/DATASET_DONE.json:2203; data/DATASET_DONE.json:2403; data/DATASET_DONE.json:2457; data/DATASET_DONE.json:2961; data/DATASET_DONE.json:3129; data/DATASET_DONE.json:3225
2098,0,0,"g ^|V|) certificate (purple, internal loop arrow",17,.github/workflows/ci.yml:19; .github/workflows/ci.yml:60; CITATION.cff:1; CITATION.cff:10; data/DATASET_DONE.json:11; data/DATASET_DONE.json:19; data/DATASET_DONE.json:25; data/DATASET_DONE.json:27; data/DATASET_DONE.json:41; data/DATASET_DONE.json:49; data/DATASET_DONE.json:51; data/DATASET_DONE.json:59; data/DATASET_DONE.json:65; data/DATASET_DONE.json:83; data/DATASET_DONE.json:91; data/DATASET_DONE.json:97; data/DATASET_DONE.json:105
2098,1,1,"g ^|V|) certificate (purple, internal loop arrow",18,README.md:66; README.md:67; README.md:92; README.md:118; README.md:121; README.md:143; README.md:167; README.md:168; configs/reproduction.example.toml:11; data/DATASET_DONE.json:9; data/DATASET_DONE.json:11; data/DATASET_DONE.json:12; data/DATASET_DONE.json:19; data/DATASET_DONE.json:25; data/DATASET_DONE.json:27; data/DATASET_DONE.json:35; data/DATASET_DONE.json:49; data/DATASET_DONE.json:51
2099,75,75,``project / attenuate 0.75''),20,data/DATASET_DONE.json:107; data/DATASET_DONE.json:265; data/DATASET_DONE.json:299; data/DATASET_DONE.json:497; data/DATASET_DONE.json:545; data/DATASET_DONE.json:604; data/DATASET_DONE.json:649; data/DATASET_DONE.json:729; data/DATASET_DONE.json:793; data/DATASET_DONE.json:913; data/DATASET_DONE.json:1177; data/DATASET_DONE.json:1411; data/DATASET_DONE.json:1483; data/DATASET_DONE.json:1571; data/DATASET_DONE.json:1609; data/DATASET_DONE.json:1803; data/DATASET_DONE.json:1881; data/DATASET_DONE.json:1899; data/DATASET_DONE.json:1963; data/DATASET_DONE.json:2033
2108,830,830,REPO/docs/final\_tables/component\_ablation\_validation\_4830\_pairs.csv.,20,data/DATASET_DONE.json:185; data/DATASET_DONE.json:299; data/DATASET_DONE.json:1097; data/DATASET_DONE.json:1809; data/DATASET_DONE.json:2441; data/DATASET_DONE.json:3531; data/DATASET_DONE.json:4353; data/DATASET_DONE.json:6395; data/DATASET_DONE.json:6563; data/DATASET_DONE.json:6644; data/manifest.json:215; data/manifest.json:1241; data/manifest.json:2042; data/manifest.json:2753; data/manifest.json:4904; data/manifest.json:7472; data/manifest.json:7473; reproducibility/source_snapshots/posthoc_subunits_v1/SOURCE_MANIFEST.json:16; results/rbsr_final_rerun_holdout_v1/FINAL_RESULT_FREEZE_AUDIT.json.sha256.json:4; results/rbsr_final_rerun_holdout_v1/RESULT_TREE_MANIFEST.json:37
2110,4.2,4.2,Fig 4.2.,4,demo/public/bundle/golden_cases.json:167; demo/public/bundle/golden_certified.json:161; demo/public/bundle/manifest.json:193; demo/public/bundle/manifest.json:196
2113,0,0,G forms the gated correction G R in the displayed,17,.github/workflows/ci.yml:19; .github/workflows/ci.yml:60; CITATION.cff:1; CITATION.cff:10; data/DATASET_DONE.json:11; data/DATASET_DONE.json:19; data/DATASET_DONE.json:25; data/DATASET_DONE.json:27; data/DATASET_DONE.json:41; data/DATASET_DONE.json:49; data/DATASET_DONE.json:51; data/DATASET_DONE.json:59; data/DATASET_DONE.json:65; data/DATASET_DONE.json:83; data/DATASET_DONE.json:91; data/DATASET_DONE.json:97; data/DATASET_DONE.json:105
2113,1,1,G forms the gated correction G R in the displayed,18,README.md:66; README.md:67; README.md:92; README.md:118; README.md:121; README.md:143; README.md:167; README.md:168; configs/reproduction.example.toml:11; data/DATASET_DONE.json:9; data/DATASET_DONE.json:11; data/DATASET_DONE.json:12; data/DATASET_DONE.json:19; data/DATASET_DONE.json:25; data/DATASET_DONE.json:27; data/DATASET_DONE.json:35; data/DATASET_DONE.json:49; data/DATASET_DONE.json:51
2118,4.1,4.1,Algorithm 4.1.,2,demo/public/bundle/certified_presets.json:1; demo/public/bundle/ridge_browser.json:1
2143,91,91,conditional neural field uses the standardised 91-D source--control condition,20,data/DATASET_DONE.json:33; data/DATASET_DONE.json:385; data/DATASET_DONE.json:443; data/DATASET_DONE.json:451; data/DATASET_DONE.json:539; data/DATASET_DONE.json:553; data/DATASET_DONE.json:593; data/DATASET_DONE.json:595; data/DATASET_DONE.json:603; data/DATASET_DONE.json:675; data/DATASET_DONE.json:705; data/DATASET_DONE.json:732; data/DATASET_DONE.json:939; data/DATASET_DONE.json:947; data/DATASET_DONE.json:953; data/DATASET_DONE.json:1027; data/DATASET_DONE.json:1075; data/DATASET_DONE.json:1267; data/DATASET_DONE.json:1289; data/DATASET_DONE.json:1323
2144,16,16,in its prior and decoder; only its training posterior also receives the 16-D,20,data/DATASET_DONE.json:57; data/DATASET_DONE.json:132; data/DATASET_DONE.json:139; data/DATASET_DONE.json:187; data/DATASET_DONE.json:257; data/DATASET_DONE.json:281; data/DATASET_DONE.json:353; data/DATASET_DONE.json:593; data/DATASET_DONE.json:721; data/DATASET_DONE.json:739; data/DATASET_DONE.json:865; data/DATASET_DONE.json:953; data/DATASET_DONE.json:979; data/DATASET_DONE.json:1049; data/DATASET_DONE.json:1177; data/DATASET_DONE.json:1233; data/DATASET_DONE.json:1273; data/DATASET_DONE.json:1281; data/DATASET_DONE.json:1361; data/DATASET_DONE.json:1585
2167,91,91,"standardised 91-D edit-and-source condition x, an 8-D",20,data/DATASET_DONE.json:33; data/DATASET_DONE.json:385; data/DATASET_DONE.json:443; data/DATASET_DONE.json:451; data/DATASET_DONE.json:539; data/DATASET_DONE.json:553; data/DATASET_DONE.json:593; data/DATASET_DONE.json:595; data/DATASET_DONE.json:603; data/DATASET_DONE.json:675; data/DATASET_DONE.json:705; data/DATASET_DONE.json:732; data/DATASET_DONE.json:939; data/DATASET_DONE.json:947; data/DATASET_DONE.json:953; data/DATASET_DONE.json:1027; data/DATASET_DONE.json:1075; data/DATASET_DONE.json:1267; data/DATASET_DONE.json:1289; data/DATASET_DONE.json:1323
2167,8,8,"standardised 91-D edit-and-source condition x, an 8-D",14,THIRD_PARTY.md:26; configs/reproduction.example.toml:19; data/DATASET_DONE.json:11; data/DATASET_DONE.json:17; data/DATASET_DONE.json:27; data/DATASET_DONE.json:33; data/DATASET_DONE.json:41; data/DATASET_DONE.json:51; data/DATASET_DONE.json:59; data/DATASET_DONE.json:65; data/DATASET_DONE.json:67; data/DATASET_DONE.json:68; data/DATASET_DONE.json:75; data/DATASET_DONE.json:91
2168,15,15,"latent code and 15-D static per-vertex features. During training, the posterior",20,data/DATASET_DONE.json:81; data/DATASET_DONE.json:124; data/DATASET_DONE.json:633; data/DATASET_DONE.json:649; data/DATASET_DONE.json:675; data/DATASET_DONE.json:691; data/DATASET_DONE.json:865; data/DATASET_DONE.json:921; data/DATASET_DONE.json:945; data/DATASET_DONE.json:1065; data/DATASET_DONE.json:1147; data/DATASET_DONE.json:1313; data/DATASET_DONE.json:1641; data/DATASET_DONE.json:1729; data/DATASET_DONE.json:2017; data/DATASET_DONE.json:2153; data/DATASET_DONE.json:2219; data/DATASET_DONE.json:2259; data/DATASET_DONE.json:2571; data/DATASET_DONE.json:2577
2169,16,16,"additionally observes the 16-D delta-PCA target code; at inference, the prior",20,data/DATASET_DONE.json:57; data/DATASET_DONE.json:132; data/DATASET_DONE.json:139; data/DATASET_DONE.json:187; data/DATASET_DONE.json:257; data/DATASET_DONE.json:281; data/DATASET_DONE.json:353; data/DATASET_DONE.json:593; data/DATASET_DONE.json:721; data/DATASET_DONE.json:739; data/DATASET_DONE.json:865; data/DATASET_DONE.json:953; data/DATASET_DONE.json:979; data/DATASET_DONE.json:1049; data/DATASET_DONE.json:1177; data/DATASET_DONE.json:1233; data/DATASET_DONE.json:1273; data/DATASET_DONE.json:1281; data/DATASET_DONE.json:1361; data/DATASET_DONE.json:1585
2178,0.75,0.75,"the residual by 0.75 on vertices of newly folded faces, with a uniform Ridge",19,demo/README.md:23; demo/public/bundle/certified_browser.json:1; demo/public/bundle/certified_presets.json:1; demo/public/bundle/manifest.json:28; demo/src/App.jsx:129; demo/src/components/Studio3D.jsx:20; demo/verify.mjs:125; docs/FINAL_EXPERIMENT_MAP.md:9; reproducibility/source_snapshots/final_holdout_v1/source/rhinoform/safe_fusion.py:27; reproducibility/source_snapshots/final_holdout_v1/source/rhinoform/train.py:723; reproducibility/source_snapshots/final_holdout_v1/source/rhinoform/train.py:937; reproducibility/source_snapshots/final_holdout_v1/source/scripts/evaluation/rbsr_ridge_fold_projection.py:67; reproducibility/source_snapshots/posthoc_subunits_v1/source/rhinoform/safe_fusion.py:27; reproducibility/source_snapshots/posthoc_subunits_v1/source/rhinoform/train.py:723; reproducibility/source_snapshots/posthoc_subunits_v1/source/rhinoform/train.py:937; reproducibility/source_snapshots/supplemental_dominance_v1/source_corrected/rhinoform/train.py:723; reproducibility/source_snapshots/supplemental_dominance_v1/source_corrected/rhinoform/train.py:937; reproducibility/source_snapshots/supplemental_dominance_v1/source_pre_erratum/rhinoform/train.py:723; reproducibility/source_snapshots/supplemental_dominance_v1/source_pre_erratum/rhinoform/train.py:937
2195,4,4,4pt,14,README.md:98; data/DATASET_DONE.json:11; data/DATASET_DONE.json:19; data/DATASET_DONE.json:35; data/DATASET_DONE.json:36; data/DATASET_DONE.json:41; data/DATASET_DONE.json:43; data/DATASET_DONE.json:57; data/DATASET_DONE.json:59; data/DATASET_DONE.json:81; data/DATASET_DONE.json:89; data/DATASET_DONE.json:91; data/DATASET_DONE.json:97; data/DATASET_DONE.json:105
2198,0.08,0.08,tabularp0.08 p0.25 p0.45 p0.14,9,demo/public/bundle/certified_presets.json:1; demo/src/components/Studio.jsx:76; demo/src/components/Studio.jsx:819; demo/verify.mjs:439; results/rbsr_final_rerun_holdout_v1/posthoc_subunit_analysis_v1/paired_all_methods_vs_ridge.csv:48; results/rbsr_final_rerun_holdout_v1/posthoc_subunit_analysis_v1/paired_all_methods_vs_ridge.csv:114; results/rbsr_final_rerun_holdout_v1/posthoc_subunit_analysis_v1/paired_certified_rbsr_vs_lamm.csv:2; tests/test_safe_fusion.py:87; tests/test_safe_fusion.py:88
2198,0.25,0.25,tabularp0.08 p0.25 p0.45 p0.14,15,demo/public/bundle/certified_presets.json:1; demo/public/bundle/golden_cases.json:362; experiments/lamm/README.md:31; experiments/lamm/run_lamm_facescape.py:440; experiments/lamm/run_lamm_facescape.py:441; experiments/lamm/run_lamm_facescape.py:648; experiments/lamm/run_lamm_facescape.py:1094; experiments/lamm/run_lamm_facescape.py:1140; reproducibility/source_snapshots/final_holdout_v1/source/experiments/lamm/run_lamm_facescape.py:440; reproducibility/source_snapshots/final_holdout_v1/source/experiments/lamm/run_lamm_facescape.py:441; reproducibility/source_snapshots/final_holdout_v1/source/experiments/lamm/run_lamm_facescape.py:648; reproducibility/source_snapshots/final_holdout_v1/source/experiments/lamm/run_lamm_facescape.py:1094; reproducibility/source_snapshots/final_holdout_v1/source/experiments/lamm/run_lamm_facescape.py:1140; reproducibility/source_snapshots/final_holdout_v1/source/rhinoform/train.py:723; reproducibility/source_snapshots/final_holdout_v1/source/rhinoform/train.py:937
2198,0.45,0.45,tabularp0.08 p0.25 p0.45 p0.14,4,demo/public/bundle/certified_presets.json:1; demo/src/components/Studio3D.jsx:19; demo/src/components/Studio3D.jsx:61; demo/src/components/Studio3D.jsx:88
2198,0.14,0.14,tabularp0.08 p0.25 p0.45 p0.14,3,demo/public/bundle/certified_presets.json:1; demo/public/bundle/head_mean.json:1; results/rbsr_final_rerun_holdout_v1/posthoc_subunit_analysis_v1/paired_all_methods_vs_ridge.csv:133
2202,1,1,"1 Encode sparse edit c=[ p_1, , p_9] R^27 Control vector \\",18,README.md:66; README.md:67; README.md:92; README.md:118; README.md:121; README.md:143; README.md:167; README.md:168; configs/reproduction.example.toml:11; data/DATASET_DONE.json:9; data/DATASET_DONE.json:11; data/DATASET_DONE.json:12; data/DATASET_DONE.json:19; data/DATASET_DONE.json:25; data/DATASET_DONE.json:27; data/DATASET_DONE.json:35; data/DATASET_DONE.json:49; data/DATASET_DONE.json:51
2202,27,27,"1 Encode sparse edit c=[ p_1, , p_9] R^27 Control vector \\",19,data/DATASET_DONE.json:49; data/DATASET_DONE.json:65; data/DATASET_DONE.json:91; data/DATASET_DONE.json:145; data/DATASET_DONE.json:220; data/DATASET_DONE.json:241; data/DATASET_DONE.json:323; data/DATASET_DONE.json:531; data/DATASET_DONE.json:691; data/DATASET_DONE.json:787; data/DATASET_DONE.json:923; data/DATASET_DONE.json:1177; data/DATASET_DONE.json:1195; data/DATASET_DONE.json:1457; data/DATASET_DONE.json:1723; data/DATASET_DONE.json:1897; data/DATASET_DONE.json:1963; data/DATASET_DONE.json:2009; data/DATASET_DONE.json:2041
2203,2,2,2 Encode source identity Project source ROI onto train-only PCA basis _ src R^64 \\,16,README.md:4; README.md:93; data/DATASET_DONE.json:9; data/DATASET_DONE.json:11; data/DATASET_DONE.json:19; data/DATASET_DONE.json:20; data/DATASET_DONE.json:25; data/DATASET_DONE.json:35; data/DATASET_DONE.json:41; data/DATASET_DONE.json:49; data/DATASET_DONE.json:57; data/DATASET_DONE.json:59; data/DATASET_DONE.json:65; data/DATASET_DONE.json:83; data/DATASET_DONE.json:107; data/DATASET_DONE.json:113
2203,64,64,2 Encode source identity Project source ROI onto train-only PCA basis _ src R^64 \\,19,data/DATASET_DONE.json:251; data/DATASET_DONE.json:369; data/DATASET_DONE.json:385; data/DATASET_DONE.json:516; data/DATASET_DONE.json:545; data/DATASET_DONE.json:801; data/DATASET_DONE.json:881; data/DATASET_DONE.json:955; data/DATASET_DONE.json:1025; data/DATASET_DONE.json:1563; data/DATASET_DONE.json:1579; data/DATASET_DONE.json:1619; data/DATASET_DONE.json:2129; data/DATASET_DONE.json:2203; data/DATASET_DONE.json:2403; data/DATASET_DONE.json:2457; data/DATASET_DONE.json:2961; data/DATASET_DONE.json:3129; data/DATASET_DONE.json:3225
2204,3,3,"3 Build condition x=[ c, _ src] R^91, then train-set z-score x \\",18,CITATION.cff:14; README.md:5; README.md:8; README.md:55; README.md:78; README.md:94; README.md:184; data/DATASET_DONE.json:9; data/DATASET_DONE.json:25; data/DATASET_DONE.json:27; data/DATASET_DONE.json:28; data/DATASET_DONE.json:33; data/DATASET_DONE.json:35; data/DATASET_DONE.json:59; data/DATASET_DONE.json:65; data/DATASET_DONE.json:73; data/DATASET_DONE.json:75; data/DATASET_DONE.json:81
2204,91,91,"3 Build condition x=[ c, _ src] R^91, then train-set z-score x \\",20,data/DATASET_DONE.json:33; data/DATASET_DONE.json:385; data/DATASET_DONE.json:443; data/DATASET_DONE.json:451; data/DATASET_DONE.json:539; data/DATASET_DONE.json:553; data/DATASET_DONE.json:593; data/DATASET_DONE.json:595; data/DATASET_DONE.json:603; data/DATASET_DONE.json:675; data/DATASET_DONE.json:705; data/DATASET_DONE.json:732; data/DATASET_DONE.json:939; data/DATASET_DONE.json:947; data/DATASET_DONE.json:953; data/DATASET_DONE.json:1027; data/DATASET_DONE.json:1075; data/DATASET_DONE.json:1267; data/DATASET_DONE.json:1289; data/DATASET_DONE.json:1323
2205,4,4,"4 Ridge anchor D_R= xW+b (3934,3) field \\",14,README.md:98; data/DATASET_DONE.json:11; data/DATASET_DONE.json:19; data/DATASET_DONE.json:35; data/DATASET_DONE.json:36; data/DATASET_DONE.json:41; data/DATASET_DONE.json:43; data/DATASET_DONE.json:57; data/DATASET_DONE.json:59; data/DATASET_DONE.json:81; data/DATASET_DONE.json:89; data/DATASET_DONE.json:91; data/DATASET_DONE.json:97; data/DATASET_DONE.json:105
2205,3934,3934,"4 Ridge anchor D_R= xW+b (3934,3) field \\",20,data/DATASET_DONE.json:5; data/DATASET_DONE.json:10; data/DATASET_DONE.json:18; data/DATASET_DONE.json:26; data/DATASET_DONE.json:34; data/DATASET_DONE.json:42; data/DATASET_DONE.json:50; data/DATASET_DONE.json:58; data/DATASET_DONE.json:66; data/DATASET_DONE.json:74; data/DATASET_DONE.json:82; data/DATASET_DONE.json:90; data/DATASET_DONE.json:98; data/DATASET_DONE.json:106; data/DATASET_DONE.json:114; data/DATASET_DONE.json:122; data/DATASET_DONE.json:130; data/DATASET_DONE.json:138; data/DATASET_DONE.json:146; data/DATASET_DONE.json:154
2205,3,3,"4 Ridge anchor D_R= xW+b (3934,3) field \\",18,CITATION.cff:14; README.md:5; README.md:8; README.md:55; README.md:78; README.md:94; README.md:184; data/DATASET_DONE.json:9; data/DATASET_DONE.json:25; data/DATASET_DONE.json:27; data/DATASET_DONE.json:28; data/DATASET_DONE.json:33; data/DATASET_DONE.json:35; data/DATASET_DONE.json:59; data/DATASET_DONE.json:65; data/DATASET_DONE.json:73; data/DATASET_DONE.json:75; data/DATASET_DONE.json:81
2206,5,5,5 CVAE dense proposal Use prior mean z= _p( x) and decode per-vertex field D_N \\,16,data/DATASET_DONE.json:11; data/DATASET_DONE.json:17; data/DATASET_DONE.json:25; data/DATASET_DONE.json:27; data/DATASET_DONE.json:33; data/DATASET_DONE.json:41; data/DATASET_DONE.json:43; data/DATASET_DONE.json:44; data/DATASET_DONE.json:49; data/DATASET_DONE.json:51; data/DATASET_DONE.json:59; data/DATASET_DONE.json:75; data/DATASET_DONE.json:83; data/DATASET_DONE.json:91; data/DATASET_DONE.json:113; data/DATASET_DONE.json:121
2207,6,6,6 Residual field R= D_N- D_R Proposed residual \\,14,.github/workflows/ci.yml:17; .github/workflows/ci.yml:20; .github/workflows/ci.yml:51; .github/workflows/ci.yml:52; THIRD_PARTY.md:26; configs/reproduction.example.toml:19; data/DATASET_DONE.json:9; data/DATASET_DONE.json:11; data/DATASET_DONE.json:25; data/DATASET_DONE.json:27; data/DATASET_DONE.json:35; data/DATASET_DONE.json:51; data/DATASET_DONE.json:52; data/DATASET_DONE.json:57
2208,7,7,7 Spatial gate g(v)= (G_ ) g ^V \\,15,data/DATASET_DONE.json:9; data/DATASET_DONE.json:11; data/DATASET_DONE.json:17; data/DATASET_DONE.json:19; data/DATASET_DONE.json:25; data/DATASET_DONE.json:27; data/DATASET_DONE.json:41; data/DATASET_DONE.json:49; data/DATASET_DONE.json:51; data/DATASET_DONE.json:57; data/DATASET_DONE.json:60; data/DATASET_DONE.json:65; data/DATASET_DONE.json:81; data/DATASET_DONE.json:91; data/DATASET_DONE.json:99
2208,0,0,7 Spatial gate g(v)= (G_ ) g ^V \\,17,.github/workflows/ci.yml:19; .github/workflows/ci.yml:60; CITATION.cff:1; CITATION.cff:10; data/DATASET_DONE.json:11; data/DATASET_DONE.json:19; data/DATASET_DONE.json:25; data/DATASET_DONE.json:27; data/DATASET_DONE.json:41; data/DATASET_DONE.json:49; data/DATASET_DONE.json:51; data/DATASET_DONE.json:59; data/DATASET_DONE.json:65; data/DATASET_DONE.json:83; data/DATASET_DONE.json:91; data/DATASET_DONE.json:97; data/DATASET_DONE.json:105
2208,1,1,7 Spatial gate g(v)= (G_ ) g ^V \\,18,README.md:66; README.md:67; README.md:92; README.md:118; README.md:121; README.md:143; README.md:167; README.md:168; configs/reproduction.example.toml:11; data/DATASET_DONE.json:9; data/DATASET_DONE.json:11; data/DATASET_DONE.json:12; data/DATASET_DONE.json:19; data/DATASET_DONE.json:25; data/DATASET_DONE.json:27; data/DATASET_DONE.json:35; data/DATASET_DONE.json:49; data/DATASET_DONE.json:51
2209,8,8,8 Gated refinement D_ raw= D_R+g R Raw field \\,14,THIRD_PARTY.md:26; configs/reproduction.example.toml:19; data/DATASET_DONE.json:11; data/DATASET_DONE.json:17; data/DATASET_DONE.json:27; data/DATASET_DONE.json:33; data/DATASET_DONE.json:41; data/DATASET_DONE.json:51; data/DATASET_DONE.json:59; data/DATASET_DONE.json:65; data/DATASET_DONE.json:67; data/DATASET_DONE.json:68; data/DATASET_DONE.json:75; data/DATASET_DONE.json:91
2210,9,9,9 Exact handles D_ hard= project_ H( D_ raw) Hard-projected field \\,16,data/DATASET_DONE.json:9; data/DATASET_DONE.json:19; data/DATASET_DONE.json:35; data/DATASET_DONE.json:41; data/DATASET_DONE.json:49; data/DATASET_DONE.json:57; data/DATASET_DONE.json:76; data/DATASET_DONE.json:83; data/DATASET_DONE.json:97; data/DATASET_DONE.json:105; data/DATASET_DONE.json:121; data/DATASET_DONE.json:137; data/DATASET_DONE.json:139; data/DATASET_DONE.json:163; data/DATASET_DONE.json:169; data/DATASET_DONE.json:179
2211,10,10,10 Fold certificate D_ cert= _ fold( D_ hard; D_R) Certified field \\,20,data/DATASET_DONE.json:84; data/DATASET_DONE.json:329; data/DATASET_DONE.json:353; data/DATASET_DONE.json:459; data/DATASET_DONE.json:1041; data/DATASET_DONE.json:1171; data/DATASET_DONE.json:1283; data/DATASET_DONE.json:1353; data/DATASET_DONE.json:1529; data/DATASET_DONE.json:1649; data/DATASET_DONE.json:1859; data/DATASET_DONE.json:1937; data/DATASET_DONE.json:2001; data/DATASET_DONE.json:2059; data/DATASET_DONE.json:2155; data/DATASET_DONE.json:2457; data/DATASET_DONE.json:2513; data/DATASET_DONE.json:2553; data/DATASET_DONE.json:2601; data/DATASET_DONE.json:2603
2212,11,11,"11 Strict audit Verify K( D_ cert) K( D_R); compute RMSE, new flips and edge strain Metrics \\",19,data/DATASET_DONE.json:11; data/DATASET_DONE.json:17; data/DATASET_DONE.json:81; data/DATASET_DONE.json:89; data/DATASET_DONE.json:92; data/DATASET_DONE.json:113; data/DATASET_DONE.json:131; data/DATASET_DONE.json:281; data/DATASET_DONE.json:289; data/DATASET_DONE.json:531; data/DATASET_DONE.json:563; data/DATASET_DONE.json:627; data/DATASET_DONE.json:715; data/DATASET_DONE.json:777; data/DATASET_DONE.json:873; data/DATASET_DONE.json:899; data/DATASET_DONE.json:953; data/DATASET_DONE.json:1051; data/DATASET_DONE.json:1409
2217,1,1,Stage 1: source-conditioned ridge anchor,18,README.md:66; README.md:67; README.md:92; README.md:118; README.md:121; README.md:143; README.md:167; README.md:168; configs/reproduction.example.toml:11; data/DATASET_DONE.json:9; data/DATASET_DONE.json:11; data/DATASET_DONE.json:12; data/DATASET_DONE.json:19; data/DATASET_DONE.json:25; data/DATASET_DONE.json:27; data/DATASET_DONE.json:35; data/DATASET_DONE.json:49; data/DATASET_DONE.json:51
2225,27,27,27-dimensional control vector c. The source ROI is projected onto a,19,data/DATASET_DONE.json:49; data/DATASET_DONE.json:65; data/DATASET_DONE.json:91; data/DATASET_DONE.json:145; data/DATASET_DONE.json:220; data/DATASET_DONE.json:241; data/DATASET_DONE.json:323; data/DATASET_DONE.json:531; data/DATASET_DONE.json:691; data/DATASET_DONE.json:787; data/DATASET_DONE.json:923; data/DATASET_DONE.json:1177; data/DATASET_DONE.json:1195; data/DATASET_DONE.json:1457; data/DATASET_DONE.json:1723; data/DATASET_DONE.json:1897; data/DATASET_DONE.json:1963; data/DATASET_DONE.json:2009; data/DATASET_DONE.json:2041
2226,64,64,"training-set PCA basis, giving _ src R^64. Their",19,data/DATASET_DONE.json:251; data/DATASET_DONE.json:369; data/DATASET_DONE.json:385; data/DATASET_DONE.json:516; data/DATASET_DONE.json:545; data/DATASET_DONE.json:801; data/DATASET_DONE.json:881; data/DATASET_DONE.json:955; data/DATASET_DONE.json:1025; data/DATASET_DONE.json:1563; data/DATASET_DONE.json:1579; data/DATASET_DONE.json:1619; data/DATASET_DONE.json:2129; data/DATASET_DONE.json:2203; data/DATASET_DONE.json:2403; data/DATASET_DONE.json:2457; data/DATASET_DONE.json:2961; data/DATASET_DONE.json:3129; data/DATASET_DONE.json:3225
2227,91,91,concatenation is the 91-dimensional condition,20,data/DATASET_DONE.json:33; data/DATASET_DONE.json:385; data/DATASET_DONE.json:443; data/DATASET_DONE.json:451; data/DATASET_DONE.json:539; data/DATASET_DONE.json:553; data/DATASET_DONE.json:593; data/DATASET_DONE.json:595; data/DATASET_DONE.json:603; data/DATASET_DONE.json:675; data/DATASET_DONE.json:705; data/DATASET_DONE.json:732; data/DATASET_DONE.json:939; data/DATASET_DONE.json:947; data/DATASET_DONE.json:953; data/DATASET_DONE.json:1027; data/DATASET_DONE.json:1075; data/DATASET_DONE.json:1267; data/DATASET_DONE.json:1289; data/DATASET_DONE.json:1323
2235,-1,-1,W=( X^ X+ I)^-1,14,demo/public/bundle/certified_presets.json:1; demo/public/bundle/ridge_browser.json:1; demo/src/engine/demoEdits.js:12; experiments/lamm/run_lamm_facescape.py:96; experiments/lamm/run_lamm_facescape.py:100; experiments/lamm/run_lamm_facescape.py:450; experiments/lamm/run_lamm_facescape.py:550; experiments/lamm/run_lamm_facescape.py:568; experiments/lamm/run_lamm_facescape.py:570; experiments/lamm/run_lamm_facescape.py:628; experiments/lamm/run_lamm_facescape.py:629; experiments/lamm/run_lamm_facescape.py:749; experiments/lamm/run_lamm_facescape.py:754; experiments/lamm/run_lamm_facescape.py:913
2242,300,300,=300. The output D_R R^3934 3,20,data/DATASET_DONE.json:2404; data/DATASET_DONE.json:2891; data/DATASET_DONE.json:5873; data/DATASET_DONE.json:6009; data/manifest.json:2702; data/manifest.json:2703; data/manifest.json:6614; data/manifest.json:6767; demo/README.md:8; demo/src/App.jsx:128; demo/verify.mjs:516; docs/FINAL_EXPERIMENT_MAP.md:9; reproducibility/RELEASE_ASSET_MANIFEST.json:39; results/rbsr_final_rerun_holdout_v1/lamm/seed20260609/ae_history.json:69; results/rbsr_final_rerun_holdout_v1/lamm/seed20260609/manipulation_history.json:81; results/rbsr_final_rerun_holdout_v1/posthoc_subunit_analysis_v1/figures/FIGURE_EVIDENCE.json:2; results/rbsr_final_rerun_holdout_v1/posthoc_subunit_analysis_v1/personalization/pair_metrics_all_variants.csv:302; results/rbsr_final_rerun_holdout_v1/posthoc_subunit_analysis_v1/personalization/pair_metrics_all_variants.csv:5132; results/rbsr_final_rerun_holdout_v1/posthoc_subunit_analysis_v1/personalization/pair_metrics_all_variants.csv:9962; results/rbsr_final_rerun_holdout_v1/posthoc_subunit_analysis_v1/personalization/pair_metrics_all_variants.csv:14792
2242,3934,3934,=300. The output D_R R^3934 3,20,data/DATASET_DONE.json:5; data/DATASET_DONE.json:10; data/DATASET_DONE.json:18; data/DATASET_DONE.json:26; data/DATASET_DONE.json:34; data/DATASET_DONE.json:42; data/DATASET_DONE.json:50; data/DATASET_DONE.json:58; data/DATASET_DONE.json:66; data/DATASET_DONE.json:74; data/DATASET_DONE.json:82; data/DATASET_DONE.json:90; data/DATASET_DONE.json:98; data/DATASET_DONE.json:106; data/DATASET_DONE.json:114; data/DATASET_DONE.json:122; data/DATASET_DONE.json:130; data/DATASET_DONE.json:138; data/DATASET_DONE.json:146; data/DATASET_DONE.json:154
2249,5,5,5pt,16,data/DATASET_DONE.json:11; data/DATASET_DONE.json:17; data/DATASET_DONE.json:25; data/DATASET_DONE.json:27; data/DATASET_DONE.json:33; data/DATASET_DONE.json:41; data/DATASET_DONE.json:43; data/DATASET_DONE.json:44; data/DATASET_DONE.json:49; data/DATASET_DONE.json:51; data/DATASET_DONE.json:59; data/DATASET_DONE.json:75; data/DATASET_DONE.json:83; data/DATASET_DONE.json:91; data/DATASET_DONE.json:113; data/DATASET_DONE.json:121
2252,0.24,0.24,tabularp0.24 p0.25 p0.18 p0.18,0,
2252,0.25,0.25,tabularp0.24 p0.25 p0.18 p0.18,15,demo/public/bundle/certified_presets.json:1; demo/public/bundle/golden_cases.json:362; experiments/lamm/README.md:31; experiments/lamm/run_lamm_facescape.py:440; experiments/lamm/run_lamm_facescape.py:441; experiments/lamm/run_lamm_facescape.py:648; experiments/lamm/run_lamm_facescape.py:1094; experiments/lamm/run_lamm_facescape.py:1140; reproducibility/source_snapshots/final_holdout_v1/source/experiments/lamm/run_lamm_facescape.py:440; reproducibility/source_snapshots/final_holdout_v1/source/experiments/lamm/run_lamm_facescape.py:441; reproducibility/source_snapshots/final_holdout_v1/source/experiments/lamm/run_lamm_facescape.py:648; reproducibility/source_snapshots/final_holdout_v1/source/experiments/lamm/run_lamm_facescape.py:1094; reproducibility/source_snapshots/final_holdout_v1/source/experiments/lamm/run_lamm_facescape.py:1140; reproducibility/source_snapshots/final_holdout_v1/source/rhinoform/train.py:723; reproducibility/source_snapshots/final_holdout_v1/source/rhinoform/train.py:937
2252,0.18,0.18,tabularp0.24 p0.25 p0.18 p0.18,4,demo/public/bundle/certified_presets.json:1; results/rbsr_final_rerun_holdout_v1/posthoc_subunit_analysis_v1/paired_all_methods_vs_ridge.csv:54; results/rbsr_final_rerun_holdout_v1/posthoc_subunit_analysis_v1/paired_all_methods_vs_ridge.csv:55; results/rbsr_final_rerun_holdout_v1/posthoc_subunit_analysis_v1/paired_all_methods_vs_ridge.csv:119
2252,0.18,0.18,tabularp0.24 p0.25 p0.18 p0.18,4,demo/public/bundle/certified_presets.json:1; results/rbsr_final_rerun_holdout_v1/posthoc_subunit_analysis_v1/paired_all_methods_vs_ridge.csv:54; results/rbsr_final_rerun_holdout_v1/posthoc_subunit_analysis_v1/paired_all_methods_vs_ridge.csv:55; results/rbsr_final_rerun_holdout_v1/posthoc_subunit_analysis_v1/paired_all_methods_vs_ridge.csv:119
2256,27,27,"Condition Concatenation and z-score (B,27)+(B,64) (B,91) \\",19,data/DATASET_DONE.json:49; data/DATASET_DONE.json:65; data/DATASET_DONE.json:91; data/DATASET_DONE.json:145; data/DATASET_DONE.json:220; data/DATASET_DONE.json:241; data/DATASET_DONE.json:323; data/DATASET_DONE.json:531; data/DATASET_DONE.json:691; data/DATASET_DONE.json:787; data/DATASET_DONE.json:923; data/DATASET_DONE.json:1177; data/DATASET_DONE.json:1195; data/DATASET_DONE.json:1457; data/DATASET_DONE.json:1723; data/DATASET_DONE.json:1897; data/DATASET_DONE.json:1963; data/DATASET_DONE.json:2009; data/DATASET_DONE.json:2041
2256,64,64,"Condition Concatenation and z-score (B,27)+(B,64) (B,91) \\",19,data/DATASET_DONE.json:251; data/DATASET_DONE.json:369; data/DATASET_DONE.json:385; data/DATASET_DONE.json:516; data/DATASET_DONE.json:545; data/DATASET_DONE.json:801; data/DATASET_DONE.json:881; data/DATASET_DONE.json:955; data/DATASET_DONE.json:1025; data/DATASET_DONE.json:1563; data/DATASET_DONE.json:1579; data/DATASET_DONE.json:1619; data/DATASET_DONE.json:2129; data/DATASET_DONE.json:2203; data/DATASET_DONE.json:2403; data/DATASET_DONE.json:2457; data/DATASET_DONE.json:2961; data/DATASET_DONE.json:3129; data/DATASET_DONE.json:3225
2256,91,91,"Condition Concatenation and z-score (B,27)+(B,64) (B,91) \\",20,data/DATASET_DONE.json:33; data/DATASET_DONE.json:385; data/DATASET_DONE.json:443; data/DATASET_DONE.json:451; data/DATASET_DONE.json:539; data/DATASET_DONE.json:553; data/DATASET_DONE.json:593; data/DATASET_DONE.json:595; data/DATASET_DONE.json:603; data/DATASET_DONE.json:675; data/DATASET_DONE.json:705; data/DATASET_DONE.json:732; data/DATASET_DONE.json:939; data/DATASET_DONE.json:947; data/DATASET_DONE.json:953; data/DATASET_DONE.json:1027; data/DATASET_DONE.json:1075; data/DATASET_DONE.json:1267; data/DATASET_DONE.json:1289; data/DATASET_DONE.json:1323
2257,91,91,"Ridge map Affine ridge regression (B,91) (B,11802) \\",20,data/DATASET_DONE.json:33; data/DATASET_DONE.json:385; data/DATASET_DONE.json:443; data/DATASET_DONE.json:451; data/DATASET_DONE.json:539; data/DATASET_DONE.json:553; data/DATASET_DONE.json:593; data/DATASET_DONE.json:595; data/DATASET_DONE.json:603; data/DATASET_DONE.json:675; data/DATASET_DONE.json:705; data/DATASET_DONE.json:732; data/DATASET_DONE.json:939; data/DATASET_DONE.json:947; data/DATASET_DONE.json:953; data/DATASET_DONE.json:1027; data/DATASET_DONE.json:1075; data/DATASET_DONE.json:1267; data/DATASET_DONE.json:1289; data/DATASET_DONE.json:1323
2257,11802,11802,"Ridge map Affine ridge regression (B,91) (B,11802) \\",10,demo/public/bundle/manifest.json:375; demo/public/bundle/manifest.json:379; demo/public/bundle/manifest.json:382; demo/public/bundle/manifest.json:389; demo/public/bundle/manifest.json:395; demo/src/engine/uploadSource.js:156; demo/src/engine/uploadSource.js:157; roi/collar.json:1362; roi/subunits.json:2431; roi/vertices.json:1377
2258,11802,11802,"ROI reshape Tensor reshape (B,11802) (B,3934,3) \\",10,demo/public/bundle/manifest.json:375; demo/public/bundle/manifest.json:379; demo/public/bundle/manifest.json:382; demo/public/bundle/manifest.json:389; demo/public/bundle/manifest.json:395; demo/src/engine/uploadSource.js:156; demo/src/engine/uploadSource.js:157; roi/collar.json:1362; roi/subunits.json:2431; roi/vertices.json:1377
2258,3934,3934,"ROI reshape Tensor reshape (B,11802) (B,3934,3) \\",20,data/DATASET_DONE.json:5; data/DATASET_DONE.json:10; data/DATASET_DONE.json:18; data/DATASET_DONE.json:26; data/DATASET_DONE.json:34; data/DATASET_DONE.json:42; data/DATASET_DONE.json:50; data/DATASET_DONE.json:58; data/DATASET_DONE.json:66; data/DATASET_DONE.json:74; data/DATASET_DONE.json:82; data/DATASET_DONE.json:90; data/DATASET_DONE.json:98; data/DATASET_DONE.json:106; data/DATASET_DONE.json:114; data/DATASET_DONE.json:122; data/DATASET_DONE.json:130; data/DATASET_DONE.json:138; data/DATASET_DONE.json:146; data/DATASET_DONE.json:154
2258,3,3,"ROI reshape Tensor reshape (B,11802) (B,3934,3) \\",18,CITATION.cff:14; README.md:5; README.md:8; README.md:55; README.md:78; README.md:94; README.md:184; data/DATASET_DONE.json:9; data/DATASET_DONE.json:25; data/DATASET_DONE.json:27; data/DATASET_DONE.json:28; data/DATASET_DONE.json:33; data/DATASET_DONE.json:35; data/DATASET_DONE.json:59; data/DATASET_DONE.json:65; data/DATASET_DONE.json:73; data/DATASET_DONE.json:75; data/DATASET_DONE.json:81
2268,1.1249,1.1249,"proposals before residual admission. Ridge obtains ROI RMSE 1.1249,",0,
2269,0.3541\%,0.3541%,target-relative new flips 0.3541\% and edge-strain p_95=0.2178; the,1,demo/public/bundle/certified_presets.json:1
2269,95,95,target-relative new flips 0.3541\% and edge-strain p_95=0.2178; the,20,README.md:24; README.md:36; data/DATASET_DONE.json:107; data/DATASET_DONE.json:115; data/DATASET_DONE.json:177; data/DATASET_DONE.json:225; data/DATASET_DONE.json:273; data/DATASET_DONE.json:403; data/DATASET_DONE.json:545; data/DATASET_DONE.json:561; data/DATASET_DONE.json:601; data/DATASET_DONE.json:699; data/DATASET_DONE.json:713; data/DATASET_DONE.json:739; data/DATASET_DONE.json:755; data/DATASET_DONE.json:764; data/DATASET_DONE.json:923; data/DATASET_DONE.json:1043; data/DATASET_DONE.json:1065; data/DATASET_DONE.json:1297
2269,0.2178,0.2178,target-relative new flips 0.3541\% and edge-strain p_95=0.2178; the,1,demo/public/bundle/certified_presets.json:1
2270,1.3966,1.3966,"CVAE-only proposal obtains 1.3966, 1.3668\% and 0.2388, respectively.",0,
2270,1.3668\%,1.3668%,"CVAE-only proposal obtains 1.3966, 1.3668\% and 0.2388, respectively.",0,
2270,0.2388,0.2388,"CVAE-only proposal obtains 1.3966, 1.3668\% and 0.2388, respectively.",1,demo/public/bundle/certified_presets.json:1
2272,4,4,"fold-prone than the linear anchor on the same 4\,830 ordered pairs.",14,README.md:98; data/DATASET_DONE.json:11; data/DATASET_DONE.json:19; data/DATASET_DONE.json:35; data/DATASET_DONE.json:36; data/DATASET_DONE.json:41; data/DATASET_DONE.json:43; data/DATASET_DONE.json:57; data/DATASET_DONE.json:59; data/DATASET_DONE.json:81; data/DATASET_DONE.json:89; data/DATASET_DONE.json:91; data/DATASET_DONE.json:97; data/DATASET_DONE.json:105
2272,830,830,"fold-prone than the linear anchor on the same 4\,830 ordered pairs.",20,data/DATASET_DONE.json:185; data/DATASET_DONE.json:299; data/DATASET_DONE.json:1097; data/DATASET_DONE.json:1809; data/DATASET_DONE.json:2441; data/DATASET_DONE.json:3531; data/DATASET_DONE.json:4353; data/DATASET_DONE.json:6395; data/DATASET_DONE.json:6563; data/DATASET_DONE.json:6644; data/manifest.json:215; data/manifest.json:1241; data/manifest.json:2042; data/manifest.json:2753; data/manifest.json:4904; data/manifest.json:7472; data/manifest.json:7473; reproducibility/source_snapshots/posthoc_subunits_v1/SOURCE_MANIFEST.json:16; results/rbsr_final_rerun_holdout_v1/FINAL_RESULT_FREEZE_AUDIT.json.sha256.json:4; results/rbsr_final_rerun_holdout_v1/RESULT_TREE_MANIFEST.json:37
2275,1.1249,1.1249,the source geometry. Matched source-PCA conditioning gives RMSE 1.1249.,0,
2276,1.2770,1.2770,Removing the source code increases RMSE to 1.2770; replacing it with the mean,0,
2277,1.4522,1.4522,source code gives 1.4522; and shuffling source codes gives 1.6373.,0,
2277,1.6373,1.6373,source code gives 1.4522; and shuffling source codes gives 1.6373.,0,
2286,1,1,Stage 1 validation diagnostics,18,README.md:66; README.md:67; README.md:92; README.md:118; README.md:121; README.md:143; README.md:167; README.md:168; configs/reproduction.example.toml:11; data/DATASET_DONE.json:9; data/DATASET_DONE.json:11; data/DATASET_DONE.json:12; data/DATASET_DONE.json:19; data/DATASET_DONE.json:25; data/DATASET_DONE.json:27; data/DATASET_DONE.json:35; data/DATASET_DONE.json:49; data/DATASET_DONE.json:51
2286,1,1,Stage 1 validation diagnostics,18,README.md:66; README.md:67; README.md:92; README.md:118; README.md:121; README.md:143; README.md:167; README.md:168; configs/reproduction.example.toml:11; data/DATASET_DONE.json:9; data/DATASET_DONE.json:11; data/DATASET_DONE.json:12; data/DATASET_DONE.json:19; data/DATASET_DONE.json:25; data/DATASET_DONE.json:27; data/DATASET_DONE.json:35; data/DATASET_DONE.json:49; data/DATASET_DONE.json:51
2287,4,4,"(4\,830 ordered pairs). (a,b) Ridge and CVAE-only dense proposals.",14,README.md:98; data/DATASET_DONE.json:11; data/DATASET_DONE.json:19; data/DATASET_DONE.json:35; data/DATASET_DONE.json:36; data/DATASET_DONE.json:41; data/DATASET_DONE.json:43; data/DATASET_DONE.json:57; data/DATASET_DONE.json:59; data/DATASET_DONE.json:81; data/DATASET_DONE.json:89; data/DATASET_DONE.json:91; data/DATASET_DONE.json:97; data/DATASET_DONE.json:105
2287,830,830,"(4\,830 ordered pairs). (a,b) Ridge and CVAE-only dense proposals.",20,data/DATASET_DONE.json:185; data/DATASET_DONE.json:299; data/DATASET_DONE.json:1097; data/DATASET_DONE.json:1809; data/DATASET_DONE.json:2441; data/DATASET_DONE.json:3531; data/DATASET_DONE.json:4353; data/DATASET_DONE.json:6395; data/DATASET_DONE.json:6563; data/DATASET_DONE.json:6644; data/manifest.json:215; data/manifest.json:1241; data/manifest.json:2042; data/manifest.json:2753; data/manifest.json:4904; data/manifest.json:7472; data/manifest.json:7473; reproducibility/source_snapshots/posthoc_subunits_v1/SOURCE_MANIFEST.json:16; results/rbsr_final_rerun_holdout_v1/FINAL_RESULT_FREEZE_AUDIT.json.sha256.json:4; results/rbsr_final_rerun_holdout_v1/RESULT_TREE_MANIFEST.json:37
2297,2,2,corrections that the ridge map cannot express. Stage 2 tests those corrections,16,README.md:4; README.md:93; data/DATASET_DONE.json:9; data/DATASET_DONE.json:11; data/DATASET_DONE.json:19; data/DATASET_DONE.json:20; data/DATASET_DONE.json:25; data/DATASET_DONE.json:35; data/DATASET_DONE.json:41; data/DATASET_DONE.json:49; data/DATASET_DONE.json:57; data/DATASET_DONE.json:59; data/DATASET_DONE.json:65; data/DATASET_DONE.json:83; data/DATASET_DONE.json:107; data/DATASET_DONE.json:113
2300,2,2,Stage 2: residual proposal,16,README.md:4; README.md:93; data/DATASET_DONE.json:9; data/DATASET_DONE.json:11; data/DATASET_DONE.json:19; data/DATASET_DONE.json:20; data/DATASET_DONE.json:25; data/DATASET_DONE.json:35; data/DATASET_DONE.json:41; data/DATASET_DONE.json:49; data/DATASET_DONE.json:57; data/DATASET_DONE.json:59; data/DATASET_DONE.json:65; data/DATASET_DONE.json:83; data/DATASET_DONE.json:107; data/DATASET_DONE.json:113
2307,16,16,"observes the 16-dimensional delta-PCA target code; at inference, the prior",20,data/DATASET_DONE.json:57; data/DATASET_DONE.json:132; data/DATASET_DONE.json:139; data/DATASET_DONE.json:187; data/DATASET_DONE.json:257; data/DATASET_DONE.json:281; data/DATASET_DONE.json:353; data/DATASET_DONE.json:593; data/DATASET_DONE.json:721; data/DATASET_DONE.json:739; data/DATASET_DONE.json:865; data/DATASET_DONE.json:953; data/DATASET_DONE.json:979; data/DATASET_DONE.json:1049; data/DATASET_DONE.json:1177; data/DATASET_DONE.json:1233; data/DATASET_DONE.json:1273; data/DATASET_DONE.json:1281; data/DATASET_DONE.json:1361; data/DATASET_DONE.json:1585
2309,15,15,"[ _v, x,z], where _v R^15 contains static",20,data/DATASET_DONE.json:81; data/DATASET_DONE.json:124; data/DATASET_DONE.json:633; data/DATASET_DONE.json:649; data/DATASET_DONE.json:675; data/DATASET_DONE.json:691; data/DATASET_DONE.json:865; data/DATASET_DONE.json:921; data/DATASET_DONE.json:945; data/DATASET_DONE.json:1065; data/DATASET_DONE.json:1147; data/DATASET_DONE.json:1313; data/DATASET_DONE.json:1641; data/DATASET_DONE.json:1729; data/DATASET_DONE.json:2017; data/DATASET_DONE.json:2153; data/DATASET_DONE.json:2219; data/DATASET_DONE.json:2259; data/DATASET_DONE.json:2571; data/DATASET_DONE.json:2577
2328,3,3,3pt,18,CITATION.cff:14; README.md:5; README.md:8; README.md:55; README.md:78; README.md:94; README.md:184; data/DATASET_DONE.json:9; data/DATASET_DONE.json:25; data/DATASET_DONE.json:27; data/DATASET_DONE.json:28; data/DATASET_DONE.json:33; data/DATASET_DONE.json:35; data/DATASET_DONE.json:59; data/DATASET_DONE.json:65; data/DATASET_DONE.json:73; data/DATASET_DONE.json:75; data/DATASET_DONE.json:81
2330,3934,3934,ROI vertex count V=3934.,20,data/DATASET_DONE.json:5; data/DATASET_DONE.json:10; data/DATASET_DONE.json:18; data/DATASET_DONE.json:26; data/DATASET_DONE.json:34; data/DATASET_DONE.json:42; data/DATASET_DONE.json:50; data/DATASET_DONE.json:58; data/DATASET_DONE.json:66; data/DATASET_DONE.json:74; data/DATASET_DONE.json:82; data/DATASET_DONE.json:90; data/DATASET_DONE.json:98; data/DATASET_DONE.json:106; data/DATASET_DONE.json:114; data/DATASET_DONE.json:122; data/DATASET_DONE.json:130; data/DATASET_DONE.json:138; data/DATASET_DONE.json:146; data/DATASET_DONE.json:154
2332,0.19,0.19,tabularp0.19 p0.27 p0.18 p0.18 r,3,demo/public/bundle/certified_presets.json:1; results/rbsr_final_rerun_holdout_v1/posthoc_subunit_analysis_v1/paired_all_methods_vs_ridge.csv:79; results/rbsr_final_rerun_holdout_v1/posthoc_subunit_analysis_v1/paired_all_methods_vs_ridge.csv:80
2332,0.27,0.27,tabularp0.19 p0.27 p0.18 p0.18 r,4,demo/package-lock.json:728; demo/package-lock.json:768; demo/package-lock.json:838; demo/public/bundle/certified_presets.json:1
2332,0.18,0.18,tabularp0.19 p0.27 p0.18 p0.18 r,4,demo/public/bundle/certified_presets.json:1; results/rbsr_final_rerun_holdout_v1/posthoc_subunit_analysis_v1/paired_all_methods_vs_ridge.csv:54; results/rbsr_final_rerun_holdout_v1/posthoc_subunit_analysis_v1/paired_all_methods_vs_ridge.csv:55; results/rbsr_final_rerun_holdout_v1/posthoc_subunit_analysis_v1/paired_all_methods_vs_ridge.csv:119
2332,0.18,0.18,tabularp0.19 p0.27 p0.18 p0.18 r,4,demo/public/bundle/certified_presets.json:1; results/rbsr_final_rerun_holdout_v1/posthoc_subunit_analysis_v1/paired_all_methods_vs_ridge.csv:54; results/rbsr_final_rerun_holdout_v1/posthoc_subunit_analysis_v1/paired_all_methods_vs_ridge.csv:55; results/rbsr_final_rerun_holdout_v1/posthoc_subunit_analysis_v1/paired_all_methods_vs_ridge.csv:119
2336,91,91,"Prior trunk Linear 91\! \!128; SiLU; LayerNorm (B,91) (B,128) 12032 \\",20,data/DATASET_DONE.json:33; data/DATASET_DONE.json:385; data/DATASET_DONE.json:443; data/DATASET_DONE.json:451; data/DATASET_DONE.json:539; data/DATASET_DONE.json:553; data/DATASET_DONE.json:593; data/DATASET_DONE.json:595; data/DATASET_DONE.json:603; data/DATASET_DONE.json:675; data/DATASET_DONE.json:705; data/DATASET_DONE.json:732; data/DATASET_DONE.json:939; data/DATASET_DONE.json:947; data/DATASET_DONE.json:953; data/DATASET_DONE.json:1027; data/DATASET_DONE.json:1075; data/DATASET_DONE.json:1267; data/DATASET_DONE.json:1289; data/DATASET_DONE.json:1323
2336,128,128,"Prior trunk Linear 91\! \!128; SiLU; LayerNorm (B,91) (B,128) 12032 \\",19,data/DATASET_DONE.json:1028; data/manifest.json:1154; data/manifest.json:1155; demo/public/bundle/manifest.json:15; demo/src/engine/certifiedLocal.js:75; demo/src/engine/certifiedLocal.js:76; demo/src/engine/certifiedLocal.js:77; demo/src/engine/certifiedLocal.js:78; demo/src/engine/certifiedLocal.js:80; demo/src/engine/certifiedLocal.js:89; demo/src/engine/certifiedLocal.js:90; demo/src/engine/certifiedLocal.js:97; demo/src/engine/certifiedLocal.js:98; demo/src/engine/certifiedLocal.js:101; demo/src/engine/certifiedLocal.js:107; demo/src/engine/certifiedLocal.js:108; demo/src/engine/certifiedLocal.js:109; demo/src/engine/certifiedLocal.js:110; demo/src/engine/certifiedLocal.js:113
2336,91,91,"Prior trunk Linear 91\! \!128; SiLU; LayerNorm (B,91) (B,128) 12032 \\",20,data/DATASET_DONE.json:33; data/DATASET_DONE.json:385; data/DATASET_DONE.json:443; data/DATASET_DONE.json:451; data/DATASET_DONE.json:539; data/DATASET_DONE.json:553; data/DATASET_DONE.json:593; data/DATASET_DONE.json:595; data/DATASET_DONE.json:603; data/DATASET_DONE.json:675; data/DATASET_DONE.json:705; data/DATASET_DONE.json:732; data/DATASET_DONE.json:939; data/DATASET_DONE.json:947; data/DATASET_DONE.json:953; data/DATASET_DONE.json:1027; data/DATASET_DONE.json:1075; data/DATASET_DONE.json:1267; data/DATASET_DONE.json:1289; data/DATASET_DONE.json:1323
2336,128,128,"Prior trunk Linear 91\! \!128; SiLU; LayerNorm (B,91) (B,128) 12032 \\",19,data/DATASET_DONE.json:1028; data/manifest.json:1154; data/manifest.json:1155; demo/public/bundle/manifest.json:15; demo/src/engine/certifiedLocal.js:75; demo/src/engine/certifiedLocal.js:76; demo/src/engine/certifiedLocal.js:77; demo/src/engine/certifiedLocal.js:78; demo/src/engine/certifiedLocal.js:80; demo/src/engine/certifiedLocal.js:89; demo/src/engine/certifiedLocal.js:90; demo/src/engine/certifiedLocal.js:97; demo/src/engine/certifiedLocal.js:98; demo/src/engine/certifiedLocal.js:101; demo/src/engine/certifiedLocal.js:107; demo/src/engine/certifiedLocal.js:108; demo/src/engine/certifiedLocal.js:109; demo/src/engine/certifiedLocal.js:110; demo/src/engine/certifiedLocal.js:113
2336,12032,12032,"Prior trunk Linear 91\! \!128; SiLU; LayerNorm (B,91) (B,128) 12032 \\",0,
2337,128,128,"Prior heads Two linear 128\! \!8 heads (B,128) 2 (B,8) 2064 \\",19,data/DATASET_DONE.json:1028; data/manifest.json:1154; data/manifest.json:1155; demo/public/bundle/manifest.json:15; demo/src/engine/certifiedLocal.js:75; demo/src/engine/certifiedLocal.js:76; demo/src/engine/certifiedLocal.js:77; demo/src/engine/certifiedLocal.js:78; demo/src/engine/certifiedLocal.js:80; demo/src/engine/certifiedLocal.js:89; demo/src/engine/certifiedLocal.js:90; demo/src/engine/certifiedLocal.js:97; demo/src/engine/certifiedLocal.js:98; demo/src/engine/certifiedLocal.js:101; demo/src/engine/certifiedLocal.js:107; demo/src/engine/certifiedLocal.js:108; demo/src/engine/certifiedLocal.js:109; demo/src/engine/certifiedLocal.js:110; demo/src/engine/certifiedLocal.js:113
2337,8,8,"Prior heads Two linear 128\! \!8 heads (B,128) 2 (B,8) 2064 \\",14,THIRD_PARTY.md:26; configs/reproduction.example.toml:19; data/DATASET_DONE.json:11; data/DATASET_DONE.json:17; data/DATASET_DONE.json:27; data/DATASET_DONE.json:33; data/DATASET_DONE.json:41; data/DATASET_DONE.json:51; data/DATASET_DONE.json:59; data/DATASET_DONE.json:65; data/DATASET_DONE.json:67; data/DATASET_DONE.json:68; data/DATASET_DONE.json:75; data/DATASET_DONE.json:91
2337,128,128,"Prior heads Two linear 128\! \!8 heads (B,128) 2 (B,8) 2064 \\",19,data/DATASET_DONE.json:1028; data/manifest.json:1154; data/manifest.json:1155; demo/public/bundle/manifest.json:15; demo/src/engine/certifiedLocal.js:75; demo/src/engine/certifiedLocal.js:76; demo/src/engine/certifiedLocal.js:77; demo/src/engine/certifiedLocal.js:78; demo/src/engine/certifiedLocal.js:80; demo/src/engine/certifiedLocal.js:89; demo/src/engine/certifiedLocal.js:90; demo/src/engine/certifiedLocal.js:97; demo/src/engine/certifiedLocal.js:98; demo/src/engine/certifiedLocal.js:101; demo/src/engine/certifiedLocal.js:107; demo/src/engine/certifiedLocal.js:108; demo/src/engine/certifiedLocal.js:109; demo/src/engine/certifiedLocal.js:110; demo/src/engine/certifiedLocal.js:113
2337,2,2,"Prior heads Two linear 128\! \!8 heads (B,128) 2 (B,8) 2064 \\",16,README.md:4; README.md:93; data/DATASET_DONE.json:9; data/DATASET_DONE.json:11; data/DATASET_DONE.json:19; data/DATASET_DONE.json:20; data/DATASET_DONE.json:25; data/DATASET_DONE.json:35; data/DATASET_DONE.json:41; data/DATASET_DONE.json:49; data/DATASET_DONE.json:57; data/DATASET_DONE.json:59; data/DATASET_DONE.json:65; data/DATASET_DONE.json:83; data/DATASET_DONE.json:107; data/DATASET_DONE.json:113
2337,8,8,"Prior heads Two linear 128\! \!8 heads (B,128) 2 (B,8) 2064 \\",14,THIRD_PARTY.md:26; configs/reproduction.example.toml:19; data/DATASET_DONE.json:11; data/DATASET_DONE.json:17; data/DATASET_DONE.json:27; data/DATASET_DONE.json:33; data/DATASET_DONE.json:41; data/DATASET_DONE.json:51; data/DATASET_DONE.json:59; data/DATASET_DONE.json:65; data/DATASET_DONE.json:67; data/DATASET_DONE.json:68; data/DATASET_DONE.json:75; data/DATASET_DONE.json:91
2337,2064,2064,"Prior heads Two linear 128\! \!8 heads (B,128) 2 (B,8) 2064 \\",7,results/rbsr_final_rerun_holdout_v1/posthoc_subunit_analysis_v1/personalization/pair_metrics_all_variants.csv:2066; results/rbsr_final_rerun_holdout_v1/posthoc_subunit_analysis_v1/personalization/pair_metrics_all_variants.csv:6896; results/rbsr_final_rerun_holdout_v1/posthoc_subunit_analysis_v1/personalization/pair_metrics_all_variants.csv:11726; results/rbsr_final_rerun_holdout_v1/posthoc_subunit_analysis_v1/personalization/pair_metrics_all_variants.csv:16556; results/rbsr_final_rerun_holdout_v1/posthoc_subunit_analysis_v1/qualitative/QUALITATIVE_CASES_EVIDENCE.json:16; results/rbsr_final_rerun_holdout_v1/posthoc_subunit_analysis_v1/qualitative/cases/case_02_small_control.npz.sha256.json:4; roi/subunits.json:819
2338,107,107,"Posterior trunk Linear 107\! \!128; SiLU; LayerNorm (B,107) (B,128) 14080 \\",20,data/DATASET_DONE.json:860; data/DATASET_DONE.json:6387; data/DATASET_DONE.json:6553; data/manifest.json:965; data/manifest.json:966; data/manifest.json:7379; results/rbsr_final_rerun_holdout_v1/posthoc_subunit_analysis_v1/personalization/pair_metrics_all_variants.csv:109; results/rbsr_final_rerun_holdout_v1/posthoc_subunit_analysis_v1/personalization/pair_metrics_all_variants.csv:4939; results/rbsr_final_rerun_holdout_v1/posthoc_subunit_analysis_v1/personalization/pair_metrics_all_variants.csv:9769; results/rbsr_final_rerun_holdout_v1/posthoc_subunit_analysis_v1/personalization/pair_metrics_all_variants.csv:14599; results/rbsr_final_rerun_holdout_v1/protocol/final_rerun_holdout_split_manifest.json:258; results/rbsr_final_rerun_holdout_v1/protocol/final_rerun_holdout_train_pairs.json:43; results/rbsr_final_rerun_holdout_v1/protocol/final_rerun_holdout_train_pairs.json:742; results/rbsr_final_rerun_holdout_v1/protocol/final_rerun_holdout_train_pairs.json:2143; results/rbsr_final_rerun_holdout_v1/protocol/final_rerun_holdout_train_pairs.json:3878; results/supplemental_rbsr_lamm_dominance_search_v1/release_evidence/protocol/final_rerun_holdout_train_pairs.json:43; results/supplemental_rbsr_lamm_dominance_search_v1/release_evidence/protocol/final_rerun_holdout_train_pairs.json:742; results/supplemental_rbsr_lamm_dominance_search_v1/release_evidence/protocol/final_rerun_holdout_train_pairs.json:2143; results/supplemental_rbsr_lamm_dominance_search_v1/release_evidence/protocol/final_rerun_holdout_train_pairs.json:3878; roi/subunits.json:6906
2338,128,128,"Posterior trunk Linear 107\! \!128; SiLU; LayerNorm (B,107) (B,128) 14080 \\",19,data/DATASET_DONE.json:1028; data/manifest.json:1154; data/manifest.json:1155; demo/public/bundle/manifest.json:15; demo/src/engine/certifiedLocal.js:75; demo/src/engine/certifiedLocal.js:76; demo/src/engine/certifiedLocal.js:77; demo/src/engine/certifiedLocal.js:78; demo/src/engine/certifiedLocal.js:80; demo/src/engine/certifiedLocal.js:89; demo/src/engine/certifiedLocal.js:90; demo/src/engine/certifiedLocal.js:97; demo/src/engine/certifiedLocal.js:98; demo/src/engine/certifiedLocal.js:101; demo/src/engine/certifiedLocal.js:107; demo/src/engine/certifiedLocal.js:108; demo/src/engine/certifiedLocal.js:109; demo/src/engine/certifiedLocal.js:110; demo/src/engine/certifiedLocal.js:113
2338,107,107,"Posterior trunk Linear 107\! \!128; SiLU; LayerNorm (B,107) (B,128) 14080 \\",20,data/DATASET_DONE.json:860; data/DATASET_DONE.json:6387; data/DATASET_DONE.json:6553; data/manifest.json:965; data/manifest.json:966; data/manifest.json:7379; results/rbsr_final_rerun_holdout_v1/posthoc_subunit_analysis_v1/personalization/pair_metrics_all_variants.csv:109; results/rbsr_final_rerun_holdout_v1/posthoc_subunit_analysis_v1/personalization/pair_metrics_all_variants.csv:4939; results/rbsr_final_rerun_holdout_v1/posthoc_subunit_analysis_v1/personalization/pair_metrics_all_variants.csv:9769; results/rbsr_final_rerun_holdout_v1/posthoc_subunit_analysis_v1/personalization/pair_metrics_all_variants.csv:14599; results/rbsr_final_rerun_holdout_v1/protocol/final_rerun_holdout_split_manifest.json:258; results/rbsr_final_rerun_holdout_v1/protocol/final_rerun_holdout_train_pairs.json:43; results/rbsr_final_rerun_holdout_v1/protocol/final_rerun_holdout_train_pairs.json:742; results/rbsr_final_rerun_holdout_v1/protocol/final_rerun_holdout_train_pairs.json:2143; results/rbsr_final_rerun_holdout_v1/protocol/final_rerun_holdout_train_pairs.json:3878; results/supplemental_rbsr_lamm_dominance_search_v1/release_evidence/protocol/final_rerun_holdout_train_pairs.json:43; results/supplemental_rbsr_lamm_dominance_search_v1/release_evidence/protocol/final_rerun_holdout_train_pairs.json:742; results/supplemental_rbsr_lamm_dominance_search_v1/release_evidence/protocol/final_rerun_holdout_train_pairs.json:2143; results/supplemental_rbsr_lamm_dominance_search_v1/release_evidence/protocol/final_rerun_holdout_train_pairs.json:3878; roi/subunits.json:6906
2338,128,128,"Posterior trunk Linear 107\! \!128; SiLU; LayerNorm (B,107) (B,128) 14080 \\",19,data/DATASET_DONE.json:1028; data/manifest.json:1154; data/manifest.json:1155; demo/public/bundle/manifest.json:15; demo/src/engine/certifiedLocal.js:75; demo/src/engine/certifiedLocal.js:76; demo/src/engine/certifiedLocal.js:77; demo/src/engine/certifiedLocal.js:78; demo/src/engine/certifiedLocal.js:80; demo/src/engine/certifiedLocal.js:89; demo/src/engine/certifiedLocal.js:90; demo/src/engine/certifiedLocal.js:97; demo/src/engine/certifiedLocal.js:98; demo/src/engine/certifiedLocal.js:101; demo/src/engine/certifiedLocal.js:107; demo/src/engine/certifiedLocal.js:108; demo/src/engine/certifiedLocal.js:109; demo/src/engine/certifiedLocal.js:110; demo/src/engine/certifiedLocal.js:113
2338,14080,14080,"Posterior trunk Linear 107\! \!128; SiLU; LayerNorm (B,107) (B,128) 14080 \\",3,roi/collar.json:1740; roi/subunits.json:6423; roi/vertices.json:1755
2339,128,128,"Posterior heads Two linear 128\! \!8 heads (B,128) 2 (B,8) 2064 \\",19,data/DATASET_DONE.json:1028; data/manifest.json:1154; data/manifest.json:1155; demo/public/bundle/manifest.json:15; demo/src/engine/certifiedLocal.js:75; demo/src/engine/certifiedLocal.js:76; demo/src/engine/certifiedLocal.js:77; demo/src/engine/certifiedLocal.js:78; demo/src/engine/certifiedLocal.js:80; demo/src/engine/certifiedLocal.js:89; demo/src/engine/certifiedLocal.js:90; demo/src/engine/certifiedLocal.js:97; demo/src/engine/certifiedLocal.js:98; demo/src/engine/certifiedLocal.js:101; demo/src/engine/certifiedLocal.js:107; demo/src/engine/certifiedLocal.js:108; demo/src/engine/certifiedLocal.js:109; demo/src/engine/certifiedLocal.js:110; demo/src/engine/certifiedLocal.js:113
2339,8,8,"Posterior heads Two linear 128\! \!8 heads (B,128) 2 (B,8) 2064 \\",14,THIRD_PARTY.md:26; configs/reproduction.example.toml:19; data/DATASET_DONE.json:11; data/DATASET_DONE.json:17; data/DATASET_DONE.json:27; data/DATASET_DONE.json:33; data/DATASET_DONE.json:41; data/DATASET_DONE.json:51; data/DATASET_DONE.json:59; data/DATASET_DONE.json:65; data/DATASET_DONE.json:67; data/DATASET_DONE.json:68; data/DATASET_DONE.json:75; data/DATASET_DONE.json:91
2339,128,128,"Posterior heads Two linear 128\! \!8 heads (B,128) 2 (B,8) 2064 \\",19,data/DATASET_DONE.json:1028; data/manifest.json:1154; data/manifest.json:1155; demo/public/bundle/manifest.json:15; demo/src/engine/certifiedLocal.js:75; demo/src/engine/certifiedLocal.js:76; demo/src/engine/certifiedLocal.js:77; demo/src/engine/certifiedLocal.js:78; demo/src/engine/certifiedLocal.js:80; demo/src/engine/certifiedLocal.js:89; demo/src/engine/certifiedLocal.js:90; demo/src/engine/certifiedLocal.js:97; demo/src/engine/certifiedLocal.js:98; demo/src/engine/certifiedLocal.js:101; demo/src/engine/certifiedLocal.js:107; demo/src/engine/certifiedLocal.js:108; demo/src/engine/certifiedLocal.js:109; demo/src/engine/certifiedLocal.js:110; demo/src/engine/certifiedLocal.js:113
2339,2,2,"Posterior heads Two linear 128\! \!8 heads (B,128) 2 (B,8) 2064 \\",16,README.md:4; README.md:93; data/DATASET_DONE.json:9; data/DATASET_DONE.json:11; data/DATASET_DONE.json:19; data/DATASET_DONE.json:20; data/DATASET_DONE.json:25; data/DATASET_DONE.json:35; data/DATASET_DONE.json:41; data/DATASET_DONE.json:49; data/DATASET_DONE.json:57; data/DATASET_DONE.json:59; data/DATASET_DONE.json:65; data/DATASET_DONE.json:83; data/DATASET_DONE.json:107; data/DATASET_DONE.json:113
2339,8,8,"Posterior heads Two linear 128\! \!8 heads (B,128) 2 (B,8) 2064 \\",14,THIRD_PARTY.md:26; configs/reproduction.example.toml:19; data/DATASET_DONE.json:11; data/DATASET_DONE.json:17; data/DATASET_DONE.json:27; data/DATASET_DONE.json:33; data/DATASET_DONE.json:41; data/DATASET_DONE.json:51; data/DATASET_DONE.json:59; data/DATASET_DONE.json:65; data/DATASET_DONE.json:67; data/DATASET_DONE.json:68; data/DATASET_DONE.json:75; data/DATASET_DONE.json:91
2339,2064,2064,"Posterior heads Two linear 128\! \!8 heads (B,128) 2 (B,8) 2064 \\",7,results/rbsr_final_rerun_holdout_v1/posthoc_subunit_analysis_v1/personalization/pair_metrics_all_variants.csv:2066; results/rbsr_final_rerun_holdout_v1/posthoc_subunit_analysis_v1/personalization/pair_metrics_all_variants.csv:6896; results/rbsr_final_rerun_holdout_v1/posthoc_subunit_analysis_v1/personalization/pair_metrics_all_variants.csv:11726; results/rbsr_final_rerun_holdout_v1/posthoc_subunit_analysis_v1/personalization/pair_metrics_all_variants.csv:16556; results/rbsr_final_rerun_holdout_v1/posthoc_subunit_analysis_v1/qualitative/QUALITATIVE_CASES_EVIDENCE.json:16; results/rbsr_final_rerun_holdout_v1/posthoc_subunit_analysis_v1/qualitative/cases/case_02_small_control.npz.sha256.json:4; roi/subunits.json:819
2340,15,15,"Decoder input Vertex-wise concatenation (B,V,15+91+8) (B,V,114) 0 \\",20,data/DATASET_DONE.json:81; data/DATASET_DONE.json:124; data/DATASET_DONE.json:633; data/DATASET_DONE.json:649; data/DATASET_DONE.json:675; data/DATASET_DONE.json:691; data/DATASET_DONE.json:865; data/DATASET_DONE.json:921; data/DATASET_DONE.json:945; data/DATASET_DONE.json:1065; data/DATASET_DONE.json:1147; data/DATASET_DONE.json:1313; data/DATASET_DONE.json:1641; data/DATASET_DONE.json:1729; data/DATASET_DONE.json:2017; data/DATASET_DONE.json:2153; data/DATASET_DONE.json:2219; data/DATASET_DONE.json:2259; data/DATASET_DONE.json:2571; data/DATASET_DONE.json:2577
2340,+91,+91,"Decoder input Vertex-wise concatenation (B,V,15+91+8) (B,V,114) 0 \\",20,data/DATASET_DONE.json:33; data/DATASET_DONE.json:385; data/DATASET_DONE.json:443; data/DATASET_DONE.json:451; data/DATASET_DONE.json:539; data/DATASET_DONE.json:553; data/DATASET_DONE.json:593; data/DATASET_DONE.json:595; data/DATASET_DONE.json:603; data/DATASET_DONE.json:675; data/DATASET_DONE.json:705; data/DATASET_DONE.json:732; data/DATASET_DONE.json:939; data/DATASET_DONE.json:947; data/DATASET_DONE.json:953; data/DATASET_DONE.json:1027; data/DATASET_DONE.json:1075; data/DATASET_DONE.json:1267; data/DATASET_DONE.json:1289; data/DATASET_DONE.json:1323
2340,+8,+8,"Decoder input Vertex-wise concatenation (B,V,15+91+8) (B,V,114) 0 \\",14,THIRD_PARTY.md:26; configs/reproduction.example.toml:19; data/DATASET_DONE.json:11; data/DATASET_DONE.json:17; data/DATASET_DONE.json:27; data/DATASET_DONE.json:33; data/DATASET_DONE.json:41; data/DATASET_DONE.json:51; data/DATASET_DONE.json:59; data/DATASET_DONE.json:65; data/DATASET_DONE.json:67; data/DATASET_DONE.json:68; data/DATASET_DONE.json:75; data/DATASET_DONE.json:91
2340,114,114,"Decoder input Vertex-wise concatenation (B,V,15+91+8) (B,V,114) 0 \\",19,data/DATASET_DONE.json:649; data/DATASET_DONE.json:916; data/DATASET_DONE.json:2979; data/DATASET_DONE.json:3363; data/DATASET_DONE.json:6393; data/manifest.json:737; data/manifest.json:1028; data/manifest.json:1029; data/manifest.json:7199; demo/src/engine/certifiedLocal.js:87; demo/src/engine/certifiedLocal.js:88; demo/src/engine/certifiedLocal.js:92; demo/src/engine/certifiedLocal.js:103; results/rbsr_final_rerun_holdout_v1/posthoc_subunit_analysis_v1/personalization/pair_metrics_all_variants.csv:116; results/rbsr_final_rerun_holdout_v1/posthoc_subunit_analysis_v1/personalization/pair_metrics_all_variants.csv:4946; results/rbsr_final_rerun_holdout_v1/posthoc_subunit_analysis_v1/personalization/pair_metrics_all_variants.csv:9776; results/rbsr_final_rerun_holdout_v1/posthoc_subunit_analysis_v1/personalization/pair_metrics_all_variants.csv:14606; results/rbsr_final_rerun_holdout_v1/protocol/final_rerun_holdout_split_manifest.json:128; roi/subunits.json:6909
2340,0,0,"Decoder input Vertex-wise concatenation (B,V,15+91+8) (B,V,114) 0 \\",17,.github/workflows/ci.yml:19; .github/workflows/ci.yml:60; CITATION.cff:1; CITATION.cff:10; data/DATASET_DONE.json:11; data/DATASET_DONE.json:19; data/DATASET_DONE.json:25; data/DATASET_DONE.json:27; data/DATASET_DONE.json:41; data/DATASET_DONE.json:49; data/DATASET_DONE.json:51; data/DATASET_DONE.json:59; data/DATASET_DONE.json:65; data/DATASET_DONE.json:83; data/DATASET_DONE.json:91; data/DATASET_DONE.json:97; data/DATASET_DONE.json:105
2341,1,1,"Decoder block 1 Linear 114\! \!128; SiLU; LayerNorm (B,V,114) (B,V,128) 14976 \\",18,README.md:66; README.md:67; README.md:92; README.md:118; README.md:121; README.md:143; README.md:167; README.md:168; configs/reproduction.example.toml:11; data/DATASET_DONE.json:9; data/DATASET_DONE.json:11; data/DATASET_DONE.json:12; data/DATASET_DONE.json:19; data/DATASET_DONE.json:25; data/DATASET_DONE.json:27; data/DATASET_DONE.json:35; data/DATASET_DONE.json:49; data/DATASET_DONE.json:51
2341,114,114,"Decoder block 1 Linear 114\! \!128; SiLU; LayerNorm (B,V,114) (B,V,128) 14976 \\",19,data/DATASET_DONE.json:649; data/DATASET_DONE.json:916; data/DATASET_DONE.json:2979; data/DATASET_DONE.json:3363; data/DATASET_DONE.json:6393; data/manifest.json:737; data/manifest.json:1028; data/manifest.json:1029; data/manifest.json:7199; demo/src/engine/certifiedLocal.js:87; demo/src/engine/certifiedLocal.js:88; demo/src/engine/certifiedLocal.js:92; demo/src/engine/certifiedLocal.js:103; results/rbsr_final_rerun_holdout_v1/posthoc_subunit_analysis_v1/personalization/pair_metrics_all_variants.csv:116; results/rbsr_final_rerun_holdout_v1/posthoc_subunit_analysis_v1/personalization/pair_metrics_all_variants.csv:4946; results/rbsr_final_rerun_holdout_v1/posthoc_subunit_analysis_v1/personalization/pair_metrics_all_variants.csv:9776; results/rbsr_final_rerun_holdout_v1/posthoc_subunit_analysis_v1/personalization/pair_metrics_all_variants.csv:14606; results/rbsr_final_rerun_holdout_v1/protocol/final_rerun_holdout_split_manifest.json:128; roi/subunits.json:6909
2341,128,128,"Decoder block 1 Linear 114\! \!128; SiLU; LayerNorm (B,V,114) (B,V,128) 14976 \\",19,data/DATASET_DONE.json:1028; data/manifest.json:1154; data/manifest.json:1155; demo/public/bundle/manifest.json:15; demo/src/engine/certifiedLocal.js:75; demo/src/engine/certifiedLocal.js:76; demo/src/engine/certifiedLocal.js:77; demo/src/engine/certifiedLocal.js:78; demo/src/engine/certifiedLocal.js:80; demo/src/engine/certifiedLocal.js:89; demo/src/engine/certifiedLocal.js:90; demo/src/engine/certifiedLocal.js:97; demo/src/engine/certifiedLocal.js:98; demo/src/engine/certifiedLocal.js:101; demo/src/engine/certifiedLocal.js:107; demo/src/engine/certifiedLocal.js:108; demo/src/engine/certifiedLocal.js:109; demo/src/engine/certifiedLocal.js:110; demo/src/engine/certifiedLocal.js:113
2341,114,114,"Decoder block 1 Linear 114\! \!128; SiLU; LayerNorm (B,V,114) (B,V,128) 14976 \\",19,data/DATASET_DONE.json:649; data/DATASET_DONE.json:916; data/DATASET_DONE.json:2979; data/DATASET_DONE.json:3363; data/DATASET_DONE.json:6393; data/manifest.json:737; data/manifest.json:1028; data/manifest.json:1029; data/manifest.json:7199; demo/src/engine/certifiedLocal.js:87; demo/src/engine/certifiedLocal.js:88; demo/src/engine/certifiedLocal.js:92; demo/src/engine/certifiedLocal.js:103; results/rbsr_final_rerun_holdout_v1/posthoc_subunit_analysis_v1/personalization/pair_metrics_all_variants.csv:116; results/rbsr_final_rerun_holdout_v1/posthoc_subunit_analysis_v1/personalization/pair_metrics_all_variants.csv:4946; results/rbsr_final_rerun_holdout_v1/posthoc_subunit_analysis_v1/personalization/pair_metrics_all_variants.csv:9776; results/rbsr_final_rerun_holdout_v1/posthoc_subunit_analysis_v1/personalization/pair_metrics_all_variants.csv:14606; results/rbsr_final_rerun_holdout_v1/protocol/final_rerun_holdout_split_manifest.json:128; roi/subunits.json:6909
2341,128,128,"Decoder block 1 Linear 114\! \!128; SiLU; LayerNorm (B,V,114) (B,V,128) 14976 \\",19,data/DATASET_DONE.json:1028; data/manifest.json:1154; data/manifest.json:1155; demo/public/bundle/manifest.json:15; demo/src/engine/certifiedLocal.js:75; demo/src/engine/certifiedLocal.js:76; demo/src/engine/certifiedLocal.js:77; demo/src/engine/certifiedLocal.js:78; demo/src/engine/certifiedLocal.js:80; demo/src/engine/certifiedLocal.js:89; demo/src/engine/certifiedLocal.js:90; demo/src/engine/certifiedLocal.js:97; demo/src/engine/certifiedLocal.js:98; demo/src/engine/certifiedLocal.js:101; demo/src/engine/certifiedLocal.js:107; demo/src/engine/certifiedLocal.js:108; demo/src/engine/certifiedLocal.js:109; demo/src/engine/certifiedLocal.js:110; demo/src/engine/certifiedLocal.js:113
2341,14976,14976,"Decoder block 1 Linear 114\! \!128; SiLU; LayerNorm (B,V,114) (B,V,128) 14976 \\",0,
2342,2,2,"Decoder block 2 Linear 128\! \!128; SiLU; LayerNorm (B,V,128) (B,V,128) 16768 \\",16,README.md:4; README.md:93; data/DATASET_DONE.json:9; data/DATASET_DONE.json:11; data/DATASET_DONE.json:19; data/DATASET_DONE.json:20; data/DATASET_DONE.json:25; data/DATASET_DONE.json:35; data/DATASET_DONE.json:41; data/DATASET_DONE.json:49; data/DATASET_DONE.json:57; data/DATASET_DONE.json:59; data/DATASET_DONE.json:65; data/DATASET_DONE.json:83; data/DATASET_DONE.json:107; data/DATASET_DONE.json:113
2342,128,128,"Decoder block 2 Linear 128\! \!128; SiLU; LayerNorm (B,V,128) (B,V,128) 16768 \\",19,data/DATASET_DONE.json:1028; data/manifest.json:1154; data/manifest.json:1155; demo/public/bundle/manifest.json:15; demo/src/engine/certifiedLocal.js:75; demo/src/engine/certifiedLocal.js:76; demo/src/engine/certifiedLocal.js:77; demo/src/engine/certifiedLocal.js:78; demo/src/engine/certifiedLocal.js:80; demo/src/engine/certifiedLocal.js:89; demo/src/engine/certifiedLocal.js:90; demo/src/engine/certifiedLocal.js:97; demo/src/engine/certifiedLocal.js:98; demo/src/engine/certifiedLocal.js:101; demo/src/engine/certifiedLocal.js:107; demo/src/engine/certifiedLocal.js:108; demo/src/engine/certifiedLocal.js:109; demo/src/engine/certifiedLocal.js:110; demo/src/engine/certifiedLocal.js:113
2342,128,128,"Decoder block 2 Linear 128\! \!128; SiLU; LayerNorm (B,V,128) (B,V,128) 16768 \\",19,data/DATASET_DONE.json:1028; data/manifest.json:1154; data/manifest.json:1155; demo/public/bundle/manifest.json:15; demo/src/engine/certifiedLocal.js:75; demo/src/engine/certifiedLocal.js:76; demo/src/engine/certifiedLocal.js:77; demo/src/engine/certifiedLocal.js:78; demo/src/engine/certifiedLocal.js:80; demo/src/engine/certifiedLocal.js:89; demo/src/engine/certifiedLocal.js:90; demo/src/engine/certifiedLocal.js:97; demo/src/engine/certifiedLocal.js:98; demo/src/engine/certifiedLocal.js:101; demo/src/engine/certifiedLocal.js:107; demo/src/engine/certifiedLocal.js:108; demo/src/engine/certifiedLocal.js:109; demo/src/engine/certifiedLocal.js:110; demo/src/engine/certifiedLocal.js:113
2342,128,128,"Decoder block 2 Linear 128\! \!128; SiLU; LayerNorm (B,V,128) (B,V,128) 16768 \\",19,data/DATASET_DONE.json:1028; data/manifest.json:1154; data/manifest.json:1155; demo/public/bundle/manifest.json:15; demo/src/engine/certifiedLocal.js:75; demo/src/engine/certifiedLocal.js:76; demo/src/engine/certifiedLocal.js:77; demo/src/engine/certifiedLocal.js:78; demo/src/engine/certifiedLocal.js:80; demo/src/engine/certifiedLocal.js:89; demo/src/engine/certifiedLocal.js:90; demo/src/engine/certifiedLocal.js:97; demo/src/engine/certifiedLocal.js:98; demo/src/engine/certifiedLocal.js:101; demo/src/engine/certifiedLocal.js:107; demo/src/engine/certifiedLocal.js:108; demo/src/engine/certifiedLocal.js:109; demo/src/engine/certifiedLocal.js:110; demo/src/engine/certifiedLocal.js:113
2342,128,128,"Decoder block 2 Linear 128\! \!128; SiLU; LayerNorm (B,V,128) (B,V,128) 16768 \\",19,data/DATASET_DONE.json:1028; data/manifest.json:1154; data/manifest.json:1155; demo/public/bundle/manifest.json:15; demo/src/engine/certifiedLocal.js:75; demo/src/engine/certifiedLocal.js:76; demo/src/engine/certifiedLocal.js:77; demo/src/engine/certifiedLocal.js:78; demo/src/engine/certifiedLocal.js:80; demo/src/engine/certifiedLocal.js:89; demo/src/engine/certifiedLocal.js:90; demo/src/engine/certifiedLocal.js:97; demo/src/engine/certifiedLocal.js:98; demo/src/engine/certifiedLocal.js:101; demo/src/engine/certifiedLocal.js:107; demo/src/engine/certifiedLocal.js:108; demo/src/engine/certifiedLocal.js:109; demo/src/engine/certifiedLocal.js:110; demo/src/engine/certifiedLocal.js:113
2342,16768,16768,"Decoder block 2 Linear 128\! \!128; SiLU; LayerNorm (B,V,128) (B,V,128) 16768 \\",1,results/rbsr_final_rerun_holdout_v1/rbsr/seed20260609/one_shot_test/projection_diagnostics_test.csv:95
2343,128,128,"Decoder output Linear 128\! \!3 (B,V,128) (B,V,3) 387 \\",19,data/DATASET_DONE.json:1028; data/manifest.json:1154; data/manifest.json:1155; demo/public/bundle/manifest.json:15; demo/src/engine/certifiedLocal.js:75; demo/src/engine/certifiedLocal.js:76; demo/src/engine/certifiedLocal.js:77; demo/src/engine/certifiedLocal.js:78; demo/src/engine/certifiedLocal.js:80; demo/src/engine/certifiedLocal.js:89; demo/src/engine/certifiedLocal.js:90; demo/src/engine/certifiedLocal.js:97; demo/src/engine/certifiedLocal.js:98; demo/src/engine/certifiedLocal.js:101; demo/src/engine/certifiedLocal.js:107; demo/src/engine/certifiedLocal.js:108; demo/src/engine/certifiedLocal.js:109; demo/src/engine/certifiedLocal.js:110; demo/src/engine/certifiedLocal.js:113
2343,3,3,"Decoder output Linear 128\! \!3 (B,V,128) (B,V,3) 387 \\",18,CITATION.cff:14; README.md:5; README.md:8; README.md:55; README.md:78; README.md:94; README.md:184; data/DATASET_DONE.json:9; data/DATASET_DONE.json:25; data/DATASET_DONE.json:27; data/DATASET_DONE.json:28; data/DATASET_DONE.json:33; data/DATASET_DONE.json:35; data/DATASET_DONE.json:59; data/DATASET_DONE.json:65; data/DATASET_DONE.json:73; data/DATASET_DONE.json:75; data/DATASET_DONE.json:81
2343,128,128,"Decoder output Linear 128\! \!3 (B,V,128) (B,V,3) 387 \\",19,data/DATASET_DONE.json:1028; data/manifest.json:1154; data/manifest.json:1155; demo/public/bundle/manifest.json:15; demo/src/engine/certifiedLocal.js:75; demo/src/engine/certifiedLocal.js:76; demo/src/engine/certifiedLocal.js:77; demo/src/engine/certifiedLocal.js:78; demo/src/engine/certifiedLocal.js:80; demo/src/engine/certifiedLocal.js:89; demo/src/engine/certifiedLocal.js:90; demo/src/engine/certifiedLocal.js:97; demo/src/engine/certifiedLocal.js:98; demo/src/engine/certifiedLocal.js:101; demo/src/engine/certifiedLocal.js:107; demo/src/engine/certifiedLocal.js:108; demo/src/engine/certifiedLocal.js:109; demo/src/engine/certifiedLocal.js:110; demo/src/engine/certifiedLocal.js:113
2343,3,3,"Decoder output Linear 128\! \!3 (B,V,128) (B,V,3) 387 \\",18,CITATION.cff:14; README.md:5; README.md:8; README.md:55; README.md:78; README.md:94; README.md:184; data/DATASET_DONE.json:9; data/DATASET_DONE.json:25; data/DATASET_DONE.json:27; data/DATASET_DONE.json:28; data/DATASET_DONE.json:33; data/DATASET_DONE.json:35; data/DATASET_DONE.json:59; data/DATASET_DONE.json:65; data/DATASET_DONE.json:73; data/DATASET_DONE.json:75; data/DATASET_DONE.json:81
2343,387,387,"Decoder output Linear 128\! \!3 (B,V,128) (B,V,3) 387 \\",20,data/DATASET_DONE.json:483; data/DATASET_DONE.json:1617; data/DATASET_DONE.json:3019; data/DATASET_DONE.json:3100; data/manifest.json:1826; data/manifest.json:3485; data/manifest.json:3486; reproducibility/source_snapshots/final_holdout_v1/SOURCE_MANIFEST.json:34; results/rbsr_final_rerun_holdout_v1/ALL_MODELS_FROZEN_BEFORE_TEST.json:9; results/rbsr_final_rerun_holdout_v1/FINAL_CONFIRMATION_EVIDENCE.json:80; results/rbsr_final_rerun_holdout_v1/RESULT_TREE_MANIFEST.json:557; results/rbsr_final_rerun_holdout_v1/posthoc_subunit_analysis_v1/POSTHOC_SUBUNIT_ANALYSIS_PROTOCOL_FREEZE.json:107; results/rbsr_final_rerun_holdout_v1/posthoc_subunit_analysis_v1/personalization/pair_metrics_all_variants.csv:389; results/rbsr_final_rerun_holdout_v1/posthoc_subunit_analysis_v1/personalization/pair_metrics_all_variants.csv:5219; results/rbsr_final_rerun_holdout_v1/posthoc_subunit_analysis_v1/personalization/pair_metrics_all_variants.csv:10049; results/rbsr_final_rerun_holdout_v1/posthoc_subunit_analysis_v1/personalization/pair_metrics_all_variants.csv:14879; results/rbsr_final_rerun_holdout_v1/posthoc_subunit_analysis_v1/qualitative/QUALITATIVE_CASES_EVIDENCE.json:16; results/rbsr_final_rerun_holdout_v1/posthoc_subunit_analysis_v1/qualitative/QUALITATIVE_CASE_SELECTION_FREEZE.json:106; results/rbsr_final_rerun_holdout_v1/posthoc_subunit_analysis_v1/qualitative/cases/case_02_small_control.npz.sha256.json:4; results/rbsr_final_rerun_holdout_v1/protocol/final_rerun_holdout_split_manifest.json:459
2345,62371,62371,Total -- -- -- 62371 \\,0,
2358,0,0,for . The anchor ( =0) gives RMSE 1.1249 and new flips,17,.github/workflows/ci.yml:19; .github/workflows/ci.yml:60; CITATION.cff:1; CITATION.cff:10; data/DATASET_DONE.json:11; data/DATASET_DONE.json:19; data/DATASET_DONE.json:25; data/DATASET_DONE.json:27; data/DATASET_DONE.json:41; data/DATASET_DONE.json:49; data/DATASET_DONE.json:51; data/DATASET_DONE.json:59; data/DATASET_DONE.json:65; data/DATASET_DONE.json:83; data/DATASET_DONE.json:91; data/DATASET_DONE.json:97; data/DATASET_DONE.json:105
2358,1,1,for . The anchor ( =0) gives RMSE 1.1249 and new flips,18,README.md:66; README.md:67; README.md:92; README.md:118; README.md:121; README.md:143; README.md:167; README.md:168; configs/reproduction.example.toml:11; data/DATASET_DONE.json:9; data/DATASET_DONE.json:11; data/DATASET_DONE.json:12; data/DATASET_DONE.json:19; data/DATASET_DONE.json:25; data/DATASET_DONE.json:27; data/DATASET_DONE.json:35; data/DATASET_DONE.json:49; data/DATASET_DONE.json:51
2358,0,0,for . The anchor ( =0) gives RMSE 1.1249 and new flips,17,.github/workflows/ci.yml:19; .github/workflows/ci.yml:60; CITATION.cff:1; CITATION.cff:10; data/DATASET_DONE.json:11; data/DATASET_DONE.json:19; data/DATASET_DONE.json:25; data/DATASET_DONE.json:27; data/DATASET_DONE.json:41; data/DATASET_DONE.json:49; data/DATASET_DONE.json:51; data/DATASET_DONE.json:59; data/DATASET_DONE.json:65; data/DATASET_DONE.json:83; data/DATASET_DONE.json:91; data/DATASET_DONE.json:97; data/DATASET_DONE.json:105
2358,1.1249,1.1249,for . The anchor ( =0) gives RMSE 1.1249 and new flips,0,
2359,0.3541\%,0.3541%,0.3541\%. A small residual at =0.1 improves RMSE to 1.1183 and,1,demo/public/bundle/certified_presets.json:1
2359,0.1,0.1,0.3541\%. A small residual at =0.1 improves RMSE to 1.1183 and,20,demo/README.md:66; demo/README.md:128; demo/package-lock.json:347; demo/package-lock.json:837; demo/package.json:7; demo/package.json:9; demo/public/bundle/certified_presets.json:1; demo/public/bundle/manifest.json:18; demo/src/components/HeroCanvas.jsx:16; demo/src/components/Studio3D.jsx:42; demo/src/components/Studio3D.jsx:77; demo/src/engine/bundle.js:8; demo/verify.mjs:144; demo/verify.mjs:282; reproducibility/source_snapshots/final_holdout_v1/source/rhinoform/train.py:221; reproducibility/source_snapshots/final_holdout_v1/source/rhinoform/train.py:718; reproducibility/source_snapshots/final_holdout_v1/source/rhinoform/train_rbsr_gate.py:406; reproducibility/source_snapshots/posthoc_subunits_v1/source/rhinoform/train.py:221; reproducibility/source_snapshots/posthoc_subunits_v1/source/rhinoform/train.py:718; reproducibility/source_snapshots/posthoc_subunits_v1/source/rhinoform/train_rbsr_gate.py:412
2359,1.1183,1.1183,0.3541\%. A small residual at =0.1 improves RMSE to 1.1183 and,0,
2360,0.2178,0.2178,"reduces edge strain from 0.2178 to 0.2081, but increases new flips to",1,demo/public/bundle/certified_presets.json:1
2360,0.2081,0.2081,"reduces edge strain from 0.2178 to 0.2081, but increases new flips to",1,demo/public/bundle/certified_presets.json:1
2361,0.4742\%,0.4742%,0.4742\%. Fold incidence rises monotonically with ; using the full,0,
2362,1,1,proposal ( =1) gives RMSE 1.3966 and new flips 1.3668\%.,18,README.md:66; README.md:67; README.md:92; README.md:118; README.md:121; README.md:143; README.md:167; README.md:168; configs/reproduction.example.toml:11; data/DATASET_DONE.json:9; data/DATASET_DONE.json:11; data/DATASET_DONE.json:12; data/DATASET_DONE.json:19; data/DATASET_DONE.json:25; data/DATASET_DONE.json:27; data/DATASET_DONE.json:35; data/DATASET_DONE.json:49; data/DATASET_DONE.json:51
2362,1.3966,1.3966,proposal ( =1) gives RMSE 1.3966 and new flips 1.3668\%.,0,
2362,1.3668\%,1.3668%,proposal ( =1) gives RMSE 1.3966 and new flips 1.3668\%.,0,
2363,0.1,0.1,"The three metrics favour different scales: RMSE is lowest at =0.1,",20,demo/README.md:66; demo/README.md:128; demo/package-lock.json:347; demo/package-lock.json:837; demo/package.json:7; demo/package.json:9; demo/public/bundle/certified_presets.json:1; demo/public/bundle/manifest.json:18; demo/src/components/HeroCanvas.jsx:16; demo/src/components/Studio3D.jsx:42; demo/src/components/Studio3D.jsx:77; demo/src/engine/bundle.js:8; demo/verify.mjs:144; demo/verify.mjs:282; reproducibility/source_snapshots/final_holdout_v1/source/rhinoform/train.py:221; reproducibility/source_snapshots/final_holdout_v1/source/rhinoform/train.py:718; reproducibility/source_snapshots/final_holdout_v1/source/rhinoform/train_rbsr_gate.py:406; reproducibility/source_snapshots/posthoc_subunits_v1/source/rhinoform/train.py:221; reproducibility/source_snapshots/posthoc_subunits_v1/source/rhinoform/train.py:718; reproducibility/source_snapshots/posthoc_subunits_v1/source/rhinoform/train_rbsr_gate.py:412
2365,0.5,0.5,at =0.5. No single global coefficient resolves all three objectives.,15,demo/README.md:14; demo/public/bundle/certified_presets.json:1; demo/public/bundle/manifest.json:43; demo/public/bundle/manifest.json:339; demo/public/bundle/ridge_browser.json:1; demo/src/components/Studio3D.jsx:25; demo/src/engine/certifiedLocal.js:417; demo/src/engine/geometry.js:118; demo/verify.mjs:225; demo/verify.mjs:439; docs/FINAL_EXPERIMENT_MAP.md:27; experiments/lamm/run_lamm_facescape.py:431; reproducibility/source_snapshots/final_holdout_v1/source/experiments/lamm/run_lamm_facescape.py:431; reproducibility/source_snapshots/final_holdout_v1/source/rhinoform/baselines.py:94; reproducibility/source_snapshots/final_holdout_v1/source/rhinoform/baselines.py:95
2370,2,2,Stage 2 residual-scale diagnosis on,16,README.md:4; README.md:93; data/DATASET_DONE.json:9; data/DATASET_DONE.json:11; data/DATASET_DONE.json:19; data/DATASET_DONE.json:20; data/DATASET_DONE.json:25; data/DATASET_DONE.json:35; data/DATASET_DONE.json:41; data/DATASET_DONE.json:49; data/DATASET_DONE.json:57; data/DATASET_DONE.json:59; data/DATASET_DONE.json:65; data/DATASET_DONE.json:83; data/DATASET_DONE.json:107; data/DATASET_DONE.json:113
2370,2,2,Stage 2 residual-scale diagnosis on,16,README.md:4; README.md:93; data/DATASET_DONE.json:9; data/DATASET_DONE.json:11; data/DATASET_DONE.json:19; data/DATASET_DONE.json:20; data/DATASET_DONE.json:25; data/DATASET_DONE.json:35; data/DATASET_DONE.json:41; data/DATASET_DONE.json:49; data/DATASET_DONE.json:57; data/DATASET_DONE.json:59; data/DATASET_DONE.json:65; data/DATASET_DONE.json:83; data/DATASET_DONE.json:107; data/DATASET_DONE.json:113
2371,4,4,"4\,830 validation pairs. The marked =0.1 point gives the lowest RMSE;",14,README.md:98; data/DATASET_DONE.json:11; data/DATASET_DONE.json:19; data/DATASET_DONE.json:35; data/DATASET_DONE.json:36; data/DATASET_DONE.json:41; data/DATASET_DONE.json:43; data/DATASET_DONE.json:57; data/DATASET_DONE.json:59; data/DATASET_DONE.json:81; data/DATASET_DONE.json:89; data/DATASET_DONE.json:91; data/DATASET_DONE.json:97; data/DATASET_DONE.json:105
2371,830,830,"4\,830 validation pairs. The marked =0.1 point gives the lowest RMSE;",20,data/DATASET_DONE.json:185; data/DATASET_DONE.json:299; data/DATASET_DONE.json:1097; data/DATASET_DONE.json:1809; data/DATASET_DONE.json:2441; data/DATASET_DONE.json:3531; data/DATASET_DONE.json:4353; data/DATASET_DONE.json:6395; data/DATASET_DONE.json:6563; data/DATASET_DONE.json:6644; data/manifest.json:215; data/manifest.json:1241; data/manifest.json:2042; data/manifest.json:2753; data/manifest.json:4904; data/manifest.json:7472; data/manifest.json:7473; reproducibility/source_snapshots/posthoc_subunits_v1/SOURCE_MANIFEST.json:16; results/rbsr_final_rerun_holdout_v1/FINAL_RESULT_FREEZE_AUDIT.json.sha256.json:4; results/rbsr_final_rerun_holdout_v1/RESULT_TREE_MANIFEST.json:37
2371,0.1,0.1,"4\,830 validation pairs. The marked =0.1 point gives the lowest RMSE;",20,demo/README.md:66; demo/README.md:128; demo/package-lock.json:347; demo/package-lock.json:837; demo/package.json:7; demo/package.json:9; demo/public/bundle/certified_presets.json:1; demo/public/bundle/manifest.json:18; demo/src/components/HeroCanvas.jsx:16; demo/src/components/Studio3D.jsx:42; demo/src/components/Studio3D.jsx:77; demo/src/engine/bundle.js:8; demo/verify.mjs:144; demo/verify.mjs:282; reproducibility/source_snapshots/final_holdout_v1/source/rhinoform/train.py:221; reproducibility/source_snapshots/final_holdout_v1/source/rhinoform/train.py:718; reproducibility/source_snapshots/final_holdout_v1/source/rhinoform/train_rbsr_gate.py:406; reproducibility/source_snapshots/posthoc_subunits_v1/source/rhinoform/train.py:221; reproducibility/source_snapshots/posthoc_subunits_v1/source/rhinoform/train.py:718; reproducibility/source_snapshots/posthoc_subunits_v1/source/rhinoform/train_rbsr_gate.py:412
2380,0.1,0.1,=0.1 blend is therefore retained only as an ablation. Stage 3 replaces,20,demo/README.md:66; demo/README.md:128; demo/package-lock.json:347; demo/package-lock.json:837; demo/package.json:7; demo/package.json:9; demo/public/bundle/certified_presets.json:1; demo/public/bundle/manifest.json:18; demo/src/components/HeroCanvas.jsx:16; demo/src/components/Studio3D.jsx:42; demo/src/components/Studio3D.jsx:77; demo/src/engine/bundle.js:8; demo/verify.mjs:144; demo/verify.mjs:282; reproducibility/source_snapshots/final_holdout_v1/source/rhinoform/train.py:221; reproducibility/source_snapshots/final_holdout_v1/source/rhinoform/train.py:718; reproducibility/source_snapshots/final_holdout_v1/source/rhinoform/train_rbsr_gate.py:406; reproducibility/source_snapshots/posthoc_subunits_v1/source/rhinoform/train.py:221; reproducibility/source_snapshots/posthoc_subunits_v1/source/rhinoform/train.py:718; reproducibility/source_snapshots/posthoc_subunits_v1/source/rhinoform/train_rbsr_gate.py:412
2380,3,3,=0.1 blend is therefore retained only as an ablation. Stage 3 replaces,18,CITATION.cff:14; README.md:5; README.md:8; README.md:55; README.md:78; README.md:94; README.md:184; data/DATASET_DONE.json:9; data/DATASET_DONE.json:25; data/DATASET_DONE.json:27; data/DATASET_DONE.json:28; data/DATASET_DONE.json:33; data/DATASET_DONE.json:35; data/DATASET_DONE.json:59; data/DATASET_DONE.json:65; data/DATASET_DONE.json:73; data/DATASET_DONE.json:75; data/DATASET_DONE.json:81
2383,3,3,Stage 3: spatial residual gate,18,CITATION.cff:14; README.md:5; README.md:8; README.md:55; README.md:78; README.md:94; README.md:184; data/DATASET_DONE.json:9; data/DATASET_DONE.json:25; data/DATASET_DONE.json:27; data/DATASET_DONE.json:28; data/DATASET_DONE.json:33; data/DATASET_DONE.json:35; data/DATASET_DONE.json:59; data/DATASET_DONE.json:65; data/DATASET_DONE.json:73; data/DATASET_DONE.json:75; data/DATASET_DONE.json:81
2388,0,0,The spatial gate predicts g(v) from,17,.github/workflows/ci.yml:19; .github/workflows/ci.yml:60; CITATION.cff:1; CITATION.cff:10; data/DATASET_DONE.json:11; data/DATASET_DONE.json:19; data/DATASET_DONE.json:25; data/DATASET_DONE.json:27; data/DATASET_DONE.json:41; data/DATASET_DONE.json:49; data/DATASET_DONE.json:51; data/DATASET_DONE.json:59; data/DATASET_DONE.json:65; data/DATASET_DONE.json:83; data/DATASET_DONE.json:91; data/DATASET_DONE.json:97; data/DATASET_DONE.json:105
2388,1,1,The spatial gate predicts g(v) from,18,README.md:66; README.md:67; README.md:92; README.md:118; README.md:121; README.md:143; README.md:167; README.md:168; configs/reproduction.example.toml:11; data/DATASET_DONE.json:9; data/DATASET_DONE.json:11; data/DATASET_DONE.json:12; data/DATASET_DONE.json:19; data/DATASET_DONE.json:25; data/DATASET_DONE.json:27; data/DATASET_DONE.json:35; data/DATASET_DONE.json:49; data/DATASET_DONE.json:51
2414,4,4,4pt,14,README.md:98; data/DATASET_DONE.json:11; data/DATASET_DONE.json:19; data/DATASET_DONE.json:35; data/DATASET_DONE.json:36; data/DATASET_DONE.json:41; data/DATASET_DONE.json:43; data/DATASET_DONE.json:57; data/DATASET_DONE.json:59; data/DATASET_DONE.json:81; data/DATASET_DONE.json:89; data/DATASET_DONE.json:91; data/DATASET_DONE.json:97; data/DATASET_DONE.json:105
2417,0.22,0.22,tabularp0.22 p0.28 p0.18 p0.18 r,3,demo/public/bundle/head_mean.json:1; results/rbsr_final_rerun_holdout_v1/posthoc_subunit_analysis_v1/paired_all_methods_vs_ridge.csv:4; results/rbsr_final_rerun_holdout_v1/posthoc_subunit_analysis_v1/paired_all_methods_vs_ridge.csv:5
2417,0.28,0.28,tabularp0.22 p0.28 p0.18 p0.18 r,3,demo/package-lock.json:838; demo/public/bundle/certified_presets.json:1; results/rbsr_final_rerun_holdout_v1/posthoc_subunit_analysis_v1/paired_all_methods_vs_ridge.csv:124
2417,0.18,0.18,tabularp0.22 p0.28 p0.18 p0.18 r,4,demo/public/bundle/certified_presets.json:1; results/rbsr_final_rerun_holdout_v1/posthoc_subunit_analysis_v1/paired_all_methods_vs_ridge.csv:54; results/rbsr_final_rerun_holdout_v1/posthoc_subunit_analysis_v1/paired_all_methods_vs_ridge.csv:55; results/rbsr_final_rerun_holdout_v1/posthoc_subunit_analysis_v1/paired_all_methods_vs_ridge.csv:119
2417,0.18,0.18,tabularp0.22 p0.28 p0.18 p0.18 r,4,demo/public/bundle/certified_presets.json:1; results/rbsr_final_rerun_holdout_v1/posthoc_subunit_analysis_v1/paired_all_methods_vs_ridge.csv:54; results/rbsr_final_rerun_holdout_v1/posthoc_subunit_analysis_v1/paired_all_methods_vs_ridge.csv:55; results/rbsr_final_rerun_holdout_v1/posthoc_subunit_analysis_v1/paired_all_methods_vs_ridge.csv:119
2421,115,115,"Gate input Concatenation (B,V,115) (B,V,115) 0 \\",20,data/DATASET_DONE.json:523; data/DATASET_DONE.json:924; data/manifest.json:1037; data/manifest.json:1038; demo/src/engine/certifiedLocal.js:126; demo/src/engine/certifiedLocal.js:130; demo/src/engine/certifiedLocal.js:141; results/rbsr_final_rerun_holdout_v1/RESULT_TREE_MANIFEST.json.sha256.json:4; results/rbsr_final_rerun_holdout_v1/posthoc_subunit_analysis_v1/figures/FIGURE_EVIDENCE.json:25; results/rbsr_final_rerun_holdout_v1/posthoc_subunit_analysis_v1/figures/spatial_diagnostics_arap.png.sha256.json:4; results/rbsr_final_rerun_holdout_v1/posthoc_subunit_analysis_v1/personalization/pair_metrics_all_variants.csv:117; results/rbsr_final_rerun_holdout_v1/posthoc_subunit_analysis_v1/personalization/pair_metrics_all_variants.csv:4947; results/rbsr_final_rerun_holdout_v1/posthoc_subunit_analysis_v1/personalization/pair_metrics_all_variants.csv:9777; results/rbsr_final_rerun_holdout_v1/posthoc_subunit_analysis_v1/personalization/pair_metrics_all_variants.csv:14607; results/rbsr_final_rerun_holdout_v1/protocol/final_rerun_holdout_split_manifest.json:265; results/rbsr_final_rerun_holdout_v1/protocol/final_rerun_holdout_train_pairs.json:50; results/rbsr_final_rerun_holdout_v1/protocol/final_rerun_holdout_train_pairs.json:770; results/rbsr_final_rerun_holdout_v1/protocol/final_rerun_holdout_train_pairs.json:1131; results/supplemental_rbsr_lamm_dominance_search_v1/release_evidence/protocol/final_rerun_holdout_train_pairs.json:50; results/supplemental_rbsr_lamm_dominance_search_v1/release_evidence/protocol/final_rerun_holdout_train_pairs.json:770
2421,115,115,"Gate input Concatenation (B,V,115) (B,V,115) 0 \\",20,data/DATASET_DONE.json:523; data/DATASET_DONE.json:924; data/manifest.json:1037; data/manifest.json:1038; demo/src/engine/certifiedLocal.js:126; demo/src/engine/certifiedLocal.js:130; demo/src/engine/certifiedLocal.js:141; results/rbsr_final_rerun_holdout_v1/RESULT_TREE_MANIFEST.json.sha256.json:4; results/rbsr_final_rerun_holdout_v1/posthoc_subunit_analysis_v1/figures/FIGURE_EVIDENCE.json:25; results/rbsr_final_rerun_holdout_v1/posthoc_subunit_analysis_v1/figures/spatial_diagnostics_arap.png.sha256.json:4; results/rbsr_final_rerun_holdout_v1/posthoc_subunit_analysis_v1/personalization/pair_metrics_all_variants.csv:117; results/rbsr_final_rerun_holdout_v1/posthoc_subunit_analysis_v1/personalization/pair_metrics_all_variants.csv:4947; results/rbsr_final_rerun_holdout_v1/posthoc_subunit_analysis_v1/personalization/pair_metrics_all_variants.csv:9777; results/rbsr_final_rerun_holdout_v1/posthoc_subunit_analysis_v1/personalization/pair_metrics_all_variants.csv:14607; results/rbsr_final_rerun_holdout_v1/protocol/final_rerun_holdout_split_manifest.json:265; results/rbsr_final_rerun_holdout_v1/protocol/final_rerun_holdout_train_pairs.json:50; results/rbsr_final_rerun_holdout_v1/protocol/final_rerun_holdout_train_pairs.json:770; results/rbsr_final_rerun_holdout_v1/protocol/final_rerun_holdout_train_pairs.json:1131; results/supplemental_rbsr_lamm_dominance_search_v1/release_evidence/protocol/final_rerun_holdout_train_pairs.json:50; results/supplemental_rbsr_lamm_dominance_search_v1/release_evidence/protocol/final_rerun_holdout_train_pairs.json:770
2421,0,0,"Gate input Concatenation (B,V,115) (B,V,115) 0 \\",17,.github/workflows/ci.yml:19; .github/workflows/ci.yml:60; CITATION.cff:1; CITATION.cff:10; data/DATASET_DONE.json:11; data/DATASET_DONE.json:19; data/DATASET_DONE.json:25; data/DATASET_DONE.json:27; data/DATASET_DONE.json:41; data/DATASET_DONE.json:49; data/DATASET_DONE.json:51; data/DATASET_DONE.json:59; data/DATASET_DONE.json:65; data/DATASET_DONE.json:83; data/DATASET_DONE.json:91; data/DATASET_DONE.json:97; data/DATASET_DONE.json:105
2422,1,1,"Gate block 1 Linear 115\! \!64; SiLU; LayerNorm (B,V,115) (B,V,64) 7552 \\",18,README.md:66; README.md:67; README.md:92; README.md:118; README.md:121; README.md:143; README.md:167; README.md:168; configs/reproduction.example.toml:11; data/DATASET_DONE.json:9; data/DATASET_DONE.json:11; data/DATASET_DONE.json:12; data/DATASET_DONE.json:19; data/DATASET_DONE.json:25; data/DATASET_DONE.json:27; data/DATASET_DONE.json:35; data/DATASET_DONE.json:49; data/DATASET_DONE.json:51
2422,115,115,"Gate block 1 Linear 115\! \!64; SiLU; LayerNorm (B,V,115) (B,V,64) 7552 \\",20,data/DATASET_DONE.json:523; data/DATASET_DONE.json:924; data/manifest.json:1037; data/manifest.json:1038; demo/src/engine/certifiedLocal.js:126; demo/src/engine/certifiedLocal.js:130; demo/src/engine/certifiedLocal.js:141; results/rbsr_final_rerun_holdout_v1/RESULT_TREE_MANIFEST.json.sha256.json:4; results/rbsr_final_rerun_holdout_v1/posthoc_subunit_analysis_v1/figures/FIGURE_EVIDENCE.json:25; results/rbsr_final_rerun_holdout_v1/posthoc_subunit_analysis_v1/figures/spatial_diagnostics_arap.png.sha256.json:4; results/rbsr_final_rerun_holdout_v1/posthoc_subunit_analysis_v1/personalization/pair_metrics_all_variants.csv:117; results/rbsr_final_rerun_holdout_v1/posthoc_subunit_analysis_v1/personalization/pair_metrics_all_variants.csv:4947; results/rbsr_final_rerun_holdout_v1/posthoc_subunit_analysis_v1/personalization/pair_metrics_all_variants.csv:9777; results/rbsr_final_rerun_holdout_v1/posthoc_subunit_analysis_v1/personalization/pair_metrics_all_variants.csv:14607; results/rbsr_final_rerun_holdout_v1/protocol/final_rerun_holdout_split_manifest.json:265; results/rbsr_final_rerun_holdout_v1/protocol/final_rerun_holdout_train_pairs.json:50; results/rbsr_final_rerun_holdout_v1/protocol/final_rerun_holdout_train_pairs.json:770; results/rbsr_final_rerun_holdout_v1/protocol/final_rerun_holdout_train_pairs.json:1131; results/supplemental_rbsr_lamm_dominance_search_v1/release_evidence/protocol/final_rerun_holdout_train_pairs.json:50; results/supplemental_rbsr_lamm_dominance_search_v1/release_evidence/protocol/final_rerun_holdout_train_pairs.json:770
2422,64,64,"Gate block 1 Linear 115\! \!64; SiLU; LayerNorm (B,V,115) (B,V,64) 7552 \\",19,data/DATASET_DONE.json:251; data/DATASET_DONE.json:369; data/DATASET_DONE.json:385; data/DATASET_DONE.json:516; data/DATASET_DONE.json:545; data/DATASET_DONE.json:801; data/DATASET_DONE.json:881; data/DATASET_DONE.json:955; data/DATASET_DONE.json:1025; data/DATASET_DONE.json:1563; data/DATASET_DONE.json:1579; data/DATASET_DONE.json:1619; data/DATASET_DONE.json:2129; data/DATASET_DONE.json:2203; data/DATASET_DONE.json:2403; data/DATASET_DONE.json:2457; data/DATASET_DONE.json:2961; data/DATASET_DONE.json:3129; data/DATASET_DONE.json:3225
2422,115,115,"Gate block 1 Linear 115\! \!64; SiLU; LayerNorm (B,V,115) (B,V,64) 7552 \\",20,data/DATASET_DONE.json:523; data/DATASET_DONE.json:924; data/manifest.json:1037; data/manifest.json:1038; demo/src/engine/certifiedLocal.js:126; demo/src/engine/certifiedLocal.js:130; demo/src/engine/certifiedLocal.js:141; results/rbsr_final_rerun_holdout_v1/RESULT_TREE_MANIFEST.json.sha256.json:4; results/rbsr_final_rerun_holdout_v1/posthoc_subunit_analysis_v1/figures/FIGURE_EVIDENCE.json:25; results/rbsr_final_rerun_holdout_v1/posthoc_subunit_analysis_v1/figures/spatial_diagnostics_arap.png.sha256.json:4; results/rbsr_final_rerun_holdout_v1/posthoc_subunit_analysis_v1/personalization/pair_metrics_all_variants.csv:117; results/rbsr_final_rerun_holdout_v1/posthoc_subunit_analysis_v1/personalization/pair_metrics_all_variants.csv:4947; results/rbsr_final_rerun_holdout_v1/posthoc_subunit_analysis_v1/personalization/pair_metrics_all_variants.csv:9777; results/rbsr_final_rerun_holdout_v1/posthoc_subunit_analysis_v1/personalization/pair_metrics_all_variants.csv:14607; results/rbsr_final_rerun_holdout_v1/protocol/final_rerun_holdout_split_manifest.json:265; results/rbsr_final_rerun_holdout_v1/protocol/final_rerun_holdout_train_pairs.json:50; results/rbsr_final_rerun_holdout_v1/protocol/final_rerun_holdout_train_pairs.json:770; results/rbsr_final_rerun_holdout_v1/protocol/final_rerun_holdout_train_pairs.json:1131; results/supplemental_rbsr_lamm_dominance_search_v1/release_evidence/protocol/final_rerun_holdout_train_pairs.json:50; results/supplemental_rbsr_lamm_dominance_search_v1/release_evidence/protocol/final_rerun_holdout_train_pairs.json:770
2422,64,64,"Gate block 1 Linear 115\! \!64; SiLU; LayerNorm (B,V,115) (B,V,64) 7552 \\",19,data/DATASET_DONE.json:251; data/DATASET_DONE.json:369; data/DATASET_DONE.json:385; data/DATASET_DONE.json:516; data/DATASET_DONE.json:545; data/DATASET_DONE.json:801; data/DATASET_DONE.json:881; data/DATASET_DONE.json:955; data/DATASET_DONE.json:1025; data/DATASET_DONE.json:1563; data/DATASET_DONE.json:1579; data/DATASET_DONE.json:1619; data/DATASET_DONE.json:2129; data/DATASET_DONE.json:2203; data/DATASET_DONE.json:2403; data/DATASET_DONE.json:2457; data/DATASET_DONE.json:2961; data/DATASET_DONE.json:3129; data/DATASET_DONE.json:3225
2422,7552,7552,"Gate block 1 Linear 115\! \!64; SiLU; LayerNorm (B,V,115) (B,V,64) 7552 \\",0,
2423,2,2,"Gate block 2 Linear 64\! \!64; SiLU; LayerNorm (B,V,64) (B,V,64) 4288 \\",16,README.md:4; README.md:93; data/DATASET_DONE.json:9; data/DATASET_DONE.json:11; data/DATASET_DONE.json:19; data/DATASET_DONE.json:20; data/DATASET_DONE.json:25; data/DATASET_DONE.json:35; data/DATASET_DONE.json:41; data/DATASET_DONE.json:49; data/DATASET_DONE.json:57; data/DATASET_DONE.json:59; data/DATASET_DONE.json:65; data/DATASET_DONE.json:83; data/DATASET_DONE.json:107; data/DATASET_DONE.json:113
2423,64,64,"Gate block 2 Linear 64\! \!64; SiLU; LayerNorm (B,V,64) (B,V,64) 4288 \\",19,data/DATASET_DONE.json:251; data/DATASET_DONE.json:369; data/DATASET_DONE.json:385; data/DATASET_DONE.json:516; data/DATASET_DONE.json:545; data/DATASET_DONE.json:801; data/DATASET_DONE.json:881; data/DATASET_DONE.json:955; data/DATASET_DONE.json:1025; data/DATASET_DONE.json:1563; data/DATASET_DONE.json:1579; data/DATASET_DONE.json:1619; data/DATASET_DONE.json:2129; data/DATASET_DONE.json:2203; data/DATASET_DONE.json:2403; data/DATASET_DONE.json:2457; data/DATASET_DONE.json:2961; data/DATASET_DONE.json:3129; data/DATASET_DONE.json:3225
2423,64,64,"Gate block 2 Linear 64\! \!64; SiLU; LayerNorm (B,V,64) (B,V,64) 4288 \\",19,data/DATASET_DONE.json:251; data/DATASET_DONE.json:369; data/DATASET_DONE.json:385; data/DATASET_DONE.json:516; data/DATASET_DONE.json:545; data/DATASET_DONE.json:801; data/DATASET_DONE.json:881; data/DATASET_DONE.json:955; data/DATASET_DONE.json:1025; data/DATASET_DONE.json:1563; data/DATASET_DONE.json:1579; data/DATASET_DONE.json:1619; data/DATASET_DONE.json:2129; data/DATASET_DONE.json:2203; data/DATASET_DONE.json:2403; data/DATASET_DONE.json:2457; data/DATASET_DONE.json:2961; data/DATASET_DONE.json:3129; data/DATASET_DONE.json:3225
2423,64,64,"Gate block 2 Linear 64\! \!64; SiLU; LayerNorm (B,V,64) (B,V,64) 4288 \\",19,data/DATASET_DONE.json:251; data/DATASET_DONE.json:369; data/DATASET_DONE.json:385; data/DATASET_DONE.json:516; data/DATASET_DONE.json:545; data/DATASET_DONE.json:801; data/DATASET_DONE.json:881; data/DATASET_DONE.json:955; data/DATASET_DONE.json:1025; data/DATASET_DONE.json:1563; data/DATASET_DONE.json:1579; data/DATASET_DONE.json:1619; data/DATASET_DONE.json:2129; data/DATASET_DONE.json:2203; data/DATASET_DONE.json:2403; data/DATASET_DONE.json:2457; data/DATASET_DONE.json:2961; data/DATASET_DONE.json:3129; data/DATASET_DONE.json:3225
2423,64,64,"Gate block 2 Linear 64\! \!64; SiLU; LayerNorm (B,V,64) (B,V,64) 4288 \\",19,data/DATASET_DONE.json:251; data/DATASET_DONE.json:369; data/DATASET_DONE.json:385; data/DATASET_DONE.json:516; data/DATASET_DONE.json:545; data/DATASET_DONE.json:801; data/DATASET_DONE.json:881; data/DATASET_DONE.json:955; data/DATASET_DONE.json:1025; data/DATASET_DONE.json:1563; data/DATASET_DONE.json:1579; data/DATASET_DONE.json:1619; data/DATASET_DONE.json:2129; data/DATASET_DONE.json:2203; data/DATASET_DONE.json:2403; data/DATASET_DONE.json:2457; data/DATASET_DONE.json:2961; data/DATASET_DONE.json:3129; data/DATASET_DONE.json:3225
2423,4288,4288,"Gate block 2 Linear 64\! \!64; SiLU; LayerNorm (B,V,64) (B,V,64) 4288 \\",4,results/rbsr_final_rerun_holdout_v1/posthoc_subunit_analysis_v1/personalization/pair_metrics_all_variants.csv:4290; results/rbsr_final_rerun_holdout_v1/posthoc_subunit_analysis_v1/personalization/pair_metrics_all_variants.csv:9120; results/rbsr_final_rerun_holdout_v1/posthoc_subunit_analysis_v1/personalization/pair_metrics_all_variants.csv:13950; results/rbsr_final_rerun_holdout_v1/posthoc_subunit_analysis_v1/personalization/pair_metrics_all_variants.csv:18780
2424,64,64,"Gate output Linear 64\! \!1; sigmoid (B,V,64) (B,V,1) 65 \\",19,data/DATASET_DONE.json:251; data/DATASET_DONE.json:369; data/DATASET_DONE.json:385; data/DATASET_DONE.json:516; data/DATASET_DONE.json:545; data/DATASET_DONE.json:801; data/DATASET_DONE.json:881; data/DATASET_DONE.json:955; data/DATASET_DONE.json:1025; data/DATASET_DONE.json:1563; data/DATASET_DONE.json:1579; data/DATASET_DONE.json:1619; data/DATASET_DONE.json:2129; data/DATASET_DONE.json:2203; data/DATASET_DONE.json:2403; data/DATASET_DONE.json:2457; data/DATASET_DONE.json:2961; data/DATASET_DONE.json:3129; data/DATASET_DONE.json:3225
2424,1,1,"Gate output Linear 64\! \!1; sigmoid (B,V,64) (B,V,1) 65 \\",18,README.md:66; README.md:67; README.md:92; README.md:118; README.md:121; README.md:143; README.md:167; README.md:168; configs/reproduction.example.toml:11; data/DATASET_DONE.json:9; data/DATASET_DONE.json:11; data/DATASET_DONE.json:12; data/DATASET_DONE.json:19; data/DATASET_DONE.json:25; data/DATASET_DONE.json:27; data/DATASET_DONE.json:35; data/DATASET_DONE.json:49; data/DATASET_DONE.json:51
2424,64,64,"Gate output Linear 64\! \!1; sigmoid (B,V,64) (B,V,1) 65 \\",19,data/DATASET_DONE.json:251; data/DATASET_DONE.json:369; data/DATASET_DONE.json:385; data/DATASET_DONE.json:516; data/DATASET_DONE.json:545; data/DATASET_DONE.json:801; data/DATASET_DONE.json:881; data/DATASET_DONE.json:955; data/DATASET_DONE.json:1025; data/DATASET_DONE.json:1563; data/DATASET_DONE.json:1579; data/DATASET_DONE.json:1619; data/DATASET_DONE.json:2129; data/DATASET_DONE.json:2203; data/DATASET_DONE.json:2403; data/DATASET_DONE.json:2457; data/DATASET_DONE.json:2961; data/DATASET_DONE.json:3129; data/DATASET_DONE.json:3225
2424,1,1,"Gate output Linear 64\! \!1; sigmoid (B,V,64) (B,V,1) 65 \\",18,README.md:66; README.md:67; README.md:92; README.md:118; README.md:121; README.md:143; README.md:167; README.md:168; configs/reproduction.example.toml:11; data/DATASET_DONE.json:9; data/DATASET_DONE.json:11; data/DATASET_DONE.json:12; data/DATASET_DONE.json:19; data/DATASET_DONE.json:25; data/DATASET_DONE.json:27; data/DATASET_DONE.json:35; data/DATASET_DONE.json:49; data/DATASET_DONE.json:51
2424,65,65,"Gate output Linear 64\! \!1; sigmoid (B,V,64) (B,V,1) 65 \\",20,data/DATASET_DONE.json:49; data/DATASET_DONE.json:321; data/DATASET_DONE.json:473; data/DATASET_DONE.json:524; data/DATASET_DONE.json:667; data/DATASET_DONE.json:779; data/DATASET_DONE.json:937; data/DATASET_DONE.json:1003; data/DATASET_DONE.json:1019; data/DATASET_DONE.json:1059; data/DATASET_DONE.json:1089; data/DATASET_DONE.json:1137; data/DATASET_DONE.json:1273; data/DATASET_DONE.json:1305; data/DATASET_DONE.json:1313; data/DATASET_DONE.json:1337; data/DATASET_DONE.json:1457; data/DATASET_DONE.json:1489; data/DATASET_DONE.json:1593; data/DATASET_DONE.json:1955
2426,11905,11905,Total -- -- -- 11905 \\,5,data/DATASET_DONE.json:3075; roi/collar.json:1465; roi/subunits.json:2509; roi/vertices.json:1480; splits/facescape_847/split_manifest.json:15595
2435,15,15,The selected validation checkpoint occurs at epoch 15 with ROI RMSE 1.1122.,20,data/DATASET_DONE.json:81; data/DATASET_DONE.json:124; data/DATASET_DONE.json:633; data/DATASET_DONE.json:649; data/DATASET_DONE.json:675; data/DATASET_DONE.json:691; data/DATASET_DONE.json:865; data/DATASET_DONE.json:921; data/DATASET_DONE.json:945; data/DATASET_DONE.json:1065; data/DATASET_DONE.json:1147; data/DATASET_DONE.json:1313; data/DATASET_DONE.json:1641; data/DATASET_DONE.json:1729; data/DATASET_DONE.json:2017; data/DATASET_DONE.json:2153; data/DATASET_DONE.json:2219; data/DATASET_DONE.json:2259; data/DATASET_DONE.json:2571; data/DATASET_DONE.json:2577
2435,1.1122,1.1122,The selected validation checkpoint occurs at epoch 15 with ROI RMSE 1.1122.,0,
2436,0.2153,0.2153,"Its mean gate value is 0.2153, its 95th percentile is 0.6514, and",1,demo/public/bundle/certified_presets.json:1
2436,95,95,"Its mean gate value is 0.2153, its 95th percentile is 0.6514, and",20,README.md:24; README.md:36; data/DATASET_DONE.json:107; data/DATASET_DONE.json:115; data/DATASET_DONE.json:177; data/DATASET_DONE.json:225; data/DATASET_DONE.json:273; data/DATASET_DONE.json:403; data/DATASET_DONE.json:545; data/DATASET_DONE.json:561; data/DATASET_DONE.json:601; data/DATASET_DONE.json:699; data/DATASET_DONE.json:713; data/DATASET_DONE.json:739; data/DATASET_DONE.json:755; data/DATASET_DONE.json:764; data/DATASET_DONE.json:923; data/DATASET_DONE.json:1043; data/DATASET_DONE.json:1065; data/DATASET_DONE.json:1297
2436,0.6514,0.6514,"Its mean gate value is 0.2153, its 95th percentile is 0.6514, and",1,demo/public/bundle/certified_presets.json:1
2437,12.36\%,12.36%,"12.36\% of vertices have g(v)>0.5. Relative to the fixed blend, the gate",0,
2437,0.5,0.5,"12.36\% of vertices have g(v)>0.5. Relative to the fixed blend, the gate",15,demo/README.md:14; demo/public/bundle/certified_presets.json:1; demo/public/bundle/manifest.json:43; demo/public/bundle/manifest.json:339; demo/public/bundle/ridge_browser.json:1; demo/src/components/Studio3D.jsx:25; demo/src/engine/certifiedLocal.js:417; demo/src/engine/geometry.js:118; demo/verify.mjs:225; demo/verify.mjs:439; docs/FINAL_EXPERIMENT_MAP.md:27; experiments/lamm/run_lamm_facescape.py:431; reproducibility/source_snapshots/final_holdout_v1/source/experiments/lamm/run_lamm_facescape.py:431; reproducibility/source_snapshots/final_holdout_v1/source/rhinoform/baselines.py:94; reproducibility/source_snapshots/final_holdout_v1/source/rhinoform/baselines.py:95
2438,0.5\%,0.5%,"reduces RMSE by 0.5\%, but increases new flips by 17.6\% and edge strain by",16,demo/src/components/Studio.jsx:318; demo/README.md:14; demo/public/bundle/certified_presets.json:1; demo/public/bundle/manifest.json:43; demo/public/bundle/manifest.json:339; demo/public/bundle/ridge_browser.json:1; demo/src/components/Studio3D.jsx:25; demo/src/engine/certifiedLocal.js:417; demo/src/engine/geometry.js:118; demo/verify.mjs:225; demo/verify.mjs:439; docs/FINAL_EXPERIMENT_MAP.md:27; experiments/lamm/run_lamm_facescape.py:431; reproducibility/source_snapshots/final_holdout_v1/source/experiments/lamm/run_lamm_facescape.py:431; reproducibility/source_snapshots/final_holdout_v1/source/rhinoform/baselines.py:94; reproducibility/source_snapshots/final_holdout_v1/source/rhinoform/baselines.py:95
2438,17.6\%,17.6%,"reduces RMSE by 0.5\%, but increases new flips by 17.6\% and edge strain by",0,
2439,3.1\%,3.1%,3.1\%.,1,demo/public/bundle/ridge_browser.json:1
2443,1.1619,1.1619,"1.1619. Soft geometric supervision can influence the admission pattern, but",0,
2452,3,3,Stage 3 spatial-gate diagnosis.,18,CITATION.cff:14; README.md:5; README.md:8; README.md:55; README.md:78; README.md:94; README.md:184; data/DATASET_DONE.json:9; data/DATASET_DONE.json:25; data/DATASET_DONE.json:27; data/DATASET_DONE.json:28; data/DATASET_DONE.json:33; data/DATASET_DONE.json:35; data/DATASET_DONE.json:59; data/DATASET_DONE.json:65; data/DATASET_DONE.json:73; data/DATASET_DONE.json:75; data/DATASET_DONE.json:81
2452,3,3,Stage 3 spatial-gate diagnosis.,18,CITATION.cff:14; README.md:5; README.md:8; README.md:55; README.md:78; README.md:94; README.md:184; data/DATASET_DONE.json:9; data/DATASET_DONE.json:25; data/DATASET_DONE.json:27; data/DATASET_DONE.json:28; data/DATASET_DONE.json:33; data/DATASET_DONE.json:35; data/DATASET_DONE.json:59; data/DATASET_DONE.json:65; data/DATASET_DONE.json:73; data/DATASET_DONE.json:75; data/DATASET_DONE.json:81
2455,0.1,0.1,(c) Change from the fixed =0.1 blend.,20,demo/README.md:66; demo/README.md:128; demo/package-lock.json:347; demo/package-lock.json:837; demo/package.json:7; demo/package.json:9; demo/public/bundle/certified_presets.json:1; demo/public/bundle/manifest.json:18; demo/src/components/HeroCanvas.jsx:16; demo/src/components/Studio3D.jsx:42; demo/src/components/Studio3D.jsx:77; demo/src/engine/bundle.js:8; demo/verify.mjs:144; demo/verify.mjs:282; reproducibility/source_snapshots/final_holdout_v1/source/rhinoform/train.py:221; reproducibility/source_snapshots/final_holdout_v1/source/rhinoform/train.py:718; reproducibility/source_snapshots/final_holdout_v1/source/rhinoform/train_rbsr_gate.py:406; reproducibility/source_snapshots/posthoc_subunits_v1/source/rhinoform/train.py:221; reproducibility/source_snapshots/posthoc_subunits_v1/source/rhinoform/train.py:718; reproducibility/source_snapshots/posthoc_subunits_v1/source/rhinoform/train_rbsr_gate.py:412
2472,3,3,Stage 3 per-vertex mechanism over,18,CITATION.cff:14; README.md:5; README.md:8; README.md:55; README.md:78; README.md:94; README.md:184; data/DATASET_DONE.json:9; data/DATASET_DONE.json:25; data/DATASET_DONE.json:27; data/DATASET_DONE.json:28; data/DATASET_DONE.json:33; data/DATASET_DONE.json:35; data/DATASET_DONE.json:59; data/DATASET_DONE.json:65; data/DATASET_DONE.json:73; data/DATASET_DONE.json:75; data/DATASET_DONE.json:81
2472,3,3,Stage 3 per-vertex mechanism over,18,CITATION.cff:14; README.md:5; README.md:8; README.md:55; README.md:78; README.md:94; README.md:184; data/DATASET_DONE.json:9; data/DATASET_DONE.json:25; data/DATASET_DONE.json:27; data/DATASET_DONE.json:28; data/DATASET_DONE.json:33; data/DATASET_DONE.json:35; data/DATASET_DONE.json:59; data/DATASET_DONE.json:65; data/DATASET_DONE.json:73; data/DATASET_DONE.json:75; data/DATASET_DONE.json:81
2473,4,4,"4\,830 validation pairs. (a) Mean proposed residual magnitude",14,README.md:98; data/DATASET_DONE.json:11; data/DATASET_DONE.json:19; data/DATASET_DONE.json:35; data/DATASET_DONE.json:36; data/DATASET_DONE.json:41; data/DATASET_DONE.json:43; data/DATASET_DONE.json:57; data/DATASET_DONE.json:59; data/DATASET_DONE.json:81; data/DATASET_DONE.json:89; data/DATASET_DONE.json:91; data/DATASET_DONE.json:97; data/DATASET_DONE.json:105
2473,830,830,"4\,830 validation pairs. (a) Mean proposed residual magnitude",20,data/DATASET_DONE.json:185; data/DATASET_DONE.json:299; data/DATASET_DONE.json:1097; data/DATASET_DONE.json:1809; data/DATASET_DONE.json:2441; data/DATASET_DONE.json:3531; data/DATASET_DONE.json:4353; data/DATASET_DONE.json:6395; data/DATASET_DONE.json:6563; data/DATASET_DONE.json:6644; data/manifest.json:215; data/manifest.json:1241; data/manifest.json:2042; data/manifest.json:2753; data/manifest.json:4904; data/manifest.json:7472; data/manifest.json:7473; reproducibility/source_snapshots/posthoc_subunits_v1/SOURCE_MANIFEST.json:16; results/rbsr_final_rerun_holdout_v1/FINAL_RESULT_FREEZE_AUDIT.json.sha256.json:4; results/rbsr_final_rerun_holdout_v1/RESULT_TREE_MANIFEST.json:37
2486,4,4,the learned constraint remains statistical. Stage 4 keeps the gate for local,14,README.md:98; data/DATASET_DONE.json:11; data/DATASET_DONE.json:19; data/DATASET_DONE.json:35; data/DATASET_DONE.json:36; data/DATASET_DONE.json:41; data/DATASET_DONE.json:43; data/DATASET_DONE.json:57; data/DATASET_DONE.json:59; data/DATASET_DONE.json:81; data/DATASET_DONE.json:89; data/DATASET_DONE.json:91; data/DATASET_DONE.json:97; data/DATASET_DONE.json:105
2490,4,4,Stage 4: ridge-relative fold certificate,14,README.md:98; data/DATASET_DONE.json:11; data/DATASET_DONE.json:19; data/DATASET_DONE.json:35; data/DATASET_DONE.json:36; data/DATASET_DONE.json:41; data/DATASET_DONE.json:43; data/DATASET_DONE.json:57; data/DATASET_DONE.json:59; data/DATASET_DONE.json:81; data/DATASET_DONE.json:89; data/DATASET_DONE.json:91; data/DATASET_DONE.json:97; data/DATASET_DONE.json:105
2513,0.75,0.75,and multiplies the retention of their incident vertices by 0.75. Exact,19,demo/README.md:23; demo/public/bundle/certified_browser.json:1; demo/public/bundle/certified_presets.json:1; demo/public/bundle/manifest.json:28; demo/src/App.jsx:129; demo/src/components/Studio3D.jsx:20; demo/verify.mjs:125; docs/FINAL_EXPERIMENT_MAP.md:9; reproducibility/source_snapshots/final_holdout_v1/source/rhinoform/safe_fusion.py:27; reproducibility/source_snapshots/final_holdout_v1/source/rhinoform/train.py:723; reproducibility/source_snapshots/final_holdout_v1/source/rhinoform/train.py:937; reproducibility/source_snapshots/final_holdout_v1/source/scripts/evaluation/rbsr_ridge_fold_projection.py:67; reproducibility/source_snapshots/posthoc_subunits_v1/source/rhinoform/safe_fusion.py:27; reproducibility/source_snapshots/posthoc_subunits_v1/source/rhinoform/train.py:723; reproducibility/source_snapshots/posthoc_subunits_v1/source/rhinoform/train.py:937; reproducibility/source_snapshots/supplemental_dominance_v1/source_corrected/rhinoform/train.py:723; reproducibility/source_snapshots/supplemental_dominance_v1/source_corrected/rhinoform/train.py:937; reproducibility/source_snapshots/supplemental_dominance_v1/source_pre_erratum/rhinoform/train.py:723; reproducibility/source_snapshots/supplemental_dominance_v1/source_pre_erratum/rhinoform/train.py:937
2514,64,64,handles are reimposed after each update. The local phase runs for at most 64,19,data/DATASET_DONE.json:251; data/DATASET_DONE.json:369; data/DATASET_DONE.json:385; data/DATASET_DONE.json:516; data/DATASET_DONE.json:545; data/DATASET_DONE.json:801; data/DATASET_DONE.json:881; data/DATASET_DONE.json:955; data/DATASET_DONE.json:1025; data/DATASET_DONE.json:1563; data/DATASET_DONE.json:1579; data/DATASET_DONE.json:1619; data/DATASET_DONE.json:2129; data/DATASET_DONE.json:2203; data/DATASET_DONE.json:2403; data/DATASET_DONE.json:2457; data/DATASET_DONE.json:2961; data/DATASET_DONE.json:3129; data/DATASET_DONE.json:3225
2516,1001,1001,1001-point uniform residual scale is searched from 1 to 0. The zero endpoint,20,data/DATASET_DONE.json:865; data/manifest.json:980; demo/README.md:23; demo/public/bundle/certified_browser.json:1; demo/public/bundle/manifest.json:31; demo/src/App.jsx:129; demo/verify.mjs:127; reproducibility/source_snapshots/final_holdout_v1/source/rhinoform/safe_fusion.py:316; reproducibility/source_snapshots/final_holdout_v1/source/scripts/evaluation/rbsr_ridge_fold_projection.py:70; reproducibility/source_snapshots/posthoc_subunits_v1/source/rhinoform/safe_fusion.py:316; results/rbsr_final_rerun_holdout_v1/posthoc_subunit_analysis_v1/personalization/pair_metrics_all_variants.csv:1003; results/rbsr_final_rerun_holdout_v1/posthoc_subunit_analysis_v1/personalization/pair_metrics_all_variants.csv:5833; results/rbsr_final_rerun_holdout_v1/posthoc_subunit_analysis_v1/personalization/pair_metrics_all_variants.csv:10663; results/rbsr_final_rerun_holdout_v1/posthoc_subunit_analysis_v1/personalization/pair_metrics_all_variants.csv:15493; results/rbsr_final_rerun_holdout_v1/protocol/FINAL_RERUN_HOLDOUT_POLICY_FREEZE.json:38; results/rbsr_final_rerun_holdout_v1/rbsr/seed20260609/certified_projection_validation/RBSR_CERTIFIED_PROJECTION_FREEZE.json:34; results/rbsr_final_rerun_holdout_v1/rbsr/seed20260609/certified_projection_validation/RBSR_CERTIFIED_PROJECTION_FREEZE.json:64; results/rbsr_final_rerun_holdout_v1/rbsr/seed20260609/certified_projection_validation/RBSR_CERTIFIED_PROJECTION_FREEZE.json:120; results/rbsr_final_rerun_holdout_v1/rbsr/seed20260609/certified_projection_validation/rbsr_ridge_fold_projection_validation.json:29; results/rbsr_final_rerun_holdout_v1/rbsr/seed20260609/certified_projection_validation/rbsr_ridge_fold_projection_validation.json:55
2516,1,1,1001-point uniform residual scale is searched from 1 to 0. The zero endpoint,18,README.md:66; README.md:67; README.md:92; README.md:118; README.md:121; README.md:143; README.md:167; README.md:168; configs/reproduction.example.toml:11; data/DATASET_DONE.json:9; data/DATASET_DONE.json:11; data/DATASET_DONE.json:12; data/DATASET_DONE.json:19; data/DATASET_DONE.json:25; data/DATASET_DONE.json:27; data/DATASET_DONE.json:35; data/DATASET_DONE.json:49; data/DATASET_DONE.json:51
2516,0,0,1001-point uniform residual scale is searched from 1 to 0. The zero endpoint,17,.github/workflows/ci.yml:19; .github/workflows/ci.yml:60; CITATION.cff:1; CITATION.cff:10; data/DATASET_DONE.json:11; data/DATASET_DONE.json:19; data/DATASET_DONE.json:25; data/DATASET_DONE.json:27; data/DATASET_DONE.json:41; data/DATASET_DONE.json:49; data/DATASET_DONE.json:51; data/DATASET_DONE.json:59; data/DATASET_DONE.json:65; data/DATASET_DONE.json:83; data/DATASET_DONE.json:91; data/DATASET_DONE.json:97; data/DATASET_DONE.json:105
2519,8,8,rfredrawindex8,14,THIRD_PARTY.md:26; configs/reproduction.example.toml:19; data/DATASET_DONE.json:11; data/DATASET_DONE.json:17; data/DATASET_DONE.json:27; data/DATASET_DONE.json:33; data/DATASET_DONE.json:41; data/DATASET_DONE.json:51; data/DATASET_DONE.json:59; data/DATASET_DONE.json:65; data/DATASET_DONE.json:67; data/DATASET_DONE.json:68; data/DATASET_DONE.json:75; data/DATASET_DONE.json:91
2520,4.1,4.1,Algorithm 4.1 --- Hard ridge-relative fold certificate,2,demo/public/bundle/certified_presets.json:1; demo/public/bundle/ridge_browser.json:1
2524,4,4,"On the 4\,830 validation pairs, certification changes RMSE only from",14,README.md:98; data/DATASET_DONE.json:11; data/DATASET_DONE.json:19; data/DATASET_DONE.json:35; data/DATASET_DONE.json:36; data/DATASET_DONE.json:41; data/DATASET_DONE.json:43; data/DATASET_DONE.json:57; data/DATASET_DONE.json:59; data/DATASET_DONE.json:81; data/DATASET_DONE.json:89; data/DATASET_DONE.json:91; data/DATASET_DONE.json:97; data/DATASET_DONE.json:105
2524,830,830,"On the 4\,830 validation pairs, certification changes RMSE only from",20,data/DATASET_DONE.json:185; data/DATASET_DONE.json:299; data/DATASET_DONE.json:1097; data/DATASET_DONE.json:1809; data/DATASET_DONE.json:2441; data/DATASET_DONE.json:3531; data/DATASET_DONE.json:4353; data/DATASET_DONE.json:6395; data/DATASET_DONE.json:6563; data/DATASET_DONE.json:6644; data/manifest.json:215; data/manifest.json:1241; data/manifest.json:2042; data/manifest.json:2753; data/manifest.json:4904; data/manifest.json:7472; data/manifest.json:7473; reproducibility/source_snapshots/posthoc_subunits_v1/SOURCE_MANIFEST.json:16; results/rbsr_final_rerun_holdout_v1/FINAL_RESULT_FREEZE_AUDIT.json.sha256.json:4; results/rbsr_final_rerun_holdout_v1/RESULT_TREE_MANIFEST.json:37
2525,1.112194,1.112194,1.112194 to 1.112320 while reducing new flips from 0.5579\% to,2,docs/FINAL_EXPERIMENT_MAP.md:47; docs/final_tables/README.md:27
2525,1.112320,1.112320,1.112194 to 1.112320 while reducing new flips from 0.5579\% to,2,docs/FINAL_EXPERIMENT_MAP.md:48; docs/final_tables/README.md:28
2525,0.5579\%,0.5579%,1.112194 to 1.112320 while reducing new flips from 0.5579\% to,0,
2526,0.2513\%,0.2513%,0.2513\%. The fold-subset condition holds for every pair. Mean residual,1,demo/public/bundle/certified_presets.json:1
2527,99.17\%,99.17%,"retention is 99.17\%, the median local iteration count is 13, and the mean is",0,
2527,13,13,"retention is 99.17\%, the median local iteration count is 13, and the mean is",20,data/DATASET_DONE.json:19; data/DATASET_DONE.json:105; data/DATASET_DONE.json:108; data/DATASET_DONE.json:179; data/DATASET_DONE.json:417; data/DATASET_DONE.json:507; data/DATASET_DONE.json:539; data/DATASET_DONE.json:691; data/DATASET_DONE.json:833; data/DATASET_DONE.json:1081; data/DATASET_DONE.json:1193; data/DATASET_DONE.json:1257; data/DATASET_DONE.json:1307; data/DATASET_DONE.json:1339; data/DATASET_DONE.json:1355; data/DATASET_DONE.json:1521; data/DATASET_DONE.json:1611; data/DATASET_DONE.json:1801; data/DATASET_DONE.json:2025; data/DATASET_DONE.json:2083
2528,13.38,13.38,13.38. All validation pairs certify on the local path; the 1001-point,0,
2528,1001,1001,13.38. All validation pairs certify on the local path; the 1001-point,20,data/DATASET_DONE.json:865; data/manifest.json:980; demo/README.md:23; demo/public/bundle/certified_browser.json:1; demo/public/bundle/manifest.json:31; demo/src/App.jsx:129; demo/verify.mjs:127; reproducibility/source_snapshots/final_holdout_v1/source/rhinoform/safe_fusion.py:316; reproducibility/source_snapshots/final_holdout_v1/source/scripts/evaluation/rbsr_ridge_fold_projection.py:70; reproducibility/source_snapshots/posthoc_subunits_v1/source/rhinoform/safe_fusion.py:316; results/rbsr_final_rerun_holdout_v1/posthoc_subunit_analysis_v1/personalization/pair_metrics_all_variants.csv:1003; results/rbsr_final_rerun_holdout_v1/posthoc_subunit_analysis_v1/personalization/pair_metrics_all_variants.csv:5833; results/rbsr_final_rerun_holdout_v1/posthoc_subunit_analysis_v1/personalization/pair_metrics_all_variants.csv:10663; results/rbsr_final_rerun_holdout_v1/posthoc_subunit_analysis_v1/personalization/pair_metrics_all_variants.csv:15493; results/rbsr_final_rerun_holdout_v1/protocol/FINAL_RERUN_HOLDOUT_POLICY_FREEZE.json:38; results/rbsr_final_rerun_holdout_v1/rbsr/seed20260609/certified_projection_validation/RBSR_CERTIFIED_PROJECTION_FREEZE.json:34; results/rbsr_final_rerun_holdout_v1/rbsr/seed20260609/certified_projection_validation/RBSR_CERTIFIED_PROJECTION_FREEZE.json:64; results/rbsr_final_rerun_holdout_v1/rbsr/seed20260609/certified_projection_validation/RBSR_CERTIFIED_PROJECTION_FREEZE.json:120; results/rbsr_final_rerun_holdout_v1/rbsr/seed20260609/certified_projection_validation/rbsr_ridge_fold_projection_validation.json:29; results/rbsr_final_rerun_holdout_v1/rbsr/seed20260609/certified_projection_validation/rbsr_ridge_fold_projection_validation.json:55
2537,4,4,Stage 4 certificate diagnosis on,14,README.md:98; data/DATASET_DONE.json:11; data/DATASET_DONE.json:19; data/DATASET_DONE.json:35; data/DATASET_DONE.json:36; data/DATASET_DONE.json:41; data/DATASET_DONE.json:43; data/DATASET_DONE.json:57; data/DATASET_DONE.json:59; data/DATASET_DONE.json:81; data/DATASET_DONE.json:89; data/DATASET_DONE.json:91; data/DATASET_DONE.json:97; data/DATASET_DONE.json:105
2537,4,4,Stage 4 certificate diagnosis on,14,README.md:98; data/DATASET_DONE.json:11; data/DATASET_DONE.json:19; data/DATASET_DONE.json:35; data/DATASET_DONE.json:36; data/DATASET_DONE.json:41; data/DATASET_DONE.json:43; data/DATASET_DONE.json:57; data/DATASET_DONE.json:59; data/DATASET_DONE.json:81; data/DATASET_DONE.json:89; data/DATASET_DONE.json:91; data/DATASET_DONE.json:97; data/DATASET_DONE.json:105
2538,4,4,"4\,830 validation pairs. (a) Change from Ridge before and after projection.",14,README.md:98; data/DATASET_DONE.json:11; data/DATASET_DONE.json:19; data/DATASET_DONE.json:35; data/DATASET_DONE.json:36; data/DATASET_DONE.json:41; data/DATASET_DONE.json:43; data/DATASET_DONE.json:57; data/DATASET_DONE.json:59; data/DATASET_DONE.json:81; data/DATASET_DONE.json:89; data/DATASET_DONE.json:91; data/DATASET_DONE.json:97; data/DATASET_DONE.json:105
2538,830,830,"4\,830 validation pairs. (a) Change from Ridge before and after projection.",20,data/DATASET_DONE.json:185; data/DATASET_DONE.json:299; data/DATASET_DONE.json:1097; data/DATASET_DONE.json:1809; data/DATASET_DONE.json:2441; data/DATASET_DONE.json:3531; data/DATASET_DONE.json:4353; data/DATASET_DONE.json:6395; data/DATASET_DONE.json:6563; data/DATASET_DONE.json:6644; data/manifest.json:215; data/manifest.json:1241; data/manifest.json:2042; data/manifest.json:2753; data/manifest.json:4904; data/manifest.json:7472; data/manifest.json:7473; reproducibility/source_snapshots/posthoc_subunits_v1/SOURCE_MANIFEST.json:16; results/rbsr_final_rerun_holdout_v1/FINAL_RESULT_FREEZE_AUDIT.json.sha256.json:4; results/rbsr_final_rerun_holdout_v1/RESULT_TREE_MANIFEST.json:37
2540,100\%,100%,is 100\%.,20,demo/src/components/HeroCanvas.jsx:19; demo/src/components/HeroCanvas.jsx:20; demo/src/components/Studio3D.jsx:46; demo/src/components/Studio3D.jsx:47; data/DATASET_DONE.json:804; data/DATASET_DONE.json:2419; data/DATASET_DONE.json:3987; data/DATASET_DONE.json:4387; data/DATASET_DONE.json:4889; data/DATASET_DONE.json:5321; data/README.md:61; data/manifest.json:902; data/manifest.json:903; data/manifest.json:5507; data/manifest.json:5993; demo/public/bundle/manifest.json:39; demo/src/components/Studio.jsx:256; demo/src/components/Studio.jsx:279; demo/src/components/Studio.jsx:435; demo/src/components/Studio.jsx:698
2569,9,9,rfredrawindex9,16,data/DATASET_DONE.json:9; data/DATASET_DONE.json:19; data/DATASET_DONE.json:35; data/DATASET_DONE.json:41; data/DATASET_DONE.json:49; data/DATASET_DONE.json:57; data/DATASET_DONE.json:76; data/DATASET_DONE.json:83; data/DATASET_DONE.json:97; data/DATASET_DONE.json:105; data/DATASET_DONE.json:121; data/DATASET_DONE.json:137; data/DATASET_DONE.json:139; data/DATASET_DONE.json:163; data/DATASET_DONE.json:169; data/DATASET_DONE.json:179
2570,5.1,5.1,"Fig 5.1 --- Evaluation protocol (REDRAW; replaces figure\_5\_1\_evaluation\_protocol.pdf, merges rffigModular, 2 1)",2,demo/public/bundle/certified_browser.json:1; demo/public/bundle/ridge_browser.json:1
2570,2,2,"Fig 5.1 --- Evaluation protocol (REDRAW; replaces figure\_5\_1\_evaluation\_protocol.pdf, merges rffigModular, 2 1)",16,README.md:4; README.md:93; data/DATASET_DONE.json:9; data/DATASET_DONE.json:11; data/DATASET_DONE.json:19; data/DATASET_DONE.json:20; data/DATASET_DONE.json:25; data/DATASET_DONE.json:35; data/DATASET_DONE.json:41; data/DATASET_DONE.json:49; data/DATASET_DONE.json:57; data/DATASET_DONE.json:59; data/DATASET_DONE.json:65; data/DATASET_DONE.json:83; data/DATASET_DONE.json:107; data/DATASET_DONE.json:113
2570,1,1,"Fig 5.1 --- Evaluation protocol (REDRAW; replaces figure\_5\_1\_evaluation\_protocol.pdf, merges rffigModular, 2 1)",18,README.md:66; README.md:67; README.md:92; README.md:118; README.md:121; README.md:143; README.md:167; README.md:168; configs/reproduction.example.toml:11; data/DATASET_DONE.json:9; data/DATASET_DONE.json:11; data/DATASET_DONE.json:12; data/DATASET_DONE.json:19; data/DATASET_DONE.json:25; data/DATASET_DONE.json:27; data/DATASET_DONE.json:35; data/DATASET_DONE.json:49; data/DATASET_DONE.json:51
2572,9900,9900,"split, 9900 primary / 4830 validation ordered pairs, one shared control",20,README.md:20; README.md:35; README.md:50; docs/EVIDENCE_STATUS.md:11; docs/EVIDENCE_STATUS.md:16; docs/FINAL_EXPERIMENT_MAP.md:8; docs/FINAL_EXPERIMENT_MAP.md:25; docs/final_tables/FINAL_PAPER_TABLES.json:3; docs/final_tables/FINAL_PAPER_TABLES.json:5; docs/final_tables/FINAL_PAPER_TABLES.json:8; docs/final_tables/FINAL_PAPER_TABLES.json:33; docs/final_tables/README.md:18; docs/final_tables/README.md:34; docs/final_tables/main_results_9900_pairs.csv.sha256.json:3; docs/final_tables/supplementary_rbsr_vs_lamm_9900_pairs.csv.sha256.json:3; experiments/lamm/README.md:14; experiments/lamm/README.md:57; experiments/lamm/run_lamm_facescape.py:323; reproducibility/source_snapshots/final_holdout_v1/source/experiments/lamm/run_lamm_facescape.py:323; reproducibility/source_snapshots/posthoc_subunits_v1/source/experiments/lamm/run_lamm_facescape.py:323
2572,4830,4830,"split, 9900 primary / 4830 validation ordered pairs, one shared control",20,demo/public/bundle/manifest.json:308; demo/public/bundle/manifest.json:351; docs/EVIDENCE_STATUS.md:17; docs/FINAL_EXPERIMENT_MAP.md:40; docs/final_tables/FINAL_PAPER_TABLES.json:6; docs/final_tables/FINAL_PAPER_TABLES.json:34; docs/final_tables/README.md:30; docs/final_tables/component_ablation_validation_4830_pairs.csv.sha256.json:3; reproducibility/source_snapshots/final_holdout_v1/source/scripts/analysis/select_rbsr_certified_projection.py:40; reproducibility/source_snapshots/final_holdout_v1/source/scripts/analysis/select_rbsr_certified_projection.py:41; reproducibility/source_snapshots/final_holdout_v1/source/scripts/analysis/select_rbsr_certified_projection.py:76; reproducibility/source_snapshots/final_holdout_v1/source/scripts/evaluation/rbsr_ridge_fold_projection.py:110; reproducibility/source_snapshots/final_holdout_v1/source/scripts/evaluation/rbsr_ridge_fold_projection.py:111; reproducibility/source_snapshots/posthoc_subunits_v1/source/scripts/evaluation/lamm_validation_reference.py:190; reproducibility/source_snapshots/posthoc_subunits_v1/source/scripts/evaluation/lamm_validation_reference.py:191; reproducibility/source_snapshots/posthoc_subunits_v1/source/scripts/evaluation/posthoc_personalization_ablation.py:223; reproducibility/source_snapshots/posthoc_subunits_v1/source/scripts/evaluation/posthoc_personalization_ablation.py:306; reproducibility/source_snapshots/posthoc_subunits_v1/source/scripts/evaluation/posthoc_personalization_ablation.py:307; reproducibility/source_snapshots/posthoc_subunits_v1/source/scripts/evaluation/posthoc_preflight.py:29; reproducibility/source_snapshots/posthoc_subunits_v1/source/scripts/evaluation/posthoc_preflight.py:230
2579,576,576,"split tree (train 576 / val 70 / test 100), annotated 9900 and",20,data/DATASET_DONE.json:67; data/DATASET_DONE.json:3673; data/DATASET_DONE.json:4612; data/DATASET_DONE.json:5043; data/DATASET_DONE.json:5619; data/README.md:61; data/manifest.json:4139; data/manifest.json:5186; data/manifest.json:5187; demo/public/bundle/manifest.json:37; docs/EVIDENCE_STATUS.md:10; docs/FINAL_EXPERIMENT_MAP.md:7; experiments/lamm/README.md:14; results/rbsr_final_rerun_holdout_v1/FINAL_RESULT_FREEZE_AUDIT.json:81; results/rbsr_final_rerun_holdout_v1/README.md:17; results/rbsr_final_rerun_holdout_v1/lamm/seed20260609/protocol_audit.json:40; results/rbsr_final_rerun_holdout_v1/lamm/seed20260609/run_provenance.json:75; results/rbsr_final_rerun_holdout_v1/posthoc_subunit_analysis_v1/personalization/PERSONALIZATION_ABLATION_PROTOCOL_FREEZE.json:64; results/rbsr_final_rerun_holdout_v1/posthoc_subunit_analysis_v1/personalization/PERSONALIZATION_ABLATION_PROTOCOL_FREEZE.json:65; results/rbsr_final_rerun_holdout_v1/posthoc_subunit_analysis_v1/personalization/pair_metrics_all_variants.csv:578
2579,70,70,"split tree (train 576 / val 70 / test 100), annotated 9900 and",19,data/DATASET_DONE.json:249; data/DATASET_DONE.json:339; data/DATASET_DONE.json:427; data/DATASET_DONE.json:521; data/DATASET_DONE.json:564; data/DATASET_DONE.json:627; data/DATASET_DONE.json:843; data/DATASET_DONE.json:865; data/DATASET_DONE.json:873; data/DATASET_DONE.json:889; data/DATASET_DONE.json:897; data/DATASET_DONE.json:995; data/DATASET_DONE.json:1041; data/DATASET_DONE.json:1059; data/DATASET_DONE.json:1203; data/DATASET_DONE.json:1217; data/DATASET_DONE.json:1441; data/DATASET_DONE.json:1555; data/DATASET_DONE.json:1723
2579,100,100,"split tree (train 576 / val 70 / test 100), annotated 9900 and",18,data/DATASET_DONE.json:804; data/DATASET_DONE.json:2419; data/DATASET_DONE.json:3987; data/DATASET_DONE.json:4387; data/DATASET_DONE.json:4889; data/DATASET_DONE.json:5321; data/README.md:61; data/manifest.json:902; data/manifest.json:903; data/manifest.json:5507; data/manifest.json:5993; demo/public/bundle/manifest.json:39; demo/src/components/Studio.jsx:256; demo/src/components/Studio.jsx:279; demo/src/components/Studio.jsx:435; demo/src/components/Studio.jsx:698; demo/src/components/Studio.jsx:705; demo/src/components/Studio.jsx:762
2579,9900,9900,"split tree (train 576 / val 70 / test 100), annotated 9900 and",20,README.md:20; README.md:35; README.md:50; docs/EVIDENCE_STATUS.md:11; docs/EVIDENCE_STATUS.md:16; docs/FINAL_EXPERIMENT_MAP.md:8; docs/FINAL_EXPERIMENT_MAP.md:25; docs/final_tables/FINAL_PAPER_TABLES.json:3; docs/final_tables/FINAL_PAPER_TABLES.json:5; docs/final_tables/FINAL_PAPER_TABLES.json:8; docs/final_tables/FINAL_PAPER_TABLES.json:33; docs/final_tables/README.md:18; docs/final_tables/README.md:34; docs/final_tables/main_results_9900_pairs.csv.sha256.json:3; docs/final_tables/supplementary_rbsr_vs_lamm_9900_pairs.csv.sha256.json:3; experiments/lamm/README.md:14; experiments/lamm/README.md:57; experiments/lamm/run_lamm_facescape.py:323; reproducibility/source_snapshots/final_holdout_v1/source/experiments/lamm/run_lamm_facescape.py:323; reproducibility/source_snapshots/posthoc_subunits_v1/source/experiments/lamm/run_lamm_facescape.py:323
2580,4830,4830,4830 ordered pairs. Methods frame: eight method boxes sharing one input,20,demo/public/bundle/manifest.json:308; demo/public/bundle/manifest.json:351; docs/EVIDENCE_STATUS.md:17; docs/FINAL_EXPERIMENT_MAP.md:40; docs/final_tables/FINAL_PAPER_TABLES.json:6; docs/final_tables/FINAL_PAPER_TABLES.json:34; docs/final_tables/README.md:30; docs/final_tables/component_ablation_validation_4830_pairs.csv.sha256.json:3; reproducibility/source_snapshots/final_holdout_v1/source/scripts/analysis/select_rbsr_certified_projection.py:40; reproducibility/source_snapshots/final_holdout_v1/source/scripts/analysis/select_rbsr_certified_projection.py:41; reproducibility/source_snapshots/final_holdout_v1/source/scripts/analysis/select_rbsr_certified_projection.py:76; reproducibility/source_snapshots/final_holdout_v1/source/scripts/evaluation/rbsr_ridge_fold_projection.py:110; reproducibility/source_snapshots/final_holdout_v1/source/scripts/evaluation/rbsr_ridge_fold_projection.py:111; reproducibility/source_snapshots/posthoc_subunits_v1/source/scripts/evaluation/lamm_validation_reference.py:190; reproducibility/source_snapshots/posthoc_subunits_v1/source/scripts/evaluation/lamm_validation_reference.py:191; reproducibility/source_snapshots/posthoc_subunits_v1/source/scripts/evaluation/posthoc_personalization_ablation.py:223; reproducibility/source_snapshots/posthoc_subunits_v1/source/scripts/evaluation/posthoc_personalization_ablation.py:306; reproducibility/source_snapshots/posthoc_subunits_v1/source/scripts/evaluation/posthoc_personalization_ablation.py:307; reproducibility/source_snapshots/posthoc_subunits_v1/source/scripts/evaluation/posthoc_preflight.py:29; reproducibility/source_snapshots/posthoc_subunits_v1/source/scripts/evaluation/posthoc_preflight.py:230
2583,95,95,flips; edge-strain p_95). Release frame: sha-256 cylinder + ``single,20,README.md:24; README.md:36; data/DATASET_DONE.json:107; data/DATASET_DONE.json:115; data/DATASET_DONE.json:177; data/DATASET_DONE.json:225; data/DATASET_DONE.json:273; data/DATASET_DONE.json:403; data/DATASET_DONE.json:545; data/DATASET_DONE.json:561; data/DATASET_DONE.json:601; data/DATASET_DONE.json:699; data/DATASET_DONE.json:713; data/DATASET_DONE.json:739; data/DATASET_DONE.json:755; data/DATASET_DONE.json:764; data/DATASET_DONE.json:923; data/DATASET_DONE.json:1043; data/DATASET_DONE.json:1065; data/DATASET_DONE.json:1297
2583,256,256,flips; edge-strain p_95). Release frame: sha-256 cylinder + ``single,20,data/DATASET_DONE.json:9; data/DATASET_DONE.json:11; data/DATASET_DONE.json:17; data/DATASET_DONE.json:19; data/DATASET_DONE.json:25; data/DATASET_DONE.json:27; data/DATASET_DONE.json:33; data/DATASET_DONE.json:35; data/DATASET_DONE.json:41; data/DATASET_DONE.json:43; data/DATASET_DONE.json:49; data/DATASET_DONE.json:51; data/DATASET_DONE.json:57; data/DATASET_DONE.json:59; data/DATASET_DONE.json:65; data/DATASET_DONE.json:67; data/DATASET_DONE.json:73; data/DATASET_DONE.json:75; data/DATASET_DONE.json:81; data/DATASET_DONE.json:83
2589,5.1,5.1,Fig 5.1.,2,demo/public/bundle/certified_browser.json:1; demo/public/bundle/ridge_browser.json:1
2591,100,100,identity-disjoint train/validation/test split fixes 100 held-out test,18,data/DATASET_DONE.json:804; data/DATASET_DONE.json:2419; data/DATASET_DONE.json:3987; data/DATASET_DONE.json:4387; data/DATASET_DONE.json:4889; data/DATASET_DONE.json:5321; data/README.md:61; data/manifest.json:902; data/manifest.json:903; data/manifest.json:5507; data/manifest.json:5993; demo/public/bundle/manifest.json:39; demo/src/components/Studio.jsx:256; demo/src/components/Studio.jsx:279; demo/src/components/Studio.jsx:435; demo/src/components/Studio.jsx:698; demo/src/components/Studio.jsx:705; demo/src/components/Studio.jsx:762
2592,100,100,"identities, which form 100 99=9900 ordered source--target pairs on the",18,data/DATASET_DONE.json:804; data/DATASET_DONE.json:2419; data/DATASET_DONE.json:3987; data/DATASET_DONE.json:4387; data/DATASET_DONE.json:4889; data/DATASET_DONE.json:5321; data/README.md:61; data/manifest.json:902; data/manifest.json:903; data/manifest.json:5507; data/manifest.json:5993; demo/public/bundle/manifest.json:39; demo/src/components/Studio.jsx:256; demo/src/components/Studio.jsx:279; demo/src/components/Studio.jsx:435; demo/src/components/Studio.jsx:698; demo/src/components/Studio.jsx:705; demo/src/components/Studio.jsx:762
2592,9,9,"identities, which form 100 99=9900 ordered source--target pairs on the",16,data/DATASET_DONE.json:9; data/DATASET_DONE.json:19; data/DATASET_DONE.json:35; data/DATASET_DONE.json:41; data/DATASET_DONE.json:49; data/DATASET_DONE.json:57; data/DATASET_DONE.json:76; data/DATASET_DONE.json:83; data/DATASET_DONE.json:97; data/DATASET_DONE.json:105; data/DATASET_DONE.json:121; data/DATASET_DONE.json:137; data/DATASET_DONE.json:139; data/DATASET_DONE.json:163; data/DATASET_DONE.json:169; data/DATASET_DONE.json:179
2592,9900,9900,"identities, which form 100 99=9900 ordered source--target pairs on the",20,README.md:20; README.md:35; README.md:50; docs/EVIDENCE_STATUS.md:11; docs/EVIDENCE_STATUS.md:16; docs/FINAL_EXPERIMENT_MAP.md:8; docs/FINAL_EXPERIMENT_MAP.md:25; docs/final_tables/FINAL_PAPER_TABLES.json:3; docs/final_tables/FINAL_PAPER_TABLES.json:5; docs/final_tables/FINAL_PAPER_TABLES.json:8; docs/final_tables/FINAL_PAPER_TABLES.json:33; docs/final_tables/README.md:18; docs/final_tables/README.md:34; docs/final_tables/main_results_9900_pairs.csv.sha256.json:3; docs/final_tables/supplementary_rbsr_vs_lamm_9900_pairs.csv.sha256.json:3; experiments/lamm/README.md:14; experiments/lamm/README.md:57; experiments/lamm/run_lamm_facescape.py:323; reproducibility/source_snapshots/final_holdout_v1/source/experiments/lamm/run_lamm_facescape.py:323; reproducibility/source_snapshots/posthoc_subunits_v1/source/experiments/lamm/run_lamm_facescape.py:323
2600,95,95,"(strict free-ROI RMSE), regularity (normal flips and edge-strain p_95), and",20,README.md:24; README.md:36; data/DATASET_DONE.json:107; data/DATASET_DONE.json:115; data/DATASET_DONE.json:177; data/DATASET_DONE.json:225; data/DATASET_DONE.json:273; data/DATASET_DONE.json:403; data/DATASET_DONE.json:545; data/DATASET_DONE.json:561; data/DATASET_DONE.json:601; data/DATASET_DONE.json:699; data/DATASET_DONE.json:713; data/DATASET_DONE.json:739; data/DATASET_DONE.json:755; data/DATASET_DONE.json:764; data/DATASET_DONE.json:923; data/DATASET_DONE.json:1043; data/DATASET_DONE.json:1065; data/DATASET_DONE.json:1297
2603,95\%,95%,"the Wilcoxon signed-rank test and bootstrap 95\% confidence intervals,",20,README.md:24; README.md:36; data/DATASET_DONE.json:107; data/DATASET_DONE.json:115; data/DATASET_DONE.json:177; data/DATASET_DONE.json:225; data/DATASET_DONE.json:273; data/DATASET_DONE.json:403; data/DATASET_DONE.json:545; data/DATASET_DONE.json:561; data/DATASET_DONE.json:601; data/DATASET_DONE.json:699; data/DATASET_DONE.json:713; data/DATASET_DONE.json:739; data/DATASET_DONE.json:755; data/DATASET_DONE.json:764; data/DATASET_DONE.json:923; data/DATASET_DONE.json:1043; data/DATASET_DONE.json:1065; data/DATASET_DONE.json:1297
2627,64,64,explicit evidence tier. Primary evidence is the PCA-64 held-out test,19,data/DATASET_DONE.json:251; data/DATASET_DONE.json:369; data/DATASET_DONE.json:385; data/DATASET_DONE.json:516; data/DATASET_DONE.json:545; data/DATASET_DONE.json:801; data/DATASET_DONE.json:881; data/DATASET_DONE.json:955; data/DATASET_DONE.json:1025; data/DATASET_DONE.json:1563; data/DATASET_DONE.json:1579; data/DATASET_DONE.json:1619; data/DATASET_DONE.json:2129; data/DATASET_DONE.json:2203; data/DATASET_DONE.json:2403; data/DATASET_DONE.json:2457; data/DATASET_DONE.json:2961; data/DATASET_DONE.json:3129; data/DATASET_DONE.json:3225
2628,9,9,"protocol, unlocked exactly once on the 9\,900 held-out pairs; it supports",16,data/DATASET_DONE.json:9; data/DATASET_DONE.json:19; data/DATASET_DONE.json:35; data/DATASET_DONE.json:41; data/DATASET_DONE.json:49; data/DATASET_DONE.json:57; data/DATASET_DONE.json:76; data/DATASET_DONE.json:83; data/DATASET_DONE.json:97; data/DATASET_DONE.json:105; data/DATASET_DONE.json:121; data/DATASET_DONE.json:137; data/DATASET_DONE.json:139; data/DATASET_DONE.json:163; data/DATASET_DONE.json:169; data/DATASET_DONE.json:179
2628,900,900,"protocol, unlocked exactly once on the 9\,900 held-out pairs; it supports",20,data/DATASET_DONE.json:2763; reproducibility/source_snapshots/supplemental_dominance_v1/SOURCE_MANIFEST.json:37; reproducibility/source_snapshots/supplemental_dominance_v1/SOURCE_MANIFEST.json:90; results/rbsr_final_rerun_holdout_v1/lamm/seed20260609/ae_history.json:213; results/rbsr_final_rerun_holdout_v1/lamm/seed20260609/manipulation_history.json:249; results/rbsr_final_rerun_holdout_v1/posthoc_subunit_analysis_v1/noise/STRICT_NOISE_ROBUSTNESS_EVIDENCE.json:31; results/rbsr_final_rerun_holdout_v1/posthoc_subunit_analysis_v1/noise/STRICT_NOISE_ROBUSTNESS_EVIDENCE.json:37; results/rbsr_final_rerun_holdout_v1/posthoc_subunit_analysis_v1/noise/STRICT_NOISE_ZERO_BASELINE_REPLAY_ERRATUM.json:20; results/rbsr_final_rerun_holdout_v1/posthoc_subunit_analysis_v1/noise/noise_pair_metrics_seed_averaged.csv.sha256.json:4; results/rbsr_final_rerun_holdout_v1/posthoc_subunit_analysis_v1/personalization/pair_metrics_all_variants.csv:902; results/rbsr_final_rerun_holdout_v1/posthoc_subunit_analysis_v1/personalization/pair_metrics_all_variants.csv:5732; results/rbsr_final_rerun_holdout_v1/posthoc_subunit_analysis_v1/personalization/pair_metrics_all_variants.csv:10562; results/rbsr_final_rerun_holdout_v1/posthoc_subunit_analysis_v1/personalization/pair_metrics_all_variants.csv:15392; results/supplemental_rbsr_lamm_dominance_search_v1/release_evidence/protocol/RBSR_LAMM_DOMINANCE_SEARCH_PROTOCOL_FREEZE.json:25; roi/subunits.json:4836; splits/facescape_847/split_manifest.json:13554; splits/facescape_847/split_manifest.json:13929; splits/facescape_847/split_manifest.json:15010; splits/facescape_847/split_manifest.json:15909; splits/facescape_847/split_manifest.json:22149
2631,128,128,Post-hoc evidence---the PCA-128 capacity study and the diagnostic,19,data/DATASET_DONE.json:1028; data/manifest.json:1154; data/manifest.json:1155; demo/public/bundle/manifest.json:15; demo/src/engine/certifiedLocal.js:75; demo/src/engine/certifiedLocal.js:76; demo/src/engine/certifiedLocal.js:77; demo/src/engine/certifiedLocal.js:78; demo/src/engine/certifiedLocal.js:80; demo/src/engine/certifiedLocal.js:89; demo/src/engine/certifiedLocal.js:90; demo/src/engine/certifiedLocal.js:97; demo/src/engine/certifiedLocal.js:98; demo/src/engine/certifiedLocal.js:101; demo/src/engine/certifiedLocal.js:107; demo/src/engine/certifiedLocal.js:108; demo/src/engine/certifiedLocal.js:109; demo/src/engine/certifiedLocal.js:110; demo/src/engine/certifiedLocal.js:113
2638,128,128,"(), then the post-hoc PCA-128 study asks what changes when",19,data/DATASET_DONE.json:1028; data/manifest.json:1154; data/manifest.json:1155; demo/public/bundle/manifest.json:15; demo/src/engine/certifiedLocal.js:75; demo/src/engine/certifiedLocal.js:76; demo/src/engine/certifiedLocal.js:77; demo/src/engine/certifiedLocal.js:78; demo/src/engine/certifiedLocal.js:80; demo/src/engine/certifiedLocal.js:89; demo/src/engine/certifiedLocal.js:90; demo/src/engine/certifiedLocal.js:97; demo/src/engine/certifiedLocal.js:98; demo/src/engine/certifiedLocal.js:101; demo/src/engine/certifiedLocal.js:107; demo/src/engine/certifiedLocal.js:108; demo/src/engine/certifiedLocal.js:109; demo/src/engine/certifiedLocal.js:110; demo/src/engine/certifiedLocal.js:113
2639,28,28,"anchor capacity is unlocked (), and only then is the",20,data/DATASET_DONE.json:17; data/DATASET_DONE.json:185; data/DATASET_DONE.json:228; data/DATASET_DONE.json:241; data/DATASET_DONE.json:249; data/DATASET_DONE.json:419; data/DATASET_DONE.json:499; data/DATASET_DONE.json:1233; data/DATASET_DONE.json:1385; data/DATASET_DONE.json:1409; data/DATASET_DONE.json:1705; data/DATASET_DONE.json:1769; data/DATASET_DONE.json:1857; data/DATASET_DONE.json:2041; data/DATASET_DONE.json:2153; data/DATASET_DONE.json:2171; data/DATASET_DONE.json:2179; data/DATASET_DONE.json:2185; data/DATASET_DONE.json:2451; data/DATASET_DONE.json:2483
2667,847,847,The dataset construction starts from 847 FaceScape identities. One identity,20,data/DATASET_DONE.json:409; data/DATASET_DONE.json:1339; data/DATASET_DONE.json:2369; data/DATASET_DONE.json:2417; data/DATASET_DONE.json:3009; data/DATASET_DONE.json:3307; data/DATASET_DONE.json:6041; data/DATASET_DONE.json:6081; data/DATASET_DONE.json:6761; data/DATASET_DONE.json:6772; data/DATASET_DONE.json:6777; data/README.md:42; data/README.md:60; data/manifest.json:4; data/manifest.json:467; data/manifest.json:2672; data/manifest.json:2726; data/manifest.json:3392; data/manifest.json:6803; data/manifest.json:6848
2668,832,832,"(subject 832) lacks a usable neutral-expression mesh and is removed, leaving",17,data/DATASET_DONE.json:1153; data/DATASET_DONE.json:4241; data/DATASET_DONE.json:4793; data/manifest.json:1304; data/manifest.json:4778; data/manifest.json:5399; results/rbsr_final_rerun_holdout_v1/posthoc_subunit_analysis_v1/personalization/pair_metrics_all_variants.csv:834; results/rbsr_final_rerun_holdout_v1/posthoc_subunit_analysis_v1/personalization/pair_metrics_all_variants.csv:5664; results/rbsr_final_rerun_holdout_v1/posthoc_subunit_analysis_v1/personalization/pair_metrics_all_variants.csv:10494; results/rbsr_final_rerun_holdout_v1/posthoc_subunit_analysis_v1/personalization/pair_metrics_all_variants.csv:15324; roi/subunits.json:627; scripts/data_processing/build_splits.py:213; splits/facescape_847/identity_qc_report.json:8; splits/facescape_847/identity_qc_report.json:14; splits/facescape_847/identity_qc_report.md:3; splits/facescape_847/split_manifest.json:9725; splits/facescape_847/split_manifest.json:18474
2669,846,846,"846 valid identities in the parent pool. For the final confirmation rerun, the",20,README.md:93; README.md:111; data/DATASET_DONE.json:4; data/DATASET_DONE.json:681; data/DATASET_DONE.json:5907; data/DATASET_DONE.json:6017; data/DATASET_DONE.json:6691; data/DATASET_DONE.json:6764; data/README.md:16; data/README.md:46; data/README.md:61; data/manifest.json:8; data/manifest.json:773; data/manifest.json:6776; data/manifest.json:7607; data/manifest.json:7608; reproducibility/README.md:33; reproducibility/source_snapshots/posthoc_subunits_v1/source/scripts/evaluation/posthoc_preflight.py:27; reproducibility/source_snapshots/posthoc_subunits_v1/source/scripts/evaluation/posthoc_preflight.py:74; results/rbsr_final_rerun_holdout_v1/posthoc_subunit_analysis_v1/noise/STRICT_NOISE_CANONICAL_BATCH_SIZE_ERRATUM.json:16
2670,100,100,"100 identities in the previously observed parent test set are first excluded,",18,data/DATASET_DONE.json:804; data/DATASET_DONE.json:2419; data/DATASET_DONE.json:3987; data/DATASET_DONE.json:4387; data/DATASET_DONE.json:4889; data/DATASET_DONE.json:5321; data/README.md:61; data/manifest.json:902; data/manifest.json:903; data/manifest.json:5507; data/manifest.json:5993; demo/public/bundle/manifest.json:39; demo/src/components/Studio.jsx:256; demo/src/components/Studio.jsx:279; demo/src/components/Studio.jsx:435; demo/src/components/Studio.jsx:698; demo/src/components/Studio.jsx:705; demo/src/components/Studio.jsx:762
2671,746,746,leaving 746 eligible identities. The frozen confirmation manifest then orders,20,data/DATASET_DONE.json:4347; data/DATASET_DONE.json:4675; data/DATASET_DONE.json:5972; data/manifest.json:6716; data/manifest.json:6717; docs/final_tables/FINAL_PAPER_TABLES.json:28; results/rbsr_final_rerun_holdout_v1/RESULT_TREE_MANIFEST.json:272; results/rbsr_final_rerun_holdout_v1/RESULT_TREE_MANIFEST.json:617; results/rbsr_final_rerun_holdout_v1/lamm/seed20260609/ae_history.json.sha256.json:4; results/rbsr_final_rerun_holdout_v1/posthoc_subunit_analysis_v1/personalization/pair_metrics_all_variants.csv:748; results/rbsr_final_rerun_holdout_v1/posthoc_subunit_analysis_v1/personalization/pair_metrics_all_variants.csv:5578; results/rbsr_final_rerun_holdout_v1/posthoc_subunit_analysis_v1/personalization/pair_metrics_all_variants.csv:10408; results/rbsr_final_rerun_holdout_v1/posthoc_subunit_analysis_v1/personalization/pair_metrics_all_variants.csv:15238; results/rbsr_final_rerun_holdout_v1/protocol/final_rerun_holdout_split_manifest.json:93; results/rbsr_final_rerun_holdout_v1/rbsr/seed20260609/certified_projection_validation/rbsr_ridge_fold_projection_validation.json:88; results/rbsr_final_rerun_holdout_v1/rbsr/seed20260609/validation_raw/rbsr_evaluation_validation.json.sha256.json:4; roi/subunits.json:4770; splits/facescape_847/split_manifest.json:14919; splits/facescape_847/split_manifest.json:15294; splits/facescape_847/split_manifest.json:17980
2673,56,56,SHA256(schema \_id),20,data/DATASET_DONE.json:105; data/DATASET_DONE.json:195; data/DATASET_DONE.json:235; data/DATASET_DONE.json:251; data/DATASET_DONE.json:353; data/DATASET_DONE.json:363; data/DATASET_DONE.json:452; data/DATASET_DONE.json:459; data/DATASET_DONE.json:475; data/DATASET_DONE.json:513; data/DATASET_DONE.json:587; data/DATASET_DONE.json:673; data/DATASET_DONE.json:681; data/DATASET_DONE.json:779; data/DATASET_DONE.json:833; data/DATASET_DONE.json:905; data/DATASET_DONE.json:1027; data/DATASET_DONE.json:1049; data/DATASET_DONE.json:1129; data/DATASET_DONE.json:1275
2674,20260809,20260809,"with split\_seed=20260809 and assigns test, then validation, then",10,results/rbsr_final_rerun_holdout_v1/FINAL_RESULT_FREEZE_AUDIT.json:78; results/rbsr_final_rerun_holdout_v1/protocol/FINAL_RERUN_HOLDOUT_POLICY_FREEZE.json:66; results/rbsr_final_rerun_holdout_v1/protocol/final_rerun_holdout_split_manifest.json:113; results/rbsr_final_rerun_holdout_v1/protocol/final_rerun_holdout_train_pairs.json:4066; results/rbsr_final_rerun_holdout_v1/rbsr/seed20260609/base/neural_field_metadata_cvae_ew0p1_lw0.json:28; results/rbsr_final_rerun_holdout_v1/rbsr/seed20260609/base/neural_field_metadata_cvae_ew0p1_lw0.json:101; results/rbsr_final_rerun_holdout_v1/rbsr/seed20260609/base/neural_field_summary_cvae_ew0p1_lw0.json:81; results/supplemental_rbsr_lamm_dominance_search_v1/release_evidence/protocol/final_rerun_holdout_train_pairs.json:4066; tests/test_confirmation_split.py:15; tests/test_confirmation_split.py:16
2675,100,100,"training: 100 confirmation-test, 70 validation and 576 training identities.",18,data/DATASET_DONE.json:804; data/DATASET_DONE.json:2419; data/DATASET_DONE.json:3987; data/DATASET_DONE.json:4387; data/DATASET_DONE.json:4889; data/DATASET_DONE.json:5321; data/README.md:61; data/manifest.json:902; data/manifest.json:903; data/manifest.json:5507; data/manifest.json:5993; demo/public/bundle/manifest.json:39; demo/src/components/Studio.jsx:256; demo/src/components/Studio.jsx:279; demo/src/components/Studio.jsx:435; demo/src/components/Studio.jsx:698; demo/src/components/Studio.jsx:705; demo/src/components/Studio.jsx:762
2675,70,70,"training: 100 confirmation-test, 70 validation and 576 training identities.",19,data/DATASET_DONE.json:249; data/DATASET_DONE.json:339; data/DATASET_DONE.json:427; data/DATASET_DONE.json:521; data/DATASET_DONE.json:564; data/DATASET_DONE.json:627; data/DATASET_DONE.json:843; data/DATASET_DONE.json:865; data/DATASET_DONE.json:873; data/DATASET_DONE.json:889; data/DATASET_DONE.json:897; data/DATASET_DONE.json:995; data/DATASET_DONE.json:1041; data/DATASET_DONE.json:1059; data/DATASET_DONE.json:1203; data/DATASET_DONE.json:1217; data/DATASET_DONE.json:1441; data/DATASET_DONE.json:1555; data/DATASET_DONE.json:1723
2675,576,576,"training: 100 confirmation-test, 70 validation and 576 training identities.",20,data/DATASET_DONE.json:67; data/DATASET_DONE.json:3673; data/DATASET_DONE.json:4612; data/DATASET_DONE.json:5043; data/DATASET_DONE.json:5619; data/README.md:61; data/manifest.json:4139; data/manifest.json:5186; data/manifest.json:5187; demo/public/bundle/manifest.json:37; docs/EVIDENCE_STATUS.md:10; docs/FINAL_EXPERIMENT_MAP.md:7; experiments/lamm/README.md:14; results/rbsr_final_rerun_holdout_v1/FINAL_RESULT_FREEZE_AUDIT.json:81; results/rbsr_final_rerun_holdout_v1/README.md:17; results/rbsr_final_rerun_holdout_v1/lamm/seed20260609/protocol_audit.json:40; results/rbsr_final_rerun_holdout_v1/lamm/seed20260609/run_provenance.json:75; results/rbsr_final_rerun_holdout_v1/posthoc_subunit_analysis_v1/personalization/PERSONALIZATION_ABLATION_PROTOCOL_FREEZE.json:64; results/rbsr_final_rerun_holdout_v1/posthoc_subunit_analysis_v1/personalization/PERSONALIZATION_ABLATION_PROTOCOL_FREEZE.json:65; results/rbsr_final_rerun_holdout_v1/posthoc_subunit_analysis_v1/personalization/pair_metrics_all_variants.csv:578
2678,9900,9900,performance. No identity that appears as a source or target in the 9900 final,20,README.md:20; README.md:35; README.md:50; docs/EVIDENCE_STATUS.md:11; docs/EVIDENCE_STATUS.md:16; docs/FINAL_EXPERIMENT_MAP.md:8; docs/FINAL_EXPERIMENT_MAP.md:25; docs/final_tables/FINAL_PAPER_TABLES.json:3; docs/final_tables/FINAL_PAPER_TABLES.json:5; docs/final_tables/FINAL_PAPER_TABLES.json:8; docs/final_tables/FINAL_PAPER_TABLES.json:33; docs/final_tables/README.md:18; docs/final_tables/README.md:34; docs/final_tables/main_results_9900_pairs.csv.sha256.json:3; docs/final_tables/supplementary_rbsr_vs_lamm_9900_pairs.csv.sha256.json:3; experiments/lamm/README.md:14; experiments/lamm/README.md:57; experiments/lamm/run_lamm_facescape.py:323; reproducibility/source_snapshots/final_holdout_v1/source/experiments/lamm/run_lamm_facescape.py:323; reproducibility/source_snapshots/posthoc_subunits_v1/source/experiments/lamm/run_lamm_facescape.py:323
2681,64,64,"64-dimensional source-PCA code---is fit on the 576 training identities only,",19,data/DATASET_DONE.json:251; data/DATASET_DONE.json:369; data/DATASET_DONE.json:385; data/DATASET_DONE.json:516; data/DATASET_DONE.json:545; data/DATASET_DONE.json:801; data/DATASET_DONE.json:881; data/DATASET_DONE.json:955; data/DATASET_DONE.json:1025; data/DATASET_DONE.json:1563; data/DATASET_DONE.json:1579; data/DATASET_DONE.json:1619; data/DATASET_DONE.json:2129; data/DATASET_DONE.json:2203; data/DATASET_DONE.json:2403; data/DATASET_DONE.json:2457; data/DATASET_DONE.json:2961; data/DATASET_DONE.json:3129; data/DATASET_DONE.json:3225
2681,576,576,"64-dimensional source-PCA code---is fit on the 576 training identities only,",20,data/DATASET_DONE.json:67; data/DATASET_DONE.json:3673; data/DATASET_DONE.json:4612; data/DATASET_DONE.json:5043; data/DATASET_DONE.json:5619; data/README.md:61; data/manifest.json:4139; data/manifest.json:5186; data/manifest.json:5187; demo/public/bundle/manifest.json:37; docs/EVIDENCE_STATUS.md:10; docs/FINAL_EXPERIMENT_MAP.md:7; experiments/lamm/README.md:14; results/rbsr_final_rerun_holdout_v1/FINAL_RESULT_FREEZE_AUDIT.json:81; results/rbsr_final_rerun_holdout_v1/README.md:17; results/rbsr_final_rerun_holdout_v1/lamm/seed20260609/protocol_audit.json:40; results/rbsr_final_rerun_holdout_v1/lamm/seed20260609/run_provenance.json:75; results/rbsr_final_rerun_holdout_v1/posthoc_subunit_analysis_v1/personalization/PERSONALIZATION_ABLATION_PROTOCOL_FREEZE.json:64; results/rbsr_final_rerun_holdout_v1/posthoc_subunit_analysis_v1/personalization/PERSONALIZATION_ABLATION_PROTOCOL_FREEZE.json:65; results/rbsr_final_rerun_holdout_v1/posthoc_subunit_analysis_v1/personalization/pair_metrics_all_variants.csv:578
2683,100,100,set yields all 100 99=9900 ordered source--target pairs as the canonical,18,data/DATASET_DONE.json:804; data/DATASET_DONE.json:2419; data/DATASET_DONE.json:3987; data/DATASET_DONE.json:4387; data/DATASET_DONE.json:4889; data/DATASET_DONE.json:5321; data/README.md:61; data/manifest.json:902; data/manifest.json:903; data/manifest.json:5507; data/manifest.json:5993; demo/public/bundle/manifest.json:39; demo/src/components/Studio.jsx:256; demo/src/components/Studio.jsx:279; demo/src/components/Studio.jsx:435; demo/src/components/Studio.jsx:698; demo/src/components/Studio.jsx:705; demo/src/components/Studio.jsx:762
2683,9,9,set yields all 100 99=9900 ordered source--target pairs as the canonical,16,data/DATASET_DONE.json:9; data/DATASET_DONE.json:19; data/DATASET_DONE.json:35; data/DATASET_DONE.json:41; data/DATASET_DONE.json:49; data/DATASET_DONE.json:57; data/DATASET_DONE.json:76; data/DATASET_DONE.json:83; data/DATASET_DONE.json:97; data/DATASET_DONE.json:105; data/DATASET_DONE.json:121; data/DATASET_DONE.json:137; data/DATASET_DONE.json:139; data/DATASET_DONE.json:163; data/DATASET_DONE.json:169; data/DATASET_DONE.json:179
2683,9900,9900,set yields all 100 99=9900 ordered source--target pairs as the canonical,20,README.md:20; README.md:35; README.md:50; docs/EVIDENCE_STATUS.md:11; docs/EVIDENCE_STATUS.md:16; docs/FINAL_EXPERIMENT_MAP.md:8; docs/FINAL_EXPERIMENT_MAP.md:25; docs/final_tables/FINAL_PAPER_TABLES.json:3; docs/final_tables/FINAL_PAPER_TABLES.json:5; docs/final_tables/FINAL_PAPER_TABLES.json:8; docs/final_tables/FINAL_PAPER_TABLES.json:33; docs/final_tables/README.md:18; docs/final_tables/README.md:34; docs/final_tables/main_results_9900_pairs.csv.sha256.json:3; docs/final_tables/supplementary_rbsr_vs_lamm_9900_pairs.csv.sha256.json:3; experiments/lamm/README.md:14; experiments/lamm/README.md:57; experiments/lamm/run_lamm_facescape.py:323; reproducibility/source_snapshots/final_holdout_v1/source/experiments/lamm/run_lamm_facescape.py:323; reproducibility/source_snapshots/posthoc_subunits_v1/source/experiments/lamm/run_lamm_facescape.py:323
2684,70,70,"strict evaluation set, and the validation set yields all 70 69=4830",19,data/DATASET_DONE.json:249; data/DATASET_DONE.json:339; data/DATASET_DONE.json:427; data/DATASET_DONE.json:521; data/DATASET_DONE.json:564; data/DATASET_DONE.json:627; data/DATASET_DONE.json:843; data/DATASET_DONE.json:865; data/DATASET_DONE.json:873; data/DATASET_DONE.json:889; data/DATASET_DONE.json:897; data/DATASET_DONE.json:995; data/DATASET_DONE.json:1041; data/DATASET_DONE.json:1059; data/DATASET_DONE.json:1203; data/DATASET_DONE.json:1217; data/DATASET_DONE.json:1441; data/DATASET_DONE.json:1555; data/DATASET_DONE.json:1723
2684,9,9,"strict evaluation set, and the validation set yields all 70 69=4830",16,data/DATASET_DONE.json:9; data/DATASET_DONE.json:19; data/DATASET_DONE.json:35; data/DATASET_DONE.json:41; data/DATASET_DONE.json:49; data/DATASET_DONE.json:57; data/DATASET_DONE.json:76; data/DATASET_DONE.json:83; data/DATASET_DONE.json:97; data/DATASET_DONE.json:105; data/DATASET_DONE.json:121; data/DATASET_DONE.json:137; data/DATASET_DONE.json:139; data/DATASET_DONE.json:163; data/DATASET_DONE.json:169; data/DATASET_DONE.json:179
2684,4830,4830,"strict evaluation set, and the validation set yields all 70 69=4830",20,demo/public/bundle/manifest.json:308; demo/public/bundle/manifest.json:351; docs/EVIDENCE_STATUS.md:17; docs/FINAL_EXPERIMENT_MAP.md:40; docs/final_tables/FINAL_PAPER_TABLES.json:6; docs/final_tables/FINAL_PAPER_TABLES.json:34; docs/final_tables/README.md:30; docs/final_tables/component_ablation_validation_4830_pairs.csv.sha256.json:3; reproducibility/source_snapshots/final_holdout_v1/source/scripts/analysis/select_rbsr_certified_projection.py:40; reproducibility/source_snapshots/final_holdout_v1/source/scripts/analysis/select_rbsr_certified_projection.py:41; reproducibility/source_snapshots/final_holdout_v1/source/scripts/analysis/select_rbsr_certified_projection.py:76; reproducibility/source_snapshots/final_holdout_v1/source/scripts/evaluation/rbsr_ridge_fold_projection.py:110; reproducibility/source_snapshots/final_holdout_v1/source/scripts/evaluation/rbsr_ridge_fold_projection.py:111; reproducibility/source_snapshots/posthoc_subunits_v1/source/scripts/evaluation/lamm_validation_reference.py:190; reproducibility/source_snapshots/posthoc_subunits_v1/source/scripts/evaluation/lamm_validation_reference.py:191; reproducibility/source_snapshots/posthoc_subunits_v1/source/scripts/evaluation/posthoc_personalization_ablation.py:223; reproducibility/source_snapshots/posthoc_subunits_v1/source/scripts/evaluation/posthoc_personalization_ablation.py:306; reproducibility/source_snapshots/posthoc_subunits_v1/source/scripts/evaluation/posthoc_personalization_ablation.py:307; reproducibility/source_snapshots/posthoc_subunits_v1/source/scripts/evaluation/posthoc_preflight.py:29; reproducibility/source_snapshots/posthoc_subunits_v1/source/scripts/evaluation/posthoc_preflight.py:230
2687,100,100,One boundary of this design is declared rather than hidden: the 100 test,18,data/DATASET_DONE.json:804; data/DATASET_DONE.json:2419; data/DATASET_DONE.json:3987; data/DATASET_DONE.json:4387; data/DATASET_DONE.json:4889; data/DATASET_DONE.json:5321; data/README.md:61; data/manifest.json:902; data/manifest.json:903; data/manifest.json:5507; data/manifest.json:5993; demo/public/bundle/manifest.json:39; demo/src/components/Studio.jsx:256; demo/src/components/Studio.jsx:279; demo/src/components/Studio.jsx:435; demo/src/components/Studio.jsx:698; demo/src/components/Studio.jsx:705; demo/src/components/Studio.jsx:762
2707,3,3,nasal-editing and 3D-face literature surveyed in,18,CITATION.cff:14; README.md:5; README.md:8; README.md:55; README.md:78; README.md:94; README.md:184; data/DATASET_DONE.json:9; data/DATASET_DONE.json:25; data/DATASET_DONE.json:27; data/DATASET_DONE.json:28; data/DATASET_DONE.json:33; data/DATASET_DONE.json:35; data/DATASET_DONE.json:59; data/DATASET_DONE.json:65; data/DATASET_DONE.json:73; data/DATASET_DONE.json:75; data/DATASET_DONE.json:81
2708,004,004,"(Laplacian and bi-Laplacian , ARAP ,",20,data/DATASET_DONE.json:1067; data/DATASET_DONE.json:1819; data/DATASET_DONE.json:3315; demo/public/bundle/manifest.json:40; reproducibility/source_snapshots/posthoc_subunits_v1/source/scripts/evaluation/posthoc_preflight.py:47; results/rbsr_final_rerun_holdout_v1/ALL_MODELS_FROZEN_BEFORE_TEST.json:28; results/rbsr_final_rerun_holdout_v1/CLASSICAL_TEST_ACCESS_RECEIPT.json:7; results/rbsr_final_rerun_holdout_v1/FINAL_RESULT_FREEZE_AUDIT.json:73; results/rbsr_final_rerun_holdout_v1/LAMM_TEST_ACCESS_RECEIPT.json:12; results/rbsr_final_rerun_holdout_v1/RESULT_TREE_MANIFEST.json:372; results/rbsr_final_rerun_holdout_v1/classical/classical_confirmation_test_summary.json:74; results/rbsr_final_rerun_holdout_v1/lamm/seed20260609/protocol_audit.json:46; results/rbsr_final_rerun_holdout_v1/lamm/seed20260609/run_provenance.json:82; results/rbsr_final_rerun_holdout_v1/posthoc_subunit_analysis_v1/POSTHOC_SUBUNIT_ANALYSIS_PROTOCOL_FREEZE.json:163; results/rbsr_final_rerun_holdout_v1/posthoc_subunit_analysis_v1/figures/FIGURE_EVIDENCE.json:13; results/rbsr_final_rerun_holdout_v1/posthoc_subunit_analysis_v1/figures/case_05_largest_rbsr_gain_over_ridge.png.sha256.json:4; results/rbsr_final_rerun_holdout_v1/protocol/FINAL_RERUN_HOLDOUT_POLICY_FREEZE.json:65; results/rbsr_final_rerun_holdout_v1/protocol/final_rerun_holdout_split_manifest.json.sha256.json:4; results/rbsr_final_rerun_holdout_v1/protocol/final_rerun_holdout_train_pairs.json:4068; results/rbsr_final_rerun_holdout_v1/rbsr/seed20260609/base/neural_field_metadata_cvae_ew0p1_lw0.json:130
2708,007,007,"(Laplacian and bi-Laplacian , ARAP ,",10,data/DATASET_DONE.json:3689; data/DATASET_DONE.json:4937; data/DATASET_DONE.json:4945; data/DATASET_DONE.json:5419; data/manifest.json:4157; data/manifest.json:5561; data/manifest.json:5570; results/rbsr_final_rerun_holdout_v1/RESULT_TREE_MANIFEST.json:42; splits/facescape_847/split_manifest.json:19990; splits/facescape_847/split_manifest.json:21324
2709,014,014,"CVAE-only , and the localized neural 3DMM",9,data/DATASET_DONE.json:1787; data/DATASET_DONE.json:2737; data/DATASET_DONE.json:3187; data/manifest.json:3086; reproducibility/source_snapshots/posthoc_subunits_v1/SOURCE_MANIFEST.json:16; results/rbsr_final_rerun_holdout_v1/posthoc_subunit_analysis_v1/POSTHOC_SUBUNIT_ANALYSIS_PROTOCOL_FREEZE.json:18; splits/facescape_847/split_manifest.json:13179; splits/facescape_847/split_manifest.json:13180; splits/facescape_847/split_manifest.json:15805
2709,015,015,"CVAE-only , and the localized neural 3DMM",9,data/DATASET_DONE.json:4835; data/DATASET_DONE.json:5209; data/DATASET_DONE.json:5545; data/DATASET_DONE.json:6243; data/manifest.json:5867; data/manifest.json:6245; results/rbsr_final_rerun_holdout_v1/RESULT_TREE_MANIFEST.json:487; splits/facescape_847/split_manifest.json:18895; splits/facescape_847/split_manifest.json:21535
2709,3,3,"CVAE-only , and the localized neural 3DMM",18,CITATION.cff:14; README.md:5; README.md:8; README.md:55; README.md:78; README.md:94; README.md:184; data/DATASET_DONE.json:9; data/DATASET_DONE.json:25; data/DATASET_DONE.json:27; data/DATASET_DONE.json:28; data/DATASET_DONE.json:33; data/DATASET_DONE.json:35; data/DATASET_DONE.json:59; data/DATASET_DONE.json:65; data/DATASET_DONE.json:73; data/DATASET_DONE.json:75; data/DATASET_DONE.json:81
2710,024,024,"editor LAMM , retrained from scratch on the",13,data/DATASET_DONE.json:569; data/DATASET_DONE.json:723; data/DATASET_DONE.json:3841; data/manifest.json:647; data/manifest.json:4328; splits/facescape_847/split_manifest.json:11185; splits/facescape_847/split_manifest.json:12909; splits/facescape_847/split_manifest.json:13149; splits/facescape_847/split_manifest.json:13764; splits/facescape_847/split_manifest.json:15414; splits/facescape_847/split_manifest.json:19044; splits/facescape_847/split_manifest.json:21699; tests/test_regional_analysis.py:11
2738,1.2,1.2,"description[leftmargin=1.2em,style=nextline]",11,CITATION.cff:1; demo/package-lock.json:26; demo/package-lock.json:41; demo/package-lock.json:707; demo/package-lock.json:774; demo/public/bundle/certified_presets.json:1; demo/src/components/Studio3D.jsx:58; demo/verify.mjs:160; roi/subunits.json:7940; roi/vertices.json:3979; tests/test_rbsr_calibration.py:28
2740,004,004,membrane/minimal-surface tradition of sparse-handle mesh editing .,20,data/DATASET_DONE.json:1067; data/DATASET_DONE.json:1819; data/DATASET_DONE.json:3315; demo/public/bundle/manifest.json:40; reproducibility/source_snapshots/posthoc_subunits_v1/source/scripts/evaluation/posthoc_preflight.py:47; results/rbsr_final_rerun_holdout_v1/ALL_MODELS_FROZEN_BEFORE_TEST.json:28; results/rbsr_final_rerun_holdout_v1/CLASSICAL_TEST_ACCESS_RECEIPT.json:7; results/rbsr_final_rerun_holdout_v1/FINAL_RESULT_FREEZE_AUDIT.json:73; results/rbsr_final_rerun_holdout_v1/LAMM_TEST_ACCESS_RECEIPT.json:12; results/rbsr_final_rerun_holdout_v1/RESULT_TREE_MANIFEST.json:372; results/rbsr_final_rerun_holdout_v1/classical/classical_confirmation_test_summary.json:74; results/rbsr_final_rerun_holdout_v1/lamm/seed20260609/protocol_audit.json:46; results/rbsr_final_rerun_holdout_v1/lamm/seed20260609/run_provenance.json:82; results/rbsr_final_rerun_holdout_v1/posthoc_subunit_analysis_v1/POSTHOC_SUBUNIT_ANALYSIS_PROTOCOL_FREEZE.json:163; results/rbsr_final_rerun_holdout_v1/posthoc_subunit_analysis_v1/figures/FIGURE_EVIDENCE.json:13; results/rbsr_final_rerun_holdout_v1/posthoc_subunit_analysis_v1/figures/case_05_largest_rbsr_gain_over_ridge.png.sha256.json:4; results/rbsr_final_rerun_holdout_v1/protocol/FINAL_RERUN_HOLDOUT_POLICY_FREEZE.json:65; results/rbsr_final_rerun_holdout_v1/protocol/final_rerun_holdout_split_manifest.json.sha256.json:4; results/rbsr_final_rerun_holdout_v1/protocol/final_rerun_holdout_train_pairs.json:4068; results/rbsr_final_rerun_holdout_v1/rbsr/seed20260609/base/neural_field_metadata_cvae_ew0p1_lw0.json:130
2750,007,007,"the shape-preserving, detail-retaining end of geometry processing .",10,data/DATASET_DONE.json:3689; data/DATASET_DONE.json:4937; data/DATASET_DONE.json:4945; data/DATASET_DONE.json:5419; data/manifest.json:4157; data/manifest.json:5561; data/manifest.json:5570; results/rbsr_final_rerun_holdout_v1/RESULT_TREE_MANIFEST.json:42; splits/facescape_847/split_manifest.json:19990; splits/facescape_847/split_manifest.json:21324
2756,014,014,"model , with no linear anchor. It is the essential",9,data/DATASET_DONE.json:1787; data/DATASET_DONE.json:2737; data/DATASET_DONE.json:3187; data/manifest.json:3086; reproducibility/source_snapshots/posthoc_subunits_v1/SOURCE_MANIFEST.json:16; results/rbsr_final_rerun_holdout_v1/posthoc_subunit_analysis_v1/POSTHOC_SUBUNIT_ANALYSIS_PROTOCOL_FREEZE.json:18; splits/facescape_847/split_manifest.json:13179; splits/facescape_847/split_manifest.json:13180; splits/facescape_847/split_manifest.json:15805
2756,015,015,"model , with no linear anchor. It is the essential",9,data/DATASET_DONE.json:4835; data/DATASET_DONE.json:5209; data/DATASET_DONE.json:5545; data/DATASET_DONE.json:6243; data/manifest.json:5867; data/manifest.json:6245; results/rbsr_final_rerun_holdout_v1/RESULT_TREE_MANIFEST.json:487; splits/facescape_847/split_manifest.json:18895; splits/facescape_847/split_manifest.json:21535
2760,3,3,Represents the,18,CITATION.cff:14; README.md:5; README.md:8; README.md:55; README.md:78; README.md:94; README.md:184; data/DATASET_DONE.json:9; data/DATASET_DONE.json:25; data/DATASET_DONE.json:27; data/DATASET_DONE.json:28; data/DATASET_DONE.json:33; data/DATASET_DONE.json:35; data/DATASET_DONE.json:59; data/DATASET_DONE.json:65; data/DATASET_DONE.json:73; data/DATASET_DONE.json:75; data/DATASET_DONE.json:81
2762,024,024,", and is included following",13,data/DATASET_DONE.json:569; data/DATASET_DONE.json:723; data/DATASET_DONE.json:3841; data/manifest.json:647; data/manifest.json:4328; splits/facescape_847/split_manifest.json:11185; splits/facescape_847/split_manifest.json:12909; splits/facescape_847/split_manifest.json:13149; splits/facescape_847/split_manifest.json:13764; splits/facescape_847/split_manifest.json:15414; splits/facescape_847/split_manifest.json:19044; splits/facescape_847/split_manifest.json:21699; tests/test_regional_analysis.py:11
2773,024,024,diffusion editor and the implicit localized head,13,data/DATASET_DONE.json:569; data/DATASET_DONE.json:723; data/DATASET_DONE.json:3841; data/manifest.json:647; data/manifest.json:4328; splits/facescape_847/split_manifest.json:11185; splits/facescape_847/split_manifest.json:12909; splits/facescape_847/split_manifest.json:13149; splits/facescape_847/split_manifest.json:13764; splits/facescape_847/split_manifest.json:15414; splits/facescape_847/split_manifest.json:19044; splits/facescape_847/split_manifest.json:21699; tests/test_regional_analysis.py:11
2774,023,023,models NPHM and ImHead ---are,13,data/DATASET_DONE.json:393; data/DATASET_DONE.json:619; data/DATASET_DONE.json:1371; data/DATASET_DONE.json:2081; data/DATASET_DONE.json:6363; data/manifest.json:449; data/manifest.json:2348; splits/facescape_847/split_manifest.json:10119; splits/facescape_847/split_manifest.json:10990; splits/facescape_847/split_manifest.json:12400; splits/facescape_847/split_manifest.json:13419; splits/facescape_847/split_manifest.json:21760; splits/facescape_847/split_manifest.json:26888
2774,025,025,models NPHM and ImHead ---are,6,data/DATASET_DONE.json:2529; data/DATASET_DONE.json:6529; data/manifest.json:2852; data/manifest.json:7352; splits/facescape_847/split_manifest.json:10509; splits/facescape_847/split_manifest.json:12879
2793,3,3,3pt,18,CITATION.cff:14; README.md:5; README.md:8; README.md:55; README.md:78; README.md:94; README.md:184; data/DATASET_DONE.json:9; data/DATASET_DONE.json:25; data/DATASET_DONE.json:27; data/DATASET_DONE.json:28; data/DATASET_DONE.json:33; data/DATASET_DONE.json:35; data/DATASET_DONE.json:59; data/DATASET_DONE.json:65; data/DATASET_DONE.json:73; data/DATASET_DONE.json:75; data/DATASET_DONE.json:81
2798,0.19,0.19,tabularp0.19 p0.32 p0.37,3,demo/public/bundle/certified_presets.json:1; results/rbsr_final_rerun_holdout_v1/posthoc_subunit_analysis_v1/paired_all_methods_vs_ridge.csv:79; results/rbsr_final_rerun_holdout_v1/posthoc_subunit_analysis_v1/paired_all_methods_vs_ridge.csv:80
2798,0.32,0.32,tabularp0.19 p0.32 p0.37,0,
2798,0.37,0.37,tabularp0.19 p0.32 p0.37,0,
2808,0.1,0.1,Hybrid =0.1 Residual ablation Is there learnable residual signal beyond the anchor? \\,20,demo/README.md:66; demo/README.md:128; demo/package-lock.json:347; demo/package-lock.json:837; demo/package.json:7; demo/package.json:9; demo/public/bundle/certified_presets.json:1; demo/public/bundle/manifest.json:18; demo/src/components/HeroCanvas.jsx:16; demo/src/components/Studio3D.jsx:42; demo/src/components/Studio3D.jsx:77; demo/src/engine/bundle.js:8; demo/verify.mjs:144; demo/verify.mjs:282; reproducibility/source_snapshots/final_holdout_v1/source/rhinoform/train.py:221; reproducibility/source_snapshots/final_holdout_v1/source/rhinoform/train.py:718; reproducibility/source_snapshots/final_holdout_v1/source/rhinoform/train_rbsr_gate.py:406; reproducibility/source_snapshots/posthoc_subunits_v1/source/rhinoform/train.py:221; reproducibility/source_snapshots/posthoc_subunits_v1/source/rhinoform/train.py:718; reproducibility/source_snapshots/posthoc_subunits_v1/source/rhinoform/train_rbsr_gate.py:412
2829,3925,3925,"Accuracy is measured by strict free-ROI RMSE over the 3925 free ROI vertices,",12,docs/EVIDENCE_STATUS.md:12; reproducibility/source_snapshots/final_holdout_v1/source/rhinoform/strict_protocol_patch.py:17; reproducibility/source_snapshots/posthoc_subunits_v1/source/rhinoform/strict_protocol_patch.py:17; results/rbsr_final_rerun_holdout_v1/lamm/seed20260609/protocol_audit.json:32; results/rbsr_final_rerun_holdout_v1/lamm/seed20260609/run_provenance.json:67; results/rbsr_final_rerun_holdout_v1/posthoc_subunit_analysis_v1/personalization/pair_metrics_all_variants.csv:3927; results/rbsr_final_rerun_holdout_v1/posthoc_subunit_analysis_v1/personalization/pair_metrics_all_variants.csv:8757; results/rbsr_final_rerun_holdout_v1/posthoc_subunit_analysis_v1/personalization/pair_metrics_all_variants.csv:13587; results/rbsr_final_rerun_holdout_v1/posthoc_subunit_analysis_v1/personalization/pair_metrics_all_variants.csv:18417; results/rbsr_final_rerun_holdout_v1/protocol/FINAL_RERUN_HOLDOUT_POLICY_FREEZE.json:54; rhinoform/strict_protocol_patch.py:17; roi/subunits.json:2209
2833,95,95,Regularity is measured by new normal-flip percentage and edge-strain p_95.,20,README.md:24; README.md:36; data/DATASET_DONE.json:107; data/DATASET_DONE.json:115; data/DATASET_DONE.json:177; data/DATASET_DONE.json:225; data/DATASET_DONE.json:273; data/DATASET_DONE.json:403; data/DATASET_DONE.json:545; data/DATASET_DONE.json:561; data/DATASET_DONE.json:601; data/DATASET_DONE.json:699; data/DATASET_DONE.json:713; data/DATASET_DONE.json:739; data/DATASET_DONE.json:755; data/DATASET_DONE.json:764; data/DATASET_DONE.json:923; data/DATASET_DONE.json:1043; data/DATASET_DONE.json:1065; data/DATASET_DONE.json:1297
2848,3,3,3pt,18,CITATION.cff:14; README.md:5; README.md:8; README.md:55; README.md:78; README.md:94; README.md:184; data/DATASET_DONE.json:9; data/DATASET_DONE.json:25; data/DATASET_DONE.json:27; data/DATASET_DONE.json:28; data/DATASET_DONE.json:33; data/DATASET_DONE.json:35; data/DATASET_DONE.json:59; data/DATASET_DONE.json:65; data/DATASET_DONE.json:73; data/DATASET_DONE.json:75; data/DATASET_DONE.json:81
2851,0.19,0.19,tabularp0.19 p0.49 p0.23,3,demo/public/bundle/certified_presets.json:1; results/rbsr_final_rerun_holdout_v1/posthoc_subunit_analysis_v1/paired_all_methods_vs_ridge.csv:79; results/rbsr_final_rerun_holdout_v1/posthoc_subunit_analysis_v1/paired_all_methods_vs_ridge.csv:80
2851,0.49,0.49,tabularp0.19 p0.49 p0.23,2,demo/README.md:30; results/rbsr_final_rerun_holdout_v1/posthoc_subunit_analysis_v1/paired_all_methods_vs_ridge.csv:128
2851,0.23,0.23,tabularp0.19 p0.49 p0.23,1,results/rbsr_final_rerun_holdout_v1/posthoc_subunit_analysis_v1/paired_all_methods_vs_ridge.csv:38
2856,1,1,1| V_ free| _v V_ free\| d_v- d_v\|_2^2,18,README.md:66; README.md:67; README.md:92; README.md:118; README.md:121; README.md:143; README.md:167; README.md:168; configs/reproduction.example.toml:11; data/DATASET_DONE.json:9; data/DATASET_DONE.json:11; data/DATASET_DONE.json:12; data/DATASET_DONE.json:19; data/DATASET_DONE.json:25; data/DATASET_DONE.json:27; data/DATASET_DONE.json:35; data/DATASET_DONE.json:49; data/DATASET_DONE.json:51
2856,2,2,1| V_ free| _v V_ free\| d_v- d_v\|_2^2,16,README.md:4; README.md:93; data/DATASET_DONE.json:9; data/DATASET_DONE.json:11; data/DATASET_DONE.json:19; data/DATASET_DONE.json:20; data/DATASET_DONE.json:25; data/DATASET_DONE.json:35; data/DATASET_DONE.json:41; data/DATASET_DONE.json:49; data/DATASET_DONE.json:57; data/DATASET_DONE.json:59; data/DATASET_DONE.json:65; data/DATASET_DONE.json:83; data/DATASET_DONE.json:107; data/DATASET_DONE.json:113
2857,3925,3925,Strict free-vertex RMSE over 3925 non-landmark ROI vertices. \\,12,docs/EVIDENCE_STATUS.md:12; reproducibility/source_snapshots/final_holdout_v1/source/rhinoform/strict_protocol_patch.py:17; reproducibility/source_snapshots/posthoc_subunits_v1/source/rhinoform/strict_protocol_patch.py:17; results/rbsr_final_rerun_holdout_v1/lamm/seed20260609/protocol_audit.json:32; results/rbsr_final_rerun_holdout_v1/lamm/seed20260609/run_provenance.json:67; results/rbsr_final_rerun_holdout_v1/posthoc_subunit_analysis_v1/personalization/pair_metrics_all_variants.csv:3927; results/rbsr_final_rerun_holdout_v1/posthoc_subunit_analysis_v1/personalization/pair_metrics_all_variants.csv:8757; results/rbsr_final_rerun_holdout_v1/posthoc_subunit_analysis_v1/personalization/pair_metrics_all_variants.csv:13587; results/rbsr_final_rerun_holdout_v1/posthoc_subunit_analysis_v1/personalization/pair_metrics_all_variants.csv:18417; results/rbsr_final_rerun_holdout_v1/protocol/FINAL_RERUN_HOLDOUT_POLICY_FREEZE.json:54; rhinoform/strict_protocol_patch.py:17; roi/subunits.json:2209
2859,1,1,19 _v L\| d_v- d_v\|_2^2,18,README.md:66; README.md:67; README.md:92; README.md:118; README.md:121; README.md:143; README.md:167; README.md:168; configs/reproduction.example.toml:11; data/DATASET_DONE.json:9; data/DATASET_DONE.json:11; data/DATASET_DONE.json:12; data/DATASET_DONE.json:19; data/DATASET_DONE.json:25; data/DATASET_DONE.json:27; data/DATASET_DONE.json:35; data/DATASET_DONE.json:49; data/DATASET_DONE.json:51
2859,9,9,19 _v L\| d_v- d_v\|_2^2,16,data/DATASET_DONE.json:9; data/DATASET_DONE.json:19; data/DATASET_DONE.json:35; data/DATASET_DONE.json:41; data/DATASET_DONE.json:49; data/DATASET_DONE.json:57; data/DATASET_DONE.json:76; data/DATASET_DONE.json:83; data/DATASET_DONE.json:97; data/DATASET_DONE.json:105; data/DATASET_DONE.json:121; data/DATASET_DONE.json:137; data/DATASET_DONE.json:139; data/DATASET_DONE.json:163; data/DATASET_DONE.json:169; data/DATASET_DONE.json:179
2859,2,2,19 _v L\| d_v- d_v\|_2^2,16,README.md:4; README.md:93; data/DATASET_DONE.json:9; data/DATASET_DONE.json:11; data/DATASET_DONE.json:19; data/DATASET_DONE.json:20; data/DATASET_DONE.json:25; data/DATASET_DONE.json:35; data/DATASET_DONE.json:41; data/DATASET_DONE.json:49; data/DATASET_DONE.json:57; data/DATASET_DONE.json:59; data/DATASET_DONE.json:65; data/DATASET_DONE.json:83; data/DATASET_DONE.json:107; data/DATASET_DONE.json:113
2861,95,95,Edge-strain p_95,20,README.md:24; README.md:36; data/DATASET_DONE.json:107; data/DATASET_DONE.json:115; data/DATASET_DONE.json:177; data/DATASET_DONE.json:225; data/DATASET_DONE.json:273; data/DATASET_DONE.json:403; data/DATASET_DONE.json:545; data/DATASET_DONE.json:561; data/DATASET_DONE.json:601; data/DATASET_DONE.json:699; data/DATASET_DONE.json:713; data/DATASET_DONE.json:739; data/DATASET_DONE.json:755; data/DATASET_DONE.json:764; data/DATASET_DONE.json:923; data/DATASET_DONE.json:1043; data/DATASET_DONE.json:1065; data/DATASET_DONE.json:1297
2862,95,95,"p_95 ( |\|( s_i+ d_i)-( s_j+ d_j)\|_2-\| s_i- s_j\|_2 | (\| s_i- s_j\|_2,10^-12) )",20,README.md:24; README.md:36; data/DATASET_DONE.json:107; data/DATASET_DONE.json:115; data/DATASET_DONE.json:177; data/DATASET_DONE.json:225; data/DATASET_DONE.json:273; data/DATASET_DONE.json:403; data/DATASET_DONE.json:545; data/DATASET_DONE.json:561; data/DATASET_DONE.json:601; data/DATASET_DONE.json:699; data/DATASET_DONE.json:713; data/DATASET_DONE.json:739; data/DATASET_DONE.json:755; data/DATASET_DONE.json:764; data/DATASET_DONE.json:923; data/DATASET_DONE.json:1043; data/DATASET_DONE.json:1065; data/DATASET_DONE.json:1297
2862,10,10,"p_95 ( |\|( s_i+ d_i)-( s_j+ d_j)\|_2-\| s_i- s_j\|_2 | (\| s_i- s_j\|_2,10^-12) )",20,data/DATASET_DONE.json:84; data/DATASET_DONE.json:329; data/DATASET_DONE.json:353; data/DATASET_DONE.json:459; data/DATASET_DONE.json:1041; data/DATASET_DONE.json:1171; data/DATASET_DONE.json:1283; data/DATASET_DONE.json:1353; data/DATASET_DONE.json:1529; data/DATASET_DONE.json:1649; data/DATASET_DONE.json:1859; data/DATASET_DONE.json:1937; data/DATASET_DONE.json:2001; data/DATASET_DONE.json:2059; data/DATASET_DONE.json:2155; data/DATASET_DONE.json:2457; data/DATASET_DONE.json:2513; data/DATASET_DONE.json:2553; data/DATASET_DONE.json:2601; data/DATASET_DONE.json:2603
2862,-12,-12,"p_95 ( |\|( s_i+ d_i)-( s_j+ d_j)\|_2-\| s_i- s_j\|_2 | (\| s_i- s_j\|_2,10^-12) )",20,README.md:66; demo/public/bundle/certified_presets.json:1; demo/public/bundle/manifest.json:3; demo/src/engine/certifiedLocal.js:170; demo/src/engine/certifiedLocal.js:323; demo/src/engine/certifiedLocal.js:400; demo/src/engine/certifiedLocal.js:401; reproducibility/README.md:47; reproducibility/README.md:48; reproducibility/README.md:105; reproducibility/RELEASE_ASSET_VERIFICATION_2026-08-12.json:4; reproducibility/RELEASE_ASSET_VERIFICATION_2026-08-12.json.sha256.json:2; reproducibility/source_snapshots/final_holdout_v1/source/rhinoform/baselines.py:133; reproducibility/source_snapshots/final_holdout_v1/source/rhinoform/safe_fusion.py:100; reproducibility/source_snapshots/final_holdout_v1/source/rhinoform/safe_fusion.py:104; reproducibility/source_snapshots/final_holdout_v1/source/rhinoform/safe_fusion.py:105; reproducibility/source_snapshots/final_holdout_v1/source/rhinoform/safe_fusion.py:122; reproducibility/source_snapshots/final_holdout_v1/source/rhinoform/safe_fusion.py:124; reproducibility/source_snapshots/final_holdout_v1/source/rhinoform/safe_fusion.py:131; reproducibility/source_snapshots/final_holdout_v1/source/rhinoform/safe_fusion.py:199
2863,95,95,95th percentile relative edge-length change over ROI mesh edges. \\,20,README.md:24; README.md:36; data/DATASET_DONE.json:107; data/DATASET_DONE.json:115; data/DATASET_DONE.json:177; data/DATASET_DONE.json:225; data/DATASET_DONE.json:273; data/DATASET_DONE.json:403; data/DATASET_DONE.json:545; data/DATASET_DONE.json:561; data/DATASET_DONE.json:601; data/DATASET_DONE.json:699; data/DATASET_DONE.json:713; data/DATASET_DONE.json:739; data/DATASET_DONE.json:755; data/DATASET_DONE.json:764; data/DATASET_DONE.json:923; data/DATASET_DONE.json:1043; data/DATASET_DONE.json:1065; data/DATASET_DONE.json:1297
2865,100,100,"100 |\f: _f( s, y)<0 _f( s, y_ tgt) 0\|| F|",18,data/DATASET_DONE.json:804; data/DATASET_DONE.json:2419; data/DATASET_DONE.json:3987; data/DATASET_DONE.json:4387; data/DATASET_DONE.json:4889; data/DATASET_DONE.json:5321; data/README.md:61; data/manifest.json:902; data/manifest.json:903; data/manifest.json:5507; data/manifest.json:5993; demo/public/bundle/manifest.json:39; demo/src/components/Studio.jsx:256; demo/src/components/Studio.jsx:279; demo/src/components/Studio.jsx:435; demo/src/components/Studio.jsx:698; demo/src/components/Studio.jsx:705; demo/src/components/Studio.jsx:762
2865,0,0,"100 |\f: _f( s, y)<0 _f( s, y_ tgt) 0\|| F|",17,.github/workflows/ci.yml:19; .github/workflows/ci.yml:60; CITATION.cff:1; CITATION.cff:10; data/DATASET_DONE.json:11; data/DATASET_DONE.json:19; data/DATASET_DONE.json:25; data/DATASET_DONE.json:27; data/DATASET_DONE.json:41; data/DATASET_DONE.json:49; data/DATASET_DONE.json:51; data/DATASET_DONE.json:59; data/DATASET_DONE.json:65; data/DATASET_DONE.json:83; data/DATASET_DONE.json:91; data/DATASET_DONE.json:97; data/DATASET_DONE.json:105
2875,9900,9900,per-identity aggregates rather than on the 9900 raw pairs: each metric is,20,README.md:20; README.md:35; README.md:50; docs/EVIDENCE_STATUS.md:11; docs/EVIDENCE_STATUS.md:16; docs/FINAL_EXPERIMENT_MAP.md:8; docs/FINAL_EXPERIMENT_MAP.md:25; docs/final_tables/FINAL_PAPER_TABLES.json:3; docs/final_tables/FINAL_PAPER_TABLES.json:5; docs/final_tables/FINAL_PAPER_TABLES.json:8; docs/final_tables/FINAL_PAPER_TABLES.json:33; docs/final_tables/README.md:18; docs/final_tables/README.md:34; docs/final_tables/main_results_9900_pairs.csv.sha256.json:3; docs/final_tables/supplementary_rbsr_vs_lamm_9900_pairs.csv.sha256.json:3; experiments/lamm/README.md:14; experiments/lamm/README.md:57; experiments/lamm/run_lamm_facescape.py:323; reproducibility/source_snapshots/final_holdout_v1/source/experiments/lamm/run_lamm_facescape.py:323; reproducibility/source_snapshots/posthoc_subunits_v1/source/experiments/lamm/run_lamm_facescape.py:323
2880,95\%,95%,"source-identity differences, (ii) a percentile bootstrap 95\% confidence",20,README.md:24; README.md:36; data/DATASET_DONE.json:107; data/DATASET_DONE.json:115; data/DATASET_DONE.json:177; data/DATASET_DONE.json:225; data/DATASET_DONE.json:273; data/DATASET_DONE.json:403; data/DATASET_DONE.json:545; data/DATASET_DONE.json:561; data/DATASET_DONE.json:601; data/DATASET_DONE.json:699; data/DATASET_DONE.json:713; data/DATASET_DONE.json:739; data/DATASET_DONE.json:755; data/DATASET_DONE.json:764; data/DATASET_DONE.json:923; data/DATASET_DONE.json:1043; data/DATASET_DONE.json:1065; data/DATASET_DONE.json:1297
2881,10,10,"interval (10,000 resamples) , and (iii) the paired effect size",20,data/DATASET_DONE.json:84; data/DATASET_DONE.json:329; data/DATASET_DONE.json:353; data/DATASET_DONE.json:459; data/DATASET_DONE.json:1041; data/DATASET_DONE.json:1171; data/DATASET_DONE.json:1283; data/DATASET_DONE.json:1353; data/DATASET_DONE.json:1529; data/DATASET_DONE.json:1649; data/DATASET_DONE.json:1859; data/DATASET_DONE.json:1937; data/DATASET_DONE.json:2001; data/DATASET_DONE.json:2059; data/DATASET_DONE.json:2155; data/DATASET_DONE.json:2457; data/DATASET_DONE.json:2513; data/DATASET_DONE.json:2553; data/DATASET_DONE.json:2601; data/DATASET_DONE.json:2603
2881,000,000,"interval (10,000 resamples) , and (iii) the paired effect size",7,data/DATASET_DONE.json:2275; data/DATASET_DONE.json:6083; splits/facescape_847/split_manifest.json:14095; splits/facescape_847/split_manifest.json:18999; splits/facescape_847/split_manifest.json:21235; splits/facescape_847/split_manifest.json:26877; tools/audit_public_release.py:11
2881,993,993,"interval (10,000 resamples) , and (iii) the paired effect size",17,data/DATASET_DONE.json:2393; data/DATASET_DONE.json:5889; data/DATASET_DONE.json:6131; data/manifest.json:2699; data/manifest.json:6632; results/rbsr_final_rerun_holdout_v1/ALL_MODELS_FROZEN_BEFORE_TEST.json:24; results/rbsr_final_rerun_holdout_v1/LAMM_TEST_ACCESS_RECEIPT.json:8; results/rbsr_final_rerun_holdout_v1/RESULT_TREE_MANIFEST.json:187; results/rbsr_final_rerun_holdout_v1/RESULT_TREE_MANIFEST.json:392; results/rbsr_final_rerun_holdout_v1/lamm/seed20260609/run_provenance.json:112; results/rbsr_final_rerun_holdout_v1/posthoc_subunit_analysis_v1/personalization/pair_metrics_all_variants.csv:995; results/rbsr_final_rerun_holdout_v1/posthoc_subunit_analysis_v1/personalization/pair_metrics_all_variants.csv:5825; results/rbsr_final_rerun_holdout_v1/posthoc_subunit_analysis_v1/personalization/pair_metrics_all_variants.csv:10655; results/rbsr_final_rerun_holdout_v1/posthoc_subunit_analysis_v1/personalization/pair_metrics_all_variants.csv:15485; roi/subunits.json:672; splits/facescape_847/split_manifest.json:11379; splits/facescape_847/split_manifest.json:21325
2889,979,979,p-values . The primary family is certified RB-SR versus its,20,data/DATASET_DONE.json:4315; data/DATASET_DONE.json:4929; data/DATASET_DONE.json:5323; data/DATASET_DONE.json:6497; data/manifest.json:5552; data/manifest.json:7316; reproducibility/source_snapshots/posthoc_subunits_v1/SOURCE_MANIFEST.json:82; reproducibility/source_snapshots/posthoc_subunits_v1/source/scripts/evaluation/posthoc_preflight.py:43; reproducibility/source_snapshots/supplemental_dominance_v1/SOURCE_MANIFEST.json:31; reproducibility/source_snapshots/supplemental_dominance_v1/SOURCE_MANIFEST.json:84; results/rbsr_final_rerun_holdout_v1/RESULT_TREE_MANIFEST.json:147; results/rbsr_final_rerun_holdout_v1/posthoc_subunit_analysis_v1/POSTHOC_SUBUNIT_ANALYSIS_PROTOCOL_FREEZE.json:29; results/rbsr_final_rerun_holdout_v1/posthoc_subunit_analysis_v1/noise/SHARED_CONTROL_NOISE_DRAW_MANIFEST.json:40; results/rbsr_final_rerun_holdout_v1/posthoc_subunit_analysis_v1/noise/STRICT_NOISE_ROBUSTNESS_PROTOCOL_FREEZE.json:39; results/rbsr_final_rerun_holdout_v1/posthoc_subunit_analysis_v1/personalization/pair_metrics_all_variants.csv:981; results/rbsr_final_rerun_holdout_v1/posthoc_subunit_analysis_v1/personalization/pair_metrics_all_variants.csv:5811; results/rbsr_final_rerun_holdout_v1/posthoc_subunit_analysis_v1/personalization/pair_metrics_all_variants.csv:10641; results/rbsr_final_rerun_holdout_v1/posthoc_subunit_analysis_v1/personalization/pair_metrics_all_variants.csv:15471; results/supplemental_rbsr_lamm_dominance_search_v1/release_evidence/protocol/RBSR_LAMM_DOMINANCE_SEARCH_PROTOCOL_FREEZE.json:24; roi/subunits.json:4905
2892,42,42,form a separate secondary 42-comparison family. A comparison is reported as,20,data/DATASET_DONE.json:75; data/DATASET_DONE.json:219; data/DATASET_DONE.json:273; data/DATASET_DONE.json:340; data/DATASET_DONE.json:449; data/DATASET_DONE.json:587; data/DATASET_DONE.json:753; data/DATASET_DONE.json:1059; data/DATASET_DONE.json:1201; data/DATASET_DONE.json:1323; data/DATASET_DONE.json:1657; data/DATASET_DONE.json:1705; data/DATASET_DONE.json:1737; data/DATASET_DONE.json:1827; data/DATASET_DONE.json:1897; data/DATASET_DONE.json:1953; data/DATASET_DONE.json:2089; data/DATASET_DONE.json:2121; data/DATASET_DONE.json:2273; data/DATASET_DONE.json:2331
2893,0.05,0.05,significant only when its within-family Holm-adjusted p<0.05,20,demo/src/components/HeroCanvas.jsx:65; reproducibility/source_snapshots/final_holdout_v1/source/rhinoform/train_rbsr_gate.py:401; reproducibility/source_snapshots/final_holdout_v1/source/scripts/evaluation/direct_paired_statistics.py:169; reproducibility/source_snapshots/final_holdout_v1/source/scripts/evaluation/direct_paired_statistics.py:170; reproducibility/source_snapshots/posthoc_subunits_v1/source/rhinoform/train_rbsr_gate.py:407; reproducibility/source_snapshots/posthoc_subunits_v1/source/scripts/evaluation/direct_paired_statistics.py:169; reproducibility/source_snapshots/posthoc_subunits_v1/source/scripts/evaluation/direct_paired_statistics.py:170; reproducibility/source_snapshots/posthoc_subunits_v1/source/scripts/evaluation/posthoc_personalization_ablation.py:151; reproducibility/source_snapshots/posthoc_subunits_v1/source/scripts/evaluation/posthoc_personalization_ablation.py:155; reproducibility/source_snapshots/posthoc_subunits_v1/source/scripts/evaluation/posthoc_strict_noise_robustness.py:458; reproducibility/source_snapshots/posthoc_subunits_v1/source/scripts/evaluation/posthoc_strict_noise_robustness.py:464; reproducibility/source_snapshots/posthoc_subunits_v1/source/scripts/evaluation/posthoc_subunit_analysis.py:212; reproducibility/source_snapshots/supplemental_dominance_v1/source_corrected/rhinoform/train_rbsr_gate.py:407; reproducibility/source_snapshots/supplemental_dominance_v1/source_pre_erratum/rhinoform/train_rbsr_gate.py:407; results/rbsr_final_rerun_holdout_v1/posthoc_subunit_analysis_v1/POSTHOC_SUBUNIT_ANALYSIS_PROTOCOL_FREEZE.json:144; results/rbsr_final_rerun_holdout_v1/posthoc_subunit_analysis_v1/paired_all_methods_vs_ridge.csv:70; results/supplemental_rbsr_lamm_dominance_search_v1/release_evidence/analysis/rbsr_vs_lamm_core_paired_statistics.json:2; rhinoform/train_rbsr_gate.py:407; scripts/evaluation/direct_paired_statistics.py:169; scripts/evaluation/direct_paired_statistics.py:170
2906,4,4,4pt,14,README.md:98; data/DATASET_DONE.json:11; data/DATASET_DONE.json:19; data/DATASET_DONE.json:35; data/DATASET_DONE.json:36; data/DATASET_DONE.json:41; data/DATASET_DONE.json:43; data/DATASET_DONE.json:57; data/DATASET_DONE.json:59; data/DATASET_DONE.json:81; data/DATASET_DONE.json:89; data/DATASET_DONE.json:91; data/DATASET_DONE.json:97; data/DATASET_DONE.json:105
2909,0.27,0.27,tabularp0.27 p0.61,4,demo/package-lock.json:728; demo/package-lock.json:768; demo/package-lock.json:838; demo/public/bundle/certified_presets.json:1
2909,0.61,0.61,tabularp0.27 p0.61,4,results/rbsr_final_rerun_holdout_v1/direct_paired_statistics/paired_all_vs_ridge.csv:6; results/rbsr_final_rerun_holdout_v1/direct_paired_statistics/paired_all_vs_ridge.json:86; results/rbsr_final_rerun_holdout_v1/direct_paired_statistics/paired_primary_rbsr_vs_ridge.csv:6; results/rbsr_final_rerun_holdout_v1/direct_paired_statistics/paired_primary_rbsr_vs_ridge.json:86
2916,10000,10000,Bootstrap Percentile bootstrap with n=10000 resamples. \\,20,reproducibility/source_snapshots/final_holdout_v1/source/scripts/evaluation/direct_paired_statistics.py:84; reproducibility/source_snapshots/posthoc_subunits_v1/source/scripts/evaluation/direct_paired_statistics.py:84; reproducibility/source_snapshots/posthoc_subunits_v1/source/scripts/evaluation/posthoc_personalization_ablation.py:251; reproducibility/source_snapshots/posthoc_subunits_v1/source/scripts/evaluation/posthoc_personalization_ablation.py:289; reproducibility/source_snapshots/posthoc_subunits_v1/source/scripts/evaluation/posthoc_personalization_ablation.py:291; reproducibility/source_snapshots/posthoc_subunits_v1/source/scripts/evaluation/posthoc_personalization_ablation.py:292; reproducibility/source_snapshots/posthoc_subunits_v1/source/scripts/evaluation/posthoc_preflight.py:223; reproducibility/source_snapshots/posthoc_subunits_v1/source/scripts/evaluation/posthoc_qualitative_cases.py:192; reproducibility/source_snapshots/posthoc_subunits_v1/source/scripts/evaluation/posthoc_strict_noise_robustness.py:513; reproducibility/source_snapshots/posthoc_subunits_v1/source/scripts/evaluation/posthoc_strict_noise_robustness.py:515; reproducibility/source_snapshots/posthoc_subunits_v1/source/scripts/evaluation/posthoc_strict_noise_robustness.py:517; reproducibility/source_snapshots/posthoc_subunits_v1/source/scripts/evaluation/posthoc_subunit_analysis.py:211; reproducibility/source_snapshots/posthoc_subunits_v1/source/scripts/evaluation/posthoc_subunit_analysis.py:574; results/rbsr_final_rerun_holdout_v1/direct_paired_statistics/paired_all_vs_ridge.json:4; results/rbsr_final_rerun_holdout_v1/direct_paired_statistics/paired_primary_rbsr_vs_ridge.json:4; results/rbsr_final_rerun_holdout_v1/direct_paired_statistics/paired_rbsr_vs_lamm.json:4; results/rbsr_final_rerun_holdout_v1/posthoc_subunit_analysis_v1/POSTHOC_SUBUNIT_ANALYSIS_EVIDENCE.json:25; results/rbsr_final_rerun_holdout_v1/posthoc_subunit_analysis_v1/POSTHOC_SUBUNIT_ANALYSIS_PROTOCOL_FREEZE.json:148; results/rbsr_final_rerun_holdout_v1/protocol/FINAL_RERUN_HOLDOUT_POLICY_FREEZE.json:73; rhinoform/stats.py:124
2920,42,42,"Secondary families Certified RB-SR versus LAMM across six metrics; separately, seven non-Ridge methods versus Ridge across six metrics (42 tests). \\",20,data/DATASET_DONE.json:75; data/DATASET_DONE.json:219; data/DATASET_DONE.json:273; data/DATASET_DONE.json:340; data/DATASET_DONE.json:449; data/DATASET_DONE.json:587; data/DATASET_DONE.json:753; data/DATASET_DONE.json:1059; data/DATASET_DONE.json:1201; data/DATASET_DONE.json:1323; data/DATASET_DONE.json:1657; data/DATASET_DONE.json:1705; data/DATASET_DONE.json:1737; data/DATASET_DONE.json:1827; data/DATASET_DONE.json:1897; data/DATASET_DONE.json:1953; data/DATASET_DONE.json:2089; data/DATASET_DONE.json:2121; data/DATASET_DONE.json:2273; data/DATASET_DONE.json:2331
2935,4,4,"With the full RB-SR pipeline derived in Chapter 4, the pre-specified",14,README.md:98; data/DATASET_DONE.json:11; data/DATASET_DONE.json:19; data/DATASET_DONE.json:35; data/DATASET_DONE.json:36; data/DATASET_DONE.json:41; data/DATASET_DONE.json:43; data/DATASET_DONE.json:57; data/DATASET_DONE.json:59; data/DATASET_DONE.json:81; data/DATASET_DONE.json:89; data/DATASET_DONE.json:91; data/DATASET_DONE.json:97; data/DATASET_DONE.json:105
2937,9,9,"on the 9\,900 held-out pairs, and the",16,data/DATASET_DONE.json:9; data/DATASET_DONE.json:19; data/DATASET_DONE.json:35; data/DATASET_DONE.json:41; data/DATASET_DONE.json:49; data/DATASET_DONE.json:57; data/DATASET_DONE.json:76; data/DATASET_DONE.json:83; data/DATASET_DONE.json:97; data/DATASET_DONE.json:105; data/DATASET_DONE.json:121; data/DATASET_DONE.json:137; data/DATASET_DONE.json:139; data/DATASET_DONE.json:163; data/DATASET_DONE.json:169; data/DATASET_DONE.json:179
2937,900,900,"on the 9\,900 held-out pairs, and the",20,data/DATASET_DONE.json:2763; reproducibility/source_snapshots/supplemental_dominance_v1/SOURCE_MANIFEST.json:37; reproducibility/source_snapshots/supplemental_dominance_v1/SOURCE_MANIFEST.json:90; results/rbsr_final_rerun_holdout_v1/lamm/seed20260609/ae_history.json:213; results/rbsr_final_rerun_holdout_v1/lamm/seed20260609/manipulation_history.json:249; results/rbsr_final_rerun_holdout_v1/posthoc_subunit_analysis_v1/noise/STRICT_NOISE_ROBUSTNESS_EVIDENCE.json:31; results/rbsr_final_rerun_holdout_v1/posthoc_subunit_analysis_v1/noise/STRICT_NOISE_ROBUSTNESS_EVIDENCE.json:37; results/rbsr_final_rerun_holdout_v1/posthoc_subunit_analysis_v1/noise/STRICT_NOISE_ZERO_BASELINE_REPLAY_ERRATUM.json:20; results/rbsr_final_rerun_holdout_v1/posthoc_subunit_analysis_v1/noise/noise_pair_metrics_seed_averaged.csv.sha256.json:4; results/rbsr_final_rerun_holdout_v1/posthoc_subunit_analysis_v1/personalization/pair_metrics_all_variants.csv:902; results/rbsr_final_rerun_holdout_v1/posthoc_subunit_analysis_v1/personalization/pair_metrics_all_variants.csv:5732; results/rbsr_final_rerun_holdout_v1/posthoc_subunit_analysis_v1/personalization/pair_metrics_all_variants.csv:10562; results/rbsr_final_rerun_holdout_v1/posthoc_subunit_analysis_v1/personalization/pair_metrics_all_variants.csv:15392; results/supplemental_rbsr_lamm_dominance_search_v1/release_evidence/protocol/RBSR_LAMM_DOMINANCE_SEARCH_PROTOCOL_FREEZE.json:25; roi/subunits.json:4836; splits/facescape_847/split_manifest.json:13554; splits/facescape_847/split_manifest.json:13929; splits/facescape_847/split_manifest.json:15010; splits/facescape_847/split_manifest.json:15909; splits/facescape_847/split_manifest.json:22149
2948,1.0739,1.0739,1.0739 to 1.0599 (-1.30\%) and new flips fall from 0.332\% to 0.227\%,0,
2948,1.0599,1.0599,1.0739 to 1.0599 (-1.30\%) and new flips fall from 0.332\% to 0.227\%,0,
2948,-1.30\%,-1.30%,1.0739 to 1.0599 (-1.30\%) and new flips fall from 0.332\% to 0.227\%,0,
2948,0.332\%,0.332%,1.0739 to 1.0599 (-1.30\%) and new flips fall from 0.332\% to 0.227\%,0,
2948,0.227\%,0.227%,1.0739 to 1.0599 (-1.30\%) and new flips fall from 0.332\% to 0.227\%,0,
2949,-31.6\%,-31.6%,"(-31.6\%), with the fold-subset certificate satisfied on all 9\,900",0,
2949,9,9,"(-31.6\%), with the fold-subset certificate satisfied on all 9\,900",16,data/DATASET_DONE.json:9; data/DATASET_DONE.json:19; data/DATASET_DONE.json:35; data/DATASET_DONE.json:41; data/DATASET_DONE.json:49; data/DATASET_DONE.json:57; data/DATASET_DONE.json:76; data/DATASET_DONE.json:83; data/DATASET_DONE.json:97; data/DATASET_DONE.json:105; data/DATASET_DONE.json:121; data/DATASET_DONE.json:137; data/DATASET_DONE.json:139; data/DATASET_DONE.json:163; data/DATASET_DONE.json:169; data/DATASET_DONE.json:179
2949,900,900,"(-31.6\%), with the fold-subset certificate satisfied on all 9\,900",20,data/DATASET_DONE.json:2763; reproducibility/source_snapshots/supplemental_dominance_v1/SOURCE_MANIFEST.json:37; reproducibility/source_snapshots/supplemental_dominance_v1/SOURCE_MANIFEST.json:90; results/rbsr_final_rerun_holdout_v1/lamm/seed20260609/ae_history.json:213; results/rbsr_final_rerun_holdout_v1/lamm/seed20260609/manipulation_history.json:249; results/rbsr_final_rerun_holdout_v1/posthoc_subunit_analysis_v1/noise/STRICT_NOISE_ROBUSTNESS_EVIDENCE.json:31; results/rbsr_final_rerun_holdout_v1/posthoc_subunit_analysis_v1/noise/STRICT_NOISE_ROBUSTNESS_EVIDENCE.json:37; results/rbsr_final_rerun_holdout_v1/posthoc_subunit_analysis_v1/noise/STRICT_NOISE_ZERO_BASELINE_REPLAY_ERRATUM.json:20; results/rbsr_final_rerun_holdout_v1/posthoc_subunit_analysis_v1/noise/noise_pair_metrics_seed_averaged.csv.sha256.json:4; results/rbsr_final_rerun_holdout_v1/posthoc_subunit_analysis_v1/personalization/pair_metrics_all_variants.csv:902; results/rbsr_final_rerun_holdout_v1/posthoc_subunit_analysis_v1/personalization/pair_metrics_all_variants.csv:5732; results/rbsr_final_rerun_holdout_v1/posthoc_subunit_analysis_v1/personalization/pair_metrics_all_variants.csv:10562; results/rbsr_final_rerun_holdout_v1/posthoc_subunit_analysis_v1/personalization/pair_metrics_all_variants.csv:15392; results/supplemental_rbsr_lamm_dominance_search_v1/release_evidence/protocol/RBSR_LAMM_DOMINANCE_SEARCH_PROTOCOL_FREEZE.json:25; roi/subunits.json:4836; splits/facescape_847/split_manifest.json:13554; splits/facescape_847/split_manifest.json:13929; splits/facescape_847/split_manifest.json:15010; splits/facescape_847/split_manifest.json:15909; splits/facescape_847/split_manifest.json:22149
2961,1.0599,1.0599,"1.0599 is 35\% lower than Laplacian (1.6420), 38\%",0,
2961,\approx 35\%,35%,"1.0599 is 35\% lower than Laplacian (1.6420), 38\%",20,data/DATASET_DONE.json:107; data/DATASET_DONE.json:187; data/DATASET_DONE.json:249; data/DATASET_DONE.json:267; data/DATASET_DONE.json:284; data/DATASET_DONE.json:313; data/DATASET_DONE.json:345; data/DATASET_DONE.json:657; data/DATASET_DONE.json:915; data/DATASET_DONE.json:1107; data/DATASET_DONE.json:1233; data/DATASET_DONE.json:1401; data/DATASET_DONE.json:1475; data/DATASET_DONE.json:1499; data/DATASET_DONE.json:1515; data/DATASET_DONE.json:1529; data/DATASET_DONE.json:1643; data/DATASET_DONE.json:1657; data/DATASET_DONE.json:1707; data/DATASET_DONE.json:2179
2961,1.6420,1.6420,"1.0599 is 35\% lower than Laplacian (1.6420), 38\%",0,
2961,\approx 38\%,38%,"1.0599 is 35\% lower than Laplacian (1.6420), 38\%",20,data/DATASET_DONE.json:27; data/DATASET_DONE.json:89; data/DATASET_DONE.json:187; data/DATASET_DONE.json:243; data/DATASET_DONE.json:308; data/DATASET_DONE.json:371; data/DATASET_DONE.json:377; data/DATASET_DONE.json:737; data/DATASET_DONE.json:769; data/DATASET_DONE.json:809; data/DATASET_DONE.json:953; data/DATASET_DONE.json:955; data/DATASET_DONE.json:987; data/DATASET_DONE.json:1091; data/DATASET_DONE.json:1417; data/DATASET_DONE.json:1769; data/DATASET_DONE.json:1915; data/DATASET_DONE.json:1937; data/DATASET_DONE.json:1979; data/DATASET_DONE.json:2025
2962,1.6969,1.6969,"lower than ARAP (1.6969), 47\% lower than bi-Laplacian (2.0071)",0,
2962,\approx 47\%,47%,"lower than ARAP (1.6969), 47\% lower than bi-Laplacian (2.0071)",20,data/DATASET_DONE.json:17; data/DATASET_DONE.json:49; data/DATASET_DONE.json:59; data/DATASET_DONE.json:201; data/DATASET_DONE.json:380; data/DATASET_DONE.json:595; data/DATASET_DONE.json:779; data/DATASET_DONE.json:1089; data/DATASET_DONE.json:1105; data/DATASET_DONE.json:1145; data/DATASET_DONE.json:1147; data/DATASET_DONE.json:1169; data/DATASET_DONE.json:1203; data/DATASET_DONE.json:1275; data/DATASET_DONE.json:1323; data/DATASET_DONE.json:1489; data/DATASET_DONE.json:1601; data/DATASET_DONE.json:1619; data/DATASET_DONE.json:1761; data/DATASET_DONE.json:1809
2962,2.0071,2.0071,"lower than ARAP (1.6969), 47\% lower than bi-Laplacian (2.0071)",0,
2963,\approx 20\%,20%,"and 20\% lower than the direct CVAE generator (1.3195), while",20,data/DATASET_DONE.json:97; data/DATASET_DONE.json:99; data/DATASET_DONE.json:131; data/DATASET_DONE.json:164; data/DATASET_DONE.json:473; data/DATASET_DONE.json:561; data/DATASET_DONE.json:569; data/DATASET_DONE.json:635; data/DATASET_DONE.json:867; data/DATASET_DONE.json:881; data/DATASET_DONE.json:945; data/DATASET_DONE.json:1227; data/DATASET_DONE.json:1235; data/DATASET_DONE.json:1289; data/DATASET_DONE.json:1531; data/DATASET_DONE.json:1657; data/DATASET_DONE.json:1785; data/DATASET_DONE.json:1817; data/DATASET_DONE.json:1849; data/DATASET_DONE.json:1865
2963,1.3195,1.3195,"and 20\% lower than the direct CVAE generator (1.3195), while",1,demo/public/bundle/head_mean.json:1
2969,6,6,6pt,14,.github/workflows/ci.yml:17; .github/workflows/ci.yml:20; .github/workflows/ci.yml:51; .github/workflows/ci.yml:52; THIRD_PARTY.md:26; configs/reproduction.example.toml:19; data/DATASET_DONE.json:9; data/DATASET_DONE.json:11; data/DATASET_DONE.json:25; data/DATASET_DONE.json:27; data/DATASET_DONE.json:35; data/DATASET_DONE.json:51; data/DATASET_DONE.json:52; data/DATASET_DONE.json:57
2972,100,100,"(100-id held-out test, 9\,900 ordered pairs, primary PCA-64 configuration).",18,data/DATASET_DONE.json:804; data/DATASET_DONE.json:2419; data/DATASET_DONE.json:3987; data/DATASET_DONE.json:4387; data/DATASET_DONE.json:4889; data/DATASET_DONE.json:5321; data/README.md:61; data/manifest.json:902; data/manifest.json:903; data/manifest.json:5507; data/manifest.json:5993; demo/public/bundle/manifest.json:39; demo/src/components/Studio.jsx:256; demo/src/components/Studio.jsx:279; demo/src/components/Studio.jsx:435; demo/src/components/Studio.jsx:698; demo/src/components/Studio.jsx:705; demo/src/components/Studio.jsx:762
2972,9,9,"(100-id held-out test, 9\,900 ordered pairs, primary PCA-64 configuration).",16,data/DATASET_DONE.json:9; data/DATASET_DONE.json:19; data/DATASET_DONE.json:35; data/DATASET_DONE.json:41; data/DATASET_DONE.json:49; data/DATASET_DONE.json:57; data/DATASET_DONE.json:76; data/DATASET_DONE.json:83; data/DATASET_DONE.json:97; data/DATASET_DONE.json:105; data/DATASET_DONE.json:121; data/DATASET_DONE.json:137; data/DATASET_DONE.json:139; data/DATASET_DONE.json:163; data/DATASET_DONE.json:169; data/DATASET_DONE.json:179
2972,900,900,"(100-id held-out test, 9\,900 ordered pairs, primary PCA-64 configuration).",20,data/DATASET_DONE.json:2763; reproducibility/source_snapshots/supplemental_dominance_v1/SOURCE_MANIFEST.json:37; reproducibility/source_snapshots/supplemental_dominance_v1/SOURCE_MANIFEST.json:90; results/rbsr_final_rerun_holdout_v1/lamm/seed20260609/ae_history.json:213; results/rbsr_final_rerun_holdout_v1/lamm/seed20260609/manipulation_history.json:249; results/rbsr_final_rerun_holdout_v1/posthoc_subunit_analysis_v1/noise/STRICT_NOISE_ROBUSTNESS_EVIDENCE.json:31; results/rbsr_final_rerun_holdout_v1/posthoc_subunit_analysis_v1/noise/STRICT_NOISE_ROBUSTNESS_EVIDENCE.json:37; results/rbsr_final_rerun_holdout_v1/posthoc_subunit_analysis_v1/noise/STRICT_NOISE_ZERO_BASELINE_REPLAY_ERRATUM.json:20; results/rbsr_final_rerun_holdout_v1/posthoc_subunit_analysis_v1/noise/noise_pair_metrics_seed_averaged.csv.sha256.json:4; results/rbsr_final_rerun_holdout_v1/posthoc_subunit_analysis_v1/personalization/pair_metrics_all_variants.csv:902; results/rbsr_final_rerun_holdout_v1/posthoc_subunit_analysis_v1/personalization/pair_metrics_all_variants.csv:5732; results/rbsr_final_rerun_holdout_v1/posthoc_subunit_analysis_v1/personalization/pair_metrics_all_variants.csv:10562; results/rbsr_final_rerun_holdout_v1/posthoc_subunit_analysis_v1/personalization/pair_metrics_all_variants.csv:15392; results/supplemental_rbsr_lamm_dominance_search_v1/release_evidence/protocol/RBSR_LAMM_DOMINANCE_SEARCH_PROTOCOL_FREEZE.json:25; roi/subunits.json:4836; splits/facescape_847/split_manifest.json:13554; splits/facescape_847/split_manifest.json:13929; splits/facescape_847/split_manifest.json:15010; splits/facescape_847/split_manifest.json:15909; splits/facescape_847/split_manifest.json:22149
2972,64,64,"(100-id held-out test, 9\,900 ordered pairs, primary PCA-64 configuration).",19,data/DATASET_DONE.json:251; data/DATASET_DONE.json:369; data/DATASET_DONE.json:385; data/DATASET_DONE.json:516; data/DATASET_DONE.json:545; data/DATASET_DONE.json:801; data/DATASET_DONE.json:881; data/DATASET_DONE.json:955; data/DATASET_DONE.json:1025; data/DATASET_DONE.json:1563; data/DATASET_DONE.json:1579; data/DATASET_DONE.json:1619; data/DATASET_DONE.json:2129; data/DATASET_DONE.json:2203; data/DATASET_DONE.json:2403; data/DATASET_DONE.json:2457; data/DATASET_DONE.json:2961; data/DATASET_DONE.json:3129; data/DATASET_DONE.json:3225
2980,95,95,"method ROI RMSE edge-strain p_95 new-flip\,\% \\",20,README.md:24; README.md:36; data/DATASET_DONE.json:107; data/DATASET_DONE.json:115; data/DATASET_DONE.json:177; data/DATASET_DONE.json:225; data/DATASET_DONE.json:273; data/DATASET_DONE.json:403; data/DATASET_DONE.json:545; data/DATASET_DONE.json:561; data/DATASET_DONE.json:601; data/DATASET_DONE.json:699; data/DATASET_DONE.json:713; data/DATASET_DONE.json:739; data/DATASET_DONE.json:755; data/DATASET_DONE.json:764; data/DATASET_DONE.json:923; data/DATASET_DONE.json:1043; data/DATASET_DONE.json:1065; data/DATASET_DONE.json:1297
2982,1.6420,1.6420,Laplacian 1.6420 0.1779 0.560 \\,0,
2982,0.1779,0.1779,Laplacian 1.6420 0.1779 0.560 \\,1,demo/public/bundle/certified_presets.json:1
2982,0.560,0.560,Laplacian 1.6420 0.1779 0.560 \\,0,
2983,2.0071,2.0071,bi-Laplacian 2.0071 0.2830 1.488 \\,0,
2983,0.2830,0.2830,bi-Laplacian 2.0071 0.2830 1.488 \\,0,
2983,1.488,1.488,bi-Laplacian 2.0071 0.2830 1.488 \\,0,
2984,1.6969,1.6969,ARAP 1.6969 0.0617 0.054 \\,0,
2984,0.0617,0.0617,ARAP 1.6969 0.0617 0.054 \\,1,demo/public/bundle/certified_presets.json:1
2984,0.054,0.054,ARAP 1.6969 0.0617 0.054 \\,1,demo/public/bundle/head_mean.json:1
2985,1.3195,1.3195,CVAE-only 1.3195 0.2388 1.352 \\,1,demo/public/bundle/head_mean.json:1
2985,0.2388,0.2388,CVAE-only 1.3195 0.2388 1.352 \\,1,demo/public/bundle/certified_presets.json:1
2985,1.352,1.352,CVAE-only 1.3195 0.2388 1.352 \\,0,
2986,1.0739,1.0739,Ridge anchor 1.0739 0.2034 0.332 \\,0,
2986,0.2034,0.2034,Ridge anchor 1.0739 0.2034 0.332 \\,1,demo/public/bundle/certified_presets.json:1
2986,0.332,0.332,Ridge anchor 1.0739 0.2034 0.332 \\,0,
2987,0.1,0.1,Hybrid =0.1 1.0654 0.1950 0.442 \\,20,demo/README.md:66; demo/README.md:128; demo/package-lock.json:347; demo/package-lock.json:837; demo/package.json:7; demo/package.json:9; demo/public/bundle/certified_presets.json:1; demo/public/bundle/manifest.json:18; demo/src/components/HeroCanvas.jsx:16; demo/src/components/Studio3D.jsx:42; demo/src/components/Studio3D.jsx:77; demo/src/engine/bundle.js:8; demo/verify.mjs:144; demo/verify.mjs:282; reproducibility/source_snapshots/final_holdout_v1/source/rhinoform/train.py:221; reproducibility/source_snapshots/final_holdout_v1/source/rhinoform/train.py:718; reproducibility/source_snapshots/final_holdout_v1/source/rhinoform/train_rbsr_gate.py:406; reproducibility/source_snapshots/posthoc_subunits_v1/source/rhinoform/train.py:221; reproducibility/source_snapshots/posthoc_subunits_v1/source/rhinoform/train.py:718; reproducibility/source_snapshots/posthoc_subunits_v1/source/rhinoform/train_rbsr_gate.py:412
2987,1.0654,1.0654,Hybrid =0.1 1.0654 0.1950 0.442 \\,0,
2987,0.1950,0.1950,Hybrid =0.1 1.0654 0.1950 0.442 \\,0,
2987,0.442,0.442,Hybrid =0.1 1.0654 0.1950 0.442 \\,1,demo/public/bundle/certified_presets.json:1
2988,1.0599,1.0599,Certified RB-SR (proposed) 1.0599 0.2035 0.227 \\,0,
2988,0.2035,0.2035,Certified RB-SR (proposed) 1.0599 0.2035 0.227 \\,0,
2988,0.227,0.227,Certified RB-SR (proposed) 1.0599 0.2035 0.227 \\,0,
2989,0.9715,0.9715,LAMM 0.9715 0.3196 0.879 \\,0,
2989,0.3196,0.3196,LAMM 0.9715 0.3196 0.879 \\,1,demo/public/bundle/certified_presets.json:1
2989,0.879,0.879,LAMM 0.9715 0.3196 0.879 \\,0,
2992,2,2,2pt,16,README.md:4; README.md:93; data/DATASET_DONE.json:9; data/DATASET_DONE.json:11; data/DATASET_DONE.json:19; data/DATASET_DONE.json:20; data/DATASET_DONE.json:25; data/DATASET_DONE.json:35; data/DATASET_DONE.json:41; data/DATASET_DONE.json:49; data/DATASET_DONE.json:57; data/DATASET_DONE.json:59; data/DATASET_DONE.json:65; data/DATASET_DONE.json:83; data/DATASET_DONE.json:107; data/DATASET_DONE.json:113
2999,5\times10^{-13},5\times10^-13,"improves with Holm-adjusted p 5.5 10^-13, Cohen's",0,
3000,-0.97,-0.97,d_z=-0.97 and a 93\% identity-level win rate; target-relative new flips,0,
3000,93\%,93%,d_z=-0.97 and a 93\% identity-level win rate; target-relative new flips,19,data/DATASET_DONE.json:67; data/DATASET_DONE.json:105; data/DATASET_DONE.json:185; data/DATASET_DONE.json:347; data/DATASET_DONE.json:361; data/DATASET_DONE.json:659; data/DATASET_DONE.json:665; data/DATASET_DONE.json:739; data/DATASET_DONE.json:748; data/DATASET_DONE.json:779; data/DATASET_DONE.json:971; data/DATASET_DONE.json:1011; data/DATASET_DONE.json:1043; data/DATASET_DONE.json:1209; data/DATASET_DONE.json:1241; data/DATASET_DONE.json:1305; data/DATASET_DONE.json:1409; data/DATASET_DONE.json:1625; data/DATASET_DONE.json:1737
3001,3\times10^{-17},3\times10^-17,"improve with Holm-adjusted p 2.3 10^-17, d_z=-2.51 and a",0,
3001,-2.51,-2.51,"improve with Holm-adjusted p 2.3 10^-17, d_z=-2.51 and a",1,demo/public/bundle/ridge_browser.json:1
3002,100\%,100%,100\% win rate; and both source- and target-clustered bootstrap intervals,20,demo/src/components/HeroCanvas.jsx:19; demo/src/components/HeroCanvas.jsx:20; demo/src/components/Studio3D.jsx:46; demo/src/components/Studio3D.jsx:47; data/DATASET_DONE.json:804; data/DATASET_DONE.json:2419; data/DATASET_DONE.json:3987; data/DATASET_DONE.json:4387; data/DATASET_DONE.json:4889; data/DATASET_DONE.json:5321; data/README.md:61; data/manifest.json:902; data/manifest.json:903; data/manifest.json:5507; data/manifest.json:5993; demo/public/bundle/manifest.json:39; demo/src/components/Studio.jsx:256; demo/src/components/Studio.jsx:279; demo/src/components/Studio.jsx:435; demo/src/components/Studio.jsx:698
3003,95,95,agree in sign. One metric is honestly unresolved: the edge-strain p_95,20,README.md:24; README.md:36; data/DATASET_DONE.json:107; data/DATASET_DONE.json:115; data/DATASET_DONE.json:177; data/DATASET_DONE.json:225; data/DATASET_DONE.json:273; data/DATASET_DONE.json:403; data/DATASET_DONE.json:545; data/DATASET_DONE.json:561; data/DATASET_DONE.json:601; data/DATASET_DONE.json:699; data/DATASET_DONE.json:713; data/DATASET_DONE.json:739; data/DATASET_DONE.json:755; data/DATASET_DONE.json:764; data/DATASET_DONE.json:923; data/DATASET_DONE.json:1043; data/DATASET_DONE.json:1065; data/DATASET_DONE.json:1297
3004,+0.00012,+0.00012,"difference against the anchor is +0.00012 units (Holm-adjusted p=0.198),",2,demo/public/bundle/certified_presets.json:1; demo/public/bundle/ridge_browser.json:1
3004,0.198,0.198,"difference against the anchor is +0.00012 units (Holm-adjusted p=0.198),",0,
3006,0,0,hard-constrained landmarks have RMSE =0 by construction. Edge-strain,17,.github/workflows/ci.yml:19; .github/workflows/ci.yml:60; CITATION.cff:1; CITATION.cff:10; data/DATASET_DONE.json:11; data/DATASET_DONE.json:19; data/DATASET_DONE.json:25; data/DATASET_DONE.json:27; data/DATASET_DONE.json:41; data/DATASET_DONE.json:49; data/DATASET_DONE.json:51; data/DATASET_DONE.json:59; data/DATASET_DONE.json:65; data/DATASET_DONE.json:83; data/DATASET_DONE.json:91; data/DATASET_DONE.json:97; data/DATASET_DONE.json:105
3007,95,95,p_95 is the 95th percentile of the per-edge engineering strain,20,README.md:24; README.md:36; data/DATASET_DONE.json:107; data/DATASET_DONE.json:115; data/DATASET_DONE.json:177; data/DATASET_DONE.json:225; data/DATASET_DONE.json:273; data/DATASET_DONE.json:403; data/DATASET_DONE.json:545; data/DATASET_DONE.json:561; data/DATASET_DONE.json:601; data/DATASET_DONE.json:699; data/DATASET_DONE.json:713; data/DATASET_DONE.json:739; data/DATASET_DONE.json:755; data/DATASET_DONE.json:764; data/DATASET_DONE.json:923; data/DATASET_DONE.json:1043; data/DATASET_DONE.json:1065; data/DATASET_DONE.json:1297
3007,95,95,p_95 is the 95th percentile of the per-edge engineering strain,20,README.md:24; README.md:36; data/DATASET_DONE.json:107; data/DATASET_DONE.json:115; data/DATASET_DONE.json:177; data/DATASET_DONE.json:225; data/DATASET_DONE.json:273; data/DATASET_DONE.json:403; data/DATASET_DONE.json:545; data/DATASET_DONE.json:561; data/DATASET_DONE.json:601; data/DATASET_DONE.json:699; data/DATASET_DONE.json:713; data/DATASET_DONE.json:739; data/DATASET_DONE.json:755; data/DATASET_DONE.json:764; data/DATASET_DONE.json:923; data/DATASET_DONE.json:1043; data/DATASET_DONE.json:1065; data/DATASET_DONE.json:1297
3016,0.96,0.96,figures/eval_review_v3/eval_00_primary_paired_effects_review_v1.pdf,1,demo/src/engine/demoEdits.js:20
3016,0,0,figures/eval_review_v3/eval_00_primary_paired_effects_review_v1.pdf,17,.github/workflows/ci.yml:19; .github/workflows/ci.yml:60; CITATION.cff:1; CITATION.cff:10; data/DATASET_DONE.json:11; data/DATASET_DONE.json:19; data/DATASET_DONE.json:25; data/DATASET_DONE.json:27; data/DATASET_DONE.json:41; data/DATASET_DONE.json:49; data/DATASET_DONE.json:51; data/DATASET_DONE.json:59; data/DATASET_DONE.json:65; data/DATASET_DONE.json:83; data/DATASET_DONE.json:91; data/DATASET_DONE.json:97; data/DATASET_DONE.json:105
3017,64,64,Primary PCA-64 certified RB-SR minus Ridge effects with,19,data/DATASET_DONE.json:251; data/DATASET_DONE.json:369; data/DATASET_DONE.json:385; data/DATASET_DONE.json:516; data/DATASET_DONE.json:545; data/DATASET_DONE.json:801; data/DATASET_DONE.json:881; data/DATASET_DONE.json:955; data/DATASET_DONE.json:1025; data/DATASET_DONE.json:1563; data/DATASET_DONE.json:1579; data/DATASET_DONE.json:1619; data/DATASET_DONE.json:2129; data/DATASET_DONE.json:2203; data/DATASET_DONE.json:2403; data/DATASET_DONE.json:2457; data/DATASET_DONE.json:2961; data/DATASET_DONE.json:3129; data/DATASET_DONE.json:3225
3018,95\%,95%,source-identity percentile-bootstrap 95\% intervals; negative favours,20,README.md:24; README.md:36; data/DATASET_DONE.json:107; data/DATASET_DONE.json:115; data/DATASET_DONE.json:177; data/DATASET_DONE.json:225; data/DATASET_DONE.json:273; data/DATASET_DONE.json:403; data/DATASET_DONE.json:545; data/DATASET_DONE.json:561; data/DATASET_DONE.json:601; data/DATASET_DONE.json:699; data/DATASET_DONE.json:713; data/DATASET_DONE.json:739; data/DATASET_DONE.json:755; data/DATASET_DONE.json:764; data/DATASET_DONE.json:923; data/DATASET_DONE.json:1043; data/DATASET_DONE.json:1065; data/DATASET_DONE.json:1297
3022,0.198,0.198,"interval crosses zero and its Holm-adjusted p=0.198, so that difference",0,
3030,60\%,60%,"(lowest edge-strain and lowest flips), yet its ROI RMSE is 60\% higher than",19,data/DATASET_DONE.json:113; data/DATASET_DONE.json:153; data/DATASET_DONE.json:195; data/DATASET_DONE.json:275; data/DATASET_DONE.json:433; data/DATASET_DONE.json:473; data/DATASET_DONE.json:484; data/DATASET_DONE.json:555; data/DATASET_DONE.json:609; data/DATASET_DONE.json:625; data/DATASET_DONE.json:707; data/DATASET_DONE.json:891; data/DATASET_DONE.json:897; data/DATASET_DONE.json:1041; data/DATASET_DONE.json:1611; data/DATASET_DONE.json:1633; data/DATASET_DONE.json:1787; data/DATASET_DONE.json:1841; data/DATASET_DONE.json:2513
3034,1.3195,1.3195,more accurate than every geometric baseline (ROI RMSE 1.3195 vs.\,1,demo/public/bundle/head_mean.json:1
3035,1.6420,1.6420,"1.6420--2.0071), confirming a learned map captures dense response generic",0,
3035,2.0071,2.0071,"1.6420--2.0071), confirming a learned map captures dense response generic",0,
3036,1.352\%,1.352%,"geometry misses---but it pays with far worse regularity (1.352\% flips), so an",0,
3049,010,010,Liao's ; the CVAE represents the recent move toward,18,data/DATASET_DONE.json:353; data/DATASET_DONE.json:3099; data/DATASET_DONE.json:6345; data/DATASET_DONE.json:6609; data/manifest.json:404; data/manifest.json:7145; data/manifest.json:7442; reproducibility/source_snapshots/posthoc_subunits_v1/SOURCE_MANIFEST.json:46; reproducibility/source_snapshots/posthoc_subunits_v1/source/scripts/evaluation/posthoc_preflight.py:41; reproducibility/source_snapshots/supplemental_dominance_v1/SOURCE_MANIFEST.json:19; results/rbsr_final_rerun_holdout_v1/posthoc_subunit_analysis_v1/POSTHOC_SUBUNIT_ANALYSIS_PROTOCOL_FREEZE.json:23; results/rbsr_final_rerun_holdout_v1/posthoc_subunit_analysis_v1/figures/FIGURE_EVIDENCE.json:32; results/rbsr_final_rerun_holdout_v1/posthoc_subunit_analysis_v1/figures/spatial_diagnostics_hybrid.pdf.sha256.json:4; results/rbsr_final_rerun_holdout_v1/posthoc_subunit_analysis_v1/noise/STRICT_NOISE_ROBUSTNESS_PROTOCOL_FREEZE.json:36; results/supplemental_rbsr_lamm_dominance_search_v1/release_evidence/protocol/RBSR_CALIBRATION_EXACT_CONTROL_ERRATUM.json:25; scripts/evaluation/posthoc_preflight.py:41; splits/facescape_847/split_manifest.json:10404; splits/facescape_847/split_manifest.json:15640
3058,010,010,planner and Topsakal's web tool use,18,data/DATASET_DONE.json:353; data/DATASET_DONE.json:3099; data/DATASET_DONE.json:6345; data/DATASET_DONE.json:6609; data/manifest.json:404; data/manifest.json:7145; data/manifest.json:7442; reproducibility/source_snapshots/posthoc_subunits_v1/SOURCE_MANIFEST.json:46; reproducibility/source_snapshots/posthoc_subunits_v1/source/scripts/evaluation/posthoc_preflight.py:41; reproducibility/source_snapshots/supplemental_dominance_v1/SOURCE_MANIFEST.json:19; results/rbsr_final_rerun_holdout_v1/posthoc_subunit_analysis_v1/POSTHOC_SUBUNIT_ANALYSIS_PROTOCOL_FREEZE.json:23; results/rbsr_final_rerun_holdout_v1/posthoc_subunit_analysis_v1/figures/FIGURE_EVIDENCE.json:32; results/rbsr_final_rerun_holdout_v1/posthoc_subunit_analysis_v1/figures/spatial_diagnostics_hybrid.pdf.sha256.json:4; results/rbsr_final_rerun_holdout_v1/posthoc_subunit_analysis_v1/noise/STRICT_NOISE_ROBUSTNESS_PROTOCOL_FREEZE.json:36; results/supplemental_rbsr_lamm_dominance_search_v1/release_evidence/protocol/RBSR_CALIBRATION_EXACT_CONTROL_ERRATUM.json:25; scripts/evaluation/posthoc_preflight.py:41; splits/facescape_847/split_manifest.json:10404; splits/facescape_847/split_manifest.json:15640
3058,020,020,planner and Topsakal's web tool use,16,data/DATASET_DONE.json:3121; data/DATASET_DONE.json:6187; data/DATASET_DONE.json:6443; data/manifest.json:3518; reproducibility/source_snapshots/posthoc_subunits_v1/SOURCE_MANIFEST.json:52; results/rbsr_final_rerun_holdout_v1/lamm/seed20260609/protocol_audit.json:45; results/rbsr_final_rerun_holdout_v1/lamm/seed20260609/run_provenance.json:81; results/rbsr_final_rerun_holdout_v1/posthoc_subunit_analysis_v1/POSTHOC_SUBUNIT_ANALYSIS_PROTOCOL_FREEZE.json:24; results/supplemental_rbsr_lamm_dominance_search_v1/release_evidence/validation/lamm_validation_summary.json:22; splits/facescape_847/split_manifest.json:14244; splits/facescape_847/split_manifest.json:14844; splits/facescape_847/split_manifest.json:18969; splits/facescape_847/split_manifest.json:19374; splits/facescape_847/split_manifest.json:21430; splits/facescape_847/split_manifest.json:21910; splits/facescape_847/split_manifest.json:26885
3093,4,4,figures/eval_review_v3/eval_04_classical_spatial_tail_review_v1.pdf,14,README.md:98; data/DATASET_DONE.json:11; data/DATASET_DONE.json:19; data/DATASET_DONE.json:35; data/DATASET_DONE.json:36; data/DATASET_DONE.json:41; data/DATASET_DONE.json:43; data/DATASET_DONE.json:57; data/DATASET_DONE.json:59; data/DATASET_DONE.json:81; data/DATASET_DONE.json:89; data/DATASET_DONE.json:91; data/DATASET_DONE.json:97; data/DATASET_DONE.json:105
3099,95,95,face-level benchmark scorer. The right column reports the mean and p_95,20,README.md:24; README.md:36; data/DATASET_DONE.json:107; data/DATASET_DONE.json:115; data/DATASET_DONE.json:177; data/DATASET_DONE.json:225; data/DATASET_DONE.json:273; data/DATASET_DONE.json:403; data/DATASET_DONE.json:545; data/DATASET_DONE.json:561; data/DATASET_DONE.json:601; data/DATASET_DONE.json:699; data/DATASET_DONE.json:713; data/DATASET_DONE.json:739; data/DATASET_DONE.json:755; data/DATASET_DONE.json:764; data/DATASET_DONE.json:923; data/DATASET_DONE.json:1043; data/DATASET_DONE.json:1065; data/DATASET_DONE.json:1297
3118,024,024,"LAMM , the localized neural 3DMM editor whose",13,data/DATASET_DONE.json:569; data/DATASET_DONE.json:723; data/DATASET_DONE.json:3841; data/manifest.json:647; data/manifest.json:4328; splits/facescape_847/split_manifest.json:11185; splits/facescape_847/split_manifest.json:12909; splits/facescape_847/split_manifest.json:13149; splits/facescape_847/split_manifest.json:13764; splits/facescape_847/split_manifest.json:15414; splits/facescape_847/split_manifest.json:19044; splits/facescape_847/split_manifest.json:21699; tests/test_regional_analysis.py:11
3118,3,3,"LAMM , the localized neural 3DMM editor whose",18,CITATION.cff:14; README.md:5; README.md:8; README.md:55; README.md:78; README.md:94; README.md:184; data/DATASET_DONE.json:9; data/DATASET_DONE.json:25; data/DATASET_DONE.json:27; data/DATASET_DONE.json:28; data/DATASET_DONE.json:33; data/DATASET_DONE.json:35; data/DATASET_DONE.json:59; data/DATASET_DONE.json:65; data/DATASET_DONE.json:73; data/DATASET_DONE.json:75; data/DATASET_DONE.json:81
3122,9,9,"same 9\,900 pairs.",16,data/DATASET_DONE.json:9; data/DATASET_DONE.json:19; data/DATASET_DONE.json:35; data/DATASET_DONE.json:41; data/DATASET_DONE.json:49; data/DATASET_DONE.json:57; data/DATASET_DONE.json:76; data/DATASET_DONE.json:83; data/DATASET_DONE.json:97; data/DATASET_DONE.json:105; data/DATASET_DONE.json:121; data/DATASET_DONE.json:137; data/DATASET_DONE.json:139; data/DATASET_DONE.json:163; data/DATASET_DONE.json:169; data/DATASET_DONE.json:179
3122,900,900,"same 9\,900 pairs.",20,data/DATASET_DONE.json:2763; reproducibility/source_snapshots/supplemental_dominance_v1/SOURCE_MANIFEST.json:37; reproducibility/source_snapshots/supplemental_dominance_v1/SOURCE_MANIFEST.json:90; results/rbsr_final_rerun_holdout_v1/lamm/seed20260609/ae_history.json:213; results/rbsr_final_rerun_holdout_v1/lamm/seed20260609/manipulation_history.json:249; results/rbsr_final_rerun_holdout_v1/posthoc_subunit_analysis_v1/noise/STRICT_NOISE_ROBUSTNESS_EVIDENCE.json:31; results/rbsr_final_rerun_holdout_v1/posthoc_subunit_analysis_v1/noise/STRICT_NOISE_ROBUSTNESS_EVIDENCE.json:37; results/rbsr_final_rerun_holdout_v1/posthoc_subunit_analysis_v1/noise/STRICT_NOISE_ZERO_BASELINE_REPLAY_ERRATUM.json:20; results/rbsr_final_rerun_holdout_v1/posthoc_subunit_analysis_v1/noise/noise_pair_metrics_seed_averaged.csv.sha256.json:4; results/rbsr_final_rerun_holdout_v1/posthoc_subunit_analysis_v1/personalization/pair_metrics_all_variants.csv:902; results/rbsr_final_rerun_holdout_v1/posthoc_subunit_analysis_v1/personalization/pair_metrics_all_variants.csv:5732; results/rbsr_final_rerun_holdout_v1/posthoc_subunit_analysis_v1/personalization/pair_metrics_all_variants.csv:10562; results/rbsr_final_rerun_holdout_v1/posthoc_subunit_analysis_v1/personalization/pair_metrics_all_variants.csv:15392; results/supplemental_rbsr_lamm_dominance_search_v1/release_evidence/protocol/RBSR_LAMM_DOMINANCE_SEARCH_PROTOCOL_FREEZE.json:25; roi/subunits.json:4836; splits/facescape_847/split_manifest.json:13554; splits/facescape_847/split_manifest.json:13929; splits/facescape_847/split_manifest.json:15010; splits/facescape_847/split_manifest.json:15909; splits/facescape_847/split_manifest.json:22149
3125,0.9715,0.9715,LAMM attains the lowest ROI RMSE of any evaluated method (0.9715 against,0,
3126,1.0599,1.0599,"certified RB-SR's 1.0599, a +0.0884 deficit for RB-SR that the paired",0,
3126,+0.0884,+0.0884,"certified RB-SR's 1.0599, a +0.0884 deficit for RB-SR that the paired",0,
3128,9\times10^{-16},9\times10^-16,p 3.9 10^-16). On the regularity axes the ordering reverses,0,
3129,0.879\%,0.879%,just as decisively: LAMM produces 0.879\% target-relative new,0,
3130,3.9,3.9,flips---3.9 times certified RB-SR's 0.227\%---and an edge-strain p_95,2,demo/public/bundle/certified_browser.json:1; demo/public/bundle/ridge_browser.json:1
3130,0.227\%,0.227%,flips---3.9 times certified RB-SR's 0.227\%---and an edge-strain p_95,0,
3130,95,95,flips---3.9 times certified RB-SR's 0.227\%---and an edge-strain p_95,20,README.md:24; README.md:36; data/DATASET_DONE.json:107; data/DATASET_DONE.json:115; data/DATASET_DONE.json:177; data/DATASET_DONE.json:225; data/DATASET_DONE.json:273; data/DATASET_DONE.json:403; data/DATASET_DONE.json:545; data/DATASET_DONE.json:561; data/DATASET_DONE.json:601; data/DATASET_DONE.json:699; data/DATASET_DONE.json:713; data/DATASET_DONE.json:739; data/DATASET_DONE.json:755; data/DATASET_DONE.json:764; data/DATASET_DONE.json:923; data/DATASET_DONE.json:1043; data/DATASET_DONE.json:1065; data/DATASET_DONE.json:1297
3131,0.3196,0.3196,"of 0.3196 against 0.2035, both differences resolved in RB-SR's favour",1,demo/public/bundle/certified_presets.json:1
3131,0.2035,0.2035,"of 0.3196 against 0.2035, both differences resolved in RB-SR's favour",0,
3132,3\times10^{-17},3\times10^-17,under the same Holm-corrected paired procedure (p 2.3 10^-17).,0,
3136,1.27\%,1.27%,1.27\% and 1.37\% in the,0,
3136,1.37\%,1.37%,1.27\% and 1.37\% in the,1,demo/src/engine/demoEdits.js:20
3137,0.29\%,0.29%,"two alae, where certified RB-SR stays at 0.29\% and 0.38\%.",1,tests/test_rbsr_calibration.py:90
3137,0.38\%,0.38%,"two alae, where certified RB-SR stays at 0.29\% and 0.38\%.",2,demo/public/bundle/certified_presets.json:1; results/rbsr_final_rerun_holdout_v1/posthoc_subunit_analysis_v1/paired_all_methods_vs_ridge.csv:120
3139,-05,-05,accuracy--regularity position is shown in . A separate,1,demo/public/bundle/certified_browser.json:1
3161,128,128,Post-hoc capacity study: PCA-128,19,data/DATASET_DONE.json:1028; data/manifest.json:1154; data/manifest.json:1155; demo/public/bundle/manifest.json:15; demo/src/engine/certifiedLocal.js:75; demo/src/engine/certifiedLocal.js:76; demo/src/engine/certifiedLocal.js:77; demo/src/engine/certifiedLocal.js:78; demo/src/engine/certifiedLocal.js:80; demo/src/engine/certifiedLocal.js:89; demo/src/engine/certifiedLocal.js:90; demo/src/engine/certifiedLocal.js:97; demo/src/engine/certifiedLocal.js:98; demo/src/engine/certifiedLocal.js:101; demo/src/engine/certifiedLocal.js:107; demo/src/engine/certifiedLocal.js:108; demo/src/engine/certifiedLocal.js:109; demo/src/engine/certifiedLocal.js:110; demo/src/engine/certifiedLocal.js:113
3162,28,28,,20,data/DATASET_DONE.json:17; data/DATASET_DONE.json:185; data/DATASET_DONE.json:228; data/DATASET_DONE.json:241; data/DATASET_DONE.json:249; data/DATASET_DONE.json:419; data/DATASET_DONE.json:499; data/DATASET_DONE.json:1233; data/DATASET_DONE.json:1385; data/DATASET_DONE.json:1409; data/DATASET_DONE.json:1705; data/DATASET_DONE.json:1769; data/DATASET_DONE.json:1857; data/DATASET_DONE.json:2041; data/DATASET_DONE.json:2153; data/DATASET_DONE.json:2171; data/DATASET_DONE.json:2179; data/DATASET_DONE.json:2185; data/DATASET_DONE.json:2451; data/DATASET_DONE.json:2483
3167,64,64,hypotheses about capacity but cannot strengthen or replace the PCA-64 primary,19,data/DATASET_DONE.json:251; data/DATASET_DONE.json:369; data/DATASET_DONE.json:385; data/DATASET_DONE.json:516; data/DATASET_DONE.json:545; data/DATASET_DONE.json:801; data/DATASET_DONE.json:881; data/DATASET_DONE.json:955; data/DATASET_DONE.json:1025; data/DATASET_DONE.json:1563; data/DATASET_DONE.json:1579; data/DATASET_DONE.json:1619; data/DATASET_DONE.json:2129; data/DATASET_DONE.json:2203; data/DATASET_DONE.json:2403; data/DATASET_DONE.json:2457; data/DATASET_DONE.json:2961; data/DATASET_DONE.json:3129; data/DATASET_DONE.json:3225
3170,9,9,"The study holds the 9\,900 test pairs, strict scorer and LAMM outputs fixed,",16,data/DATASET_DONE.json:9; data/DATASET_DONE.json:19; data/DATASET_DONE.json:35; data/DATASET_DONE.json:41; data/DATASET_DONE.json:49; data/DATASET_DONE.json:57; data/DATASET_DONE.json:76; data/DATASET_DONE.json:83; data/DATASET_DONE.json:97; data/DATASET_DONE.json:105; data/DATASET_DONE.json:121; data/DATASET_DONE.json:137; data/DATASET_DONE.json:139; data/DATASET_DONE.json:163; data/DATASET_DONE.json:169; data/DATASET_DONE.json:179
3170,900,900,"The study holds the 9\,900 test pairs, strict scorer and LAMM outputs fixed,",20,data/DATASET_DONE.json:2763; reproducibility/source_snapshots/supplemental_dominance_v1/SOURCE_MANIFEST.json:37; reproducibility/source_snapshots/supplemental_dominance_v1/SOURCE_MANIFEST.json:90; results/rbsr_final_rerun_holdout_v1/lamm/seed20260609/ae_history.json:213; results/rbsr_final_rerun_holdout_v1/lamm/seed20260609/manipulation_history.json:249; results/rbsr_final_rerun_holdout_v1/posthoc_subunit_analysis_v1/noise/STRICT_NOISE_ROBUSTNESS_EVIDENCE.json:31; results/rbsr_final_rerun_holdout_v1/posthoc_subunit_analysis_v1/noise/STRICT_NOISE_ROBUSTNESS_EVIDENCE.json:37; results/rbsr_final_rerun_holdout_v1/posthoc_subunit_analysis_v1/noise/STRICT_NOISE_ZERO_BASELINE_REPLAY_ERRATUM.json:20; results/rbsr_final_rerun_holdout_v1/posthoc_subunit_analysis_v1/noise/noise_pair_metrics_seed_averaged.csv.sha256.json:4; results/rbsr_final_rerun_holdout_v1/posthoc_subunit_analysis_v1/personalization/pair_metrics_all_variants.csv:902; results/rbsr_final_rerun_holdout_v1/posthoc_subunit_analysis_v1/personalization/pair_metrics_all_variants.csv:5732; results/rbsr_final_rerun_holdout_v1/posthoc_subunit_analysis_v1/personalization/pair_metrics_all_variants.csv:10562; results/rbsr_final_rerun_holdout_v1/posthoc_subunit_analysis_v1/personalization/pair_metrics_all_variants.csv:15392; results/supplemental_rbsr_lamm_dominance_search_v1/release_evidence/protocol/RBSR_LAMM_DOMINANCE_SEARCH_PROTOCOL_FREEZE.json:25; roi/subunits.json:4836; splits/facescape_847/split_manifest.json:13554; splits/facescape_847/split_manifest.json:13929; splits/facescape_847/split_manifest.json:15010; splits/facescape_847/split_manifest.json:15909; splits/facescape_847/split_manifest.json:22149
3171,64,64,but changes several RB-SR components: the source basis grows from PCA-64 to,19,data/DATASET_DONE.json:251; data/DATASET_DONE.json:369; data/DATASET_DONE.json:385; data/DATASET_DONE.json:516; data/DATASET_DONE.json:545; data/DATASET_DONE.json:801; data/DATASET_DONE.json:881; data/DATASET_DONE.json:955; data/DATASET_DONE.json:1025; data/DATASET_DONE.json:1563; data/DATASET_DONE.json:1579; data/DATASET_DONE.json:1619; data/DATASET_DONE.json:2129; data/DATASET_DONE.json:2203; data/DATASET_DONE.json:2403; data/DATASET_DONE.json:2457; data/DATASET_DONE.json:2961; data/DATASET_DONE.json:3129; data/DATASET_DONE.json:3225
3172,128,128,PCA-128 with the ridge,19,data/DATASET_DONE.json:1028; data/manifest.json:1154; data/manifest.json:1155; demo/public/bundle/manifest.json:15; demo/src/engine/certifiedLocal.js:75; demo/src/engine/certifiedLocal.js:76; demo/src/engine/certifiedLocal.js:77; demo/src/engine/certifiedLocal.js:78; demo/src/engine/certifiedLocal.js:80; demo/src/engine/certifiedLocal.js:89; demo/src/engine/certifiedLocal.js:90; demo/src/engine/certifiedLocal.js:97; demo/src/engine/certifiedLocal.js:98; demo/src/engine/certifiedLocal.js:101; demo/src/engine/certifiedLocal.js:107; demo/src/engine/certifiedLocal.js:108; demo/src/engine/certifiedLocal.js:109; demo/src/engine/certifiedLocal.js:110; demo/src/engine/certifiedLocal.js:113
3173,1,1,"penalty re-selected on validation ( =1), a deterministic proposer",18,README.md:66; README.md:67; README.md:92; README.md:118; README.md:121; README.md:143; README.md:167; README.md:168; configs/reproduction.example.toml:11; data/DATASET_DONE.json:9; data/DATASET_DONE.json:11; data/DATASET_DONE.json:12; data/DATASET_DONE.json:19; data/DATASET_DONE.json:25; data/DATASET_DONE.json:27; data/DATASET_DONE.json:35; data/DATASET_DONE.json:49; data/DATASET_DONE.json:51
3175,0.9153,0.9153,"set. The resulting certified RB-SR point records ROI RMSE 0.9153, new flips",0,
3176,0.7934\%,0.7934%,0.7934\% and edge-strain p_95 0.2996---better than the LAMM on,0,
3176,95,95,0.7934\% and edge-strain p_95 0.2996---better than the LAMM on,20,README.md:24; README.md:36; data/DATASET_DONE.json:107; data/DATASET_DONE.json:115; data/DATASET_DONE.json:177; data/DATASET_DONE.json:225; data/DATASET_DONE.json:273; data/DATASET_DONE.json:403; data/DATASET_DONE.json:545; data/DATASET_DONE.json:561; data/DATASET_DONE.json:601; data/DATASET_DONE.json:699; data/DATASET_DONE.json:713; data/DATASET_DONE.json:739; data/DATASET_DONE.json:755; data/DATASET_DONE.json:764; data/DATASET_DONE.json:923; data/DATASET_DONE.json:1043; data/DATASET_DONE.json:1065; data/DATASET_DONE.json:1297
3176,0.2996,0.2996,0.7934\% and edge-strain p_95 0.2996---better than the LAMM on,1,demo/public/bundle/certified_presets.json:1
3177,0.9715,0.9715,"all three headline metrics (0.9715, 0.8787\%, 0.3196).",0,
3177,0.8787\%,0.8787%,"all three headline metrics (0.9715, 0.8787\%, 0.3196).",0,
3177,0.3196,0.3196,"all three headline metrics (0.9715, 0.8787\%, 0.3196).",1,demo/public/bundle/certified_presets.json:1
3185,128,128,the PCA-128 gate has a mean admission of only 0.0021 and no vertex exceeds,19,data/DATASET_DONE.json:1028; data/manifest.json:1154; data/manifest.json:1155; demo/public/bundle/manifest.json:15; demo/src/engine/certifiedLocal.js:75; demo/src/engine/certifiedLocal.js:76; demo/src/engine/certifiedLocal.js:77; demo/src/engine/certifiedLocal.js:78; demo/src/engine/certifiedLocal.js:80; demo/src/engine/certifiedLocal.js:89; demo/src/engine/certifiedLocal.js:90; demo/src/engine/certifiedLocal.js:97; demo/src/engine/certifiedLocal.js:98; demo/src/engine/certifiedLocal.js:101; demo/src/engine/certifiedLocal.js:107; demo/src/engine/certifiedLocal.js:108; demo/src/engine/certifiedLocal.js:109; demo/src/engine/certifiedLocal.js:110; demo/src/engine/certifiedLocal.js:113
3185,0.0021,0.0021,the PCA-128 gate has a mean admission of only 0.0021 and no vertex exceeds,4,demo/public/bundle/certified_browser.json:1; demo/public/bundle/certified_presets.json:1; demo/public/bundle/ridge_browser.json:1; docs/FINAL_EXPERIMENT_MAP.md:27
3186,0.5,0.5,0.5. The study therefore supports a capacity-oriented hypothesis: a stronger,15,demo/README.md:14; demo/public/bundle/certified_presets.json:1; demo/public/bundle/manifest.json:43; demo/public/bundle/manifest.json:339; demo/public/bundle/ridge_browser.json:1; demo/src/components/Studio3D.jsx:25; demo/src/engine/certifiedLocal.js:417; demo/src/engine/geometry.js:118; demo/verify.mjs:225; demo/verify.mjs:439; docs/FINAL_EXPERIMENT_MAP.md:27; experiments/lamm/run_lamm_facescape.py:431; reproducibility/source_snapshots/final_holdout_v1/source/experiments/lamm/run_lamm_facescape.py:431; reproducibility/source_snapshots/final_holdout_v1/source/rhinoform/baselines.py:94; reproducibility/source_snapshots/final_holdout_v1/source/rhinoform/baselines.py:95
3191,0.227\%,0.227%,the primary point's 0.227\% to 0.793\%.,0,
3191,0.793\%,0.793%,the primary point's 0.227\% to 0.793\%.,0,
3192,128,128,The PCA-128 point is thus a different position on the same accuracy--regularity,19,data/DATASET_DONE.json:1028; data/manifest.json:1154; data/manifest.json:1155; demo/public/bundle/manifest.json:15; demo/src/engine/certifiedLocal.js:75; demo/src/engine/certifiedLocal.js:76; demo/src/engine/certifiedLocal.js:77; demo/src/engine/certifiedLocal.js:78; demo/src/engine/certifiedLocal.js:80; demo/src/engine/certifiedLocal.js:89; demo/src/engine/certifiedLocal.js:90; demo/src/engine/certifiedLocal.js:97; demo/src/engine/certifiedLocal.js:98; demo/src/engine/certifiedLocal.js:101; demo/src/engine/certifiedLocal.js:107; demo/src/engine/certifiedLocal.js:108; demo/src/engine/certifiedLocal.js:109; demo/src/engine/certifiedLocal.js:110; demo/src/engine/certifiedLocal.js:113
3193,64,64,"frontier, not a free upgrade---and the primary PCA-64 configuration remains",19,data/DATASET_DONE.json:251; data/DATASET_DONE.json:369; data/DATASET_DONE.json:385; data/DATASET_DONE.json:516; data/DATASET_DONE.json:545; data/DATASET_DONE.json:801; data/DATASET_DONE.json:881; data/DATASET_DONE.json:955; data/DATASET_DONE.json:1025; data/DATASET_DONE.json:1563; data/DATASET_DONE.json:1579; data/DATASET_DONE.json:1619; data/DATASET_DONE.json:2129; data/DATASET_DONE.json:2203; data/DATASET_DONE.json:2403; data/DATASET_DONE.json:2457; data/DATASET_DONE.json:2961; data/DATASET_DONE.json:3129; data/DATASET_DONE.json:3225
3196,28,28,"metrics, is the complete presentation; a second bar-chart",20,data/DATASET_DONE.json:17; data/DATASET_DONE.json:185; data/DATASET_DONE.json:228; data/DATASET_DONE.json:241; data/DATASET_DONE.json:249; data/DATASET_DONE.json:419; data/DATASET_DONE.json:499; data/DATASET_DONE.json:1233; data/DATASET_DONE.json:1385; data/DATASET_DONE.json:1409; data/DATASET_DONE.json:1705; data/DATASET_DONE.json:1769; data/DATASET_DONE.json:1857; data/DATASET_DONE.json:2041; data/DATASET_DONE.json:2153; data/DATASET_DONE.json:2171; data/DATASET_DONE.json:2179; data/DATASET_DONE.json:2185; data/DATASET_DONE.json:2451; data/DATASET_DONE.json:2483
3200,6,6,6pt,14,.github/workflows/ci.yml:17; .github/workflows/ci.yml:20; .github/workflows/ci.yml:51; .github/workflows/ci.yml:52; THIRD_PARTY.md:26; configs/reproduction.example.toml:19; data/DATASET_DONE.json:9; data/DATASET_DONE.json:11; data/DATASET_DONE.json:25; data/DATASET_DONE.json:27; data/DATASET_DONE.json:35; data/DATASET_DONE.json:51; data/DATASET_DONE.json:52; data/DATASET_DONE.json:57
3201,128,128,Post-hoc PCA-128 capacity study on the held-out test pairs,19,data/DATASET_DONE.json:1028; data/manifest.json:1154; data/manifest.json:1155; demo/public/bundle/manifest.json:15; demo/src/engine/certifiedLocal.js:75; demo/src/engine/certifiedLocal.js:76; demo/src/engine/certifiedLocal.js:77; demo/src/engine/certifiedLocal.js:78; demo/src/engine/certifiedLocal.js:80; demo/src/engine/certifiedLocal.js:89; demo/src/engine/certifiedLocal.js:90; demo/src/engine/certifiedLocal.js:97; demo/src/engine/certifiedLocal.js:98; demo/src/engine/certifiedLocal.js:101; demo/src/engine/certifiedLocal.js:107; demo/src/engine/certifiedLocal.js:108; demo/src/engine/certifiedLocal.js:109; demo/src/engine/certifiedLocal.js:110; demo/src/engine/certifiedLocal.js:113
3202,64,64,(post-hoc evidence tier; the PCA-64 primary analysis is unchanged). The,19,data/DATASET_DONE.json:251; data/DATASET_DONE.json:369; data/DATASET_DONE.json:385; data/DATASET_DONE.json:516; data/DATASET_DONE.json:545; data/DATASET_DONE.json:801; data/DATASET_DONE.json:881; data/DATASET_DONE.json:955; data/DATASET_DONE.json:1025; data/DATASET_DONE.json:1563; data/DATASET_DONE.json:1579; data/DATASET_DONE.json:1619; data/DATASET_DONE.json:2129; data/DATASET_DONE.json:2203; data/DATASET_DONE.json:2403; data/DATASET_DONE.json:2457; data/DATASET_DONE.json:2961; data/DATASET_DONE.json:3129; data/DATASET_DONE.json:3225
3203,128,128,PCA-128 certified RB-SR point leads the LAMM on all three headline,19,data/DATASET_DONE.json:1028; data/manifest.json:1154; data/manifest.json:1155; demo/public/bundle/manifest.json:15; demo/src/engine/certifiedLocal.js:75; demo/src/engine/certifiedLocal.js:76; demo/src/engine/certifiedLocal.js:77; demo/src/engine/certifiedLocal.js:78; demo/src/engine/certifiedLocal.js:80; demo/src/engine/certifiedLocal.js:89; demo/src/engine/certifiedLocal.js:90; demo/src/engine/certifiedLocal.js:97; demo/src/engine/certifiedLocal.js:98; demo/src/engine/certifiedLocal.js:101; demo/src/engine/certifiedLocal.js:107; demo/src/engine/certifiedLocal.js:108; demo/src/engine/certifiedLocal.js:109; demo/src/engine/certifiedLocal.js:110; demo/src/engine/certifiedLocal.js:113
3204,64,64,metrics; the primary PCA-64 point is shown for reference.,19,data/DATASET_DONE.json:251; data/DATASET_DONE.json:369; data/DATASET_DONE.json:385; data/DATASET_DONE.json:516; data/DATASET_DONE.json:545; data/DATASET_DONE.json:801; data/DATASET_DONE.json:881; data/DATASET_DONE.json:955; data/DATASET_DONE.json:1025; data/DATASET_DONE.json:1563; data/DATASET_DONE.json:1579; data/DATASET_DONE.json:1619; data/DATASET_DONE.json:2129; data/DATASET_DONE.json:2203; data/DATASET_DONE.json:2403; data/DATASET_DONE.json:2457; data/DATASET_DONE.json:2961; data/DATASET_DONE.json:3129; data/DATASET_DONE.json:3225
3205,28,28,,20,data/DATASET_DONE.json:17; data/DATASET_DONE.json:185; data/DATASET_DONE.json:228; data/DATASET_DONE.json:241; data/DATASET_DONE.json:249; data/DATASET_DONE.json:419; data/DATASET_DONE.json:499; data/DATASET_DONE.json:1233; data/DATASET_DONE.json:1385; data/DATASET_DONE.json:1409; data/DATASET_DONE.json:1705; data/DATASET_DONE.json:1769; data/DATASET_DONE.json:1857; data/DATASET_DONE.json:2041; data/DATASET_DONE.json:2153; data/DATASET_DONE.json:2171; data/DATASET_DONE.json:2179; data/DATASET_DONE.json:2185; data/DATASET_DONE.json:2451; data/DATASET_DONE.json:2483
3208,95,95,"configuration ROI RMSE new-flip\,\% edge-strain p_95 \\",20,README.md:24; README.md:36; data/DATASET_DONE.json:107; data/DATASET_DONE.json:115; data/DATASET_DONE.json:177; data/DATASET_DONE.json:225; data/DATASET_DONE.json:273; data/DATASET_DONE.json:403; data/DATASET_DONE.json:545; data/DATASET_DONE.json:561; data/DATASET_DONE.json:601; data/DATASET_DONE.json:699; data/DATASET_DONE.json:713; data/DATASET_DONE.json:739; data/DATASET_DONE.json:755; data/DATASET_DONE.json:764; data/DATASET_DONE.json:923; data/DATASET_DONE.json:1043; data/DATASET_DONE.json:1065; data/DATASET_DONE.json:1297
3210,0.9715,0.9715,LAMM 0.9715 0.8787 0.3196 \\,0,
3210,0.8787,0.8787,LAMM 0.9715 0.8787 0.3196 \\,0,
3210,0.3196,0.3196,LAMM 0.9715 0.8787 0.3196 \\,1,demo/public/bundle/certified_presets.json:1
3211,128,128,PCA-128 post-hoc certified RB-SR 0.9153 0.7934 0.2996 \\,19,data/DATASET_DONE.json:1028; data/manifest.json:1154; data/manifest.json:1155; demo/public/bundle/manifest.json:15; demo/src/engine/certifiedLocal.js:75; demo/src/engine/certifiedLocal.js:76; demo/src/engine/certifiedLocal.js:77; demo/src/engine/certifiedLocal.js:78; demo/src/engine/certifiedLocal.js:80; demo/src/engine/certifiedLocal.js:89; demo/src/engine/certifiedLocal.js:90; demo/src/engine/certifiedLocal.js:97; demo/src/engine/certifiedLocal.js:98; demo/src/engine/certifiedLocal.js:101; demo/src/engine/certifiedLocal.js:107; demo/src/engine/certifiedLocal.js:108; demo/src/engine/certifiedLocal.js:109; demo/src/engine/certifiedLocal.js:110; demo/src/engine/certifiedLocal.js:113
3211,0.9153,0.9153,PCA-128 post-hoc certified RB-SR 0.9153 0.7934 0.2996 \\,0,
3211,0.7934,0.7934,PCA-128 post-hoc certified RB-SR 0.9153 0.7934 0.2996 \\,0,
3211,0.2996,0.2996,PCA-128 post-hoc certified RB-SR 0.9153 0.7934 0.2996 \\,1,demo/public/bundle/certified_presets.json:1
3212,64,64,PCA-64 primary certified RB-SR 1.0599 0.2269 0.2035 \\,19,data/DATASET_DONE.json:251; data/DATASET_DONE.json:369; data/DATASET_DONE.json:385; data/DATASET_DONE.json:516; data/DATASET_DONE.json:545; data/DATASET_DONE.json:801; data/DATASET_DONE.json:881; data/DATASET_DONE.json:955; data/DATASET_DONE.json:1025; data/DATASET_DONE.json:1563; data/DATASET_DONE.json:1579; data/DATASET_DONE.json:1619; data/DATASET_DONE.json:2129; data/DATASET_DONE.json:2203; data/DATASET_DONE.json:2403; data/DATASET_DONE.json:2457; data/DATASET_DONE.json:2961; data/DATASET_DONE.json:3129; data/DATASET_DONE.json:3225
3212,1.0599,1.0599,PCA-64 primary certified RB-SR 1.0599 0.2269 0.2035 \\,0,
3212,0.2269,0.2269,PCA-64 primary certified RB-SR 1.0599 0.2269 0.2035 \\,0,
3212,0.2035,0.2035,PCA-64 primary certified RB-SR 1.0599 0.2269 0.2035 \\,0,
3242,5,5,5pt,16,data/DATASET_DONE.json:11; data/DATASET_DONE.json:17; data/DATASET_DONE.json:25; data/DATASET_DONE.json:27; data/DATASET_DONE.json:33; data/DATASET_DONE.json:41; data/DATASET_DONE.json:43; data/DATASET_DONE.json:44; data/DATASET_DONE.json:49; data/DATASET_DONE.json:51; data/DATASET_DONE.json:59; data/DATASET_DONE.json:75; data/DATASET_DONE.json:83; data/DATASET_DONE.json:91; data/DATASET_DONE.json:113; data/DATASET_DONE.json:121
3251,1.283,1.283,LAMM 1.283 0.947 0.718 0.950 0.891 \\,0,
3251,0.947,0.947,LAMM 1.283 0.947 0.718 0.950 0.891 \\,1,demo/public/bundle/certified_presets.json:1
3251,0.718,0.718,LAMM 1.283 0.947 0.718 0.950 0.891 \\,0,
3251,0.950,0.950,LAMM 1.283 0.947 0.718 0.950 0.891 \\,0,
3251,0.891,0.891,LAMM 1.283 0.947 0.718 0.950 0.891 \\,1,demo/public/bundle/certified_presets.json:1
3252,1.379,1.379,Certified RB-SR (proposed) 1.379 0.997 0.784 1.035 1.017 \\,0,
3252,0.997,0.997,Certified RB-SR (proposed) 1.379 0.997 0.784 1.035 1.017 \\,0,
3252,0.784,0.784,Certified RB-SR (proposed) 1.379 0.997 0.784 1.035 1.017 \\,0,
3252,1.035,1.035,Certified RB-SR (proposed) 1.379 0.997 0.784 1.035 1.017 \\,0,
3252,1.017,1.017,Certified RB-SR (proposed) 1.379 0.997 0.784 1.035 1.017 \\,0,
3253,1.386,1.386,Ridge anchor 1.386 1.018 0.816 1.041 1.028 \\,0,
3253,1.018,1.018,Ridge anchor 1.386 1.018 0.816 1.041 1.028 \\,0,
3253,0.816,0.816,Ridge anchor 1.386 1.018 0.816 1.041 1.028 \\,0,
3253,1.041,1.041,Ridge anchor 1.386 1.018 0.816 1.041 1.028 \\,0,
3253,1.028,1.028,Ridge anchor 1.386 1.018 0.816 1.041 1.028 \\,0,
3254,1.728,1.728,CVAE-only 1.728 1.192 0.981 1.306 1.267 \\,0,
3254,1.192,1.192,CVAE-only 1.728 1.192 0.981 1.306 1.267 \\,0,
3254,0.981,0.981,CVAE-only 1.728 1.192 0.981 1.306 1.267 \\,0,
3254,1.306,1.306,CVAE-only 1.728 1.192 0.981 1.306 1.267 \\,0,
3254,1.267,1.267,CVAE-only 1.728 1.192 0.981 1.306 1.267 \\,1,demo/public/bundle/head_mean.json:1
3255,2.236,2.236,Laplacian 2.236 1.631 1.003 1.653 1.475 \\,0,
3255,1.631,1.631,Laplacian 2.236 1.631 1.003 1.653 1.475 \\,0,
3255,1.003,1.003,Laplacian 2.236 1.631 1.003 1.653 1.475 \\,0,
3255,1.653,1.653,Laplacian 2.236 1.631 1.003 1.653 1.475 \\,0,
3255,1.475,1.475,Laplacian 2.236 1.631 1.003 1.653 1.475 \\,0,
3256,2.373,2.373,bi-Laplacian 2.373 1.650 1.190 2.177 2.008 \\,0,
3256,1.650,1.650,bi-Laplacian 2.373 1.650 1.190 2.177 2.008 \\,0,
3256,1.190,1.190,bi-Laplacian 2.373 1.650 1.190 2.177 2.008 \\,0,
3256,2.177,2.177,bi-Laplacian 2.373 1.650 1.190 2.177 2.008 \\,0,
3256,2.008,2.008,bi-Laplacian 2.373 1.650 1.190 2.177 2.008 \\,0,
3257,2.436,2.436,ARAP 2.436 1.738 1.087 1.623 1.494 \\,0,
3257,1.738,1.738,ARAP 2.436 1.738 1.087 1.623 1.494 \\,0,
3257,1.087,1.087,ARAP 2.436 1.738 1.087 1.623 1.494 \\,0,
3257,1.623,1.623,ARAP 2.436 1.738 1.087 1.623 1.494 \\,0,
3257,1.494,1.494,ARAP 2.436 1.738 1.087 1.623 1.494 \\,0,
3268,4,4,4pt,14,README.md:98; data/DATASET_DONE.json:11; data/DATASET_DONE.json:19; data/DATASET_DONE.json:35; data/DATASET_DONE.json:36; data/DATASET_DONE.json:41; data/DATASET_DONE.json:43; data/DATASET_DONE.json:57; data/DATASET_DONE.json:59; data/DATASET_DONE.json:81; data/DATASET_DONE.json:89; data/DATASET_DONE.json:91; data/DATASET_DONE.json:97; data/DATASET_DONE.json:105
3277,0.054,0.054,ARAP 0.054 0.000 0.000 0.039 0.076 0.092 \\,1,demo/public/bundle/head_mean.json:1
3277,0.000,0.000,ARAP 0.054 0.000 0.000 0.039 0.076 0.092 \\,0,
3277,0.000,0.000,ARAP 0.054 0.000 0.000 0.039 0.076 0.092 \\,0,
3277,0.039,0.039,ARAP 0.054 0.000 0.000 0.039 0.076 0.092 \\,1,demo/public/bundle/certified_presets.json:1
3277,0.076,0.076,ARAP 0.054 0.000 0.000 0.039 0.076 0.092 \\,1,demo/public/bundle/certified_presets.json:1
3277,0.092,0.092,ARAP 0.054 0.000 0.000 0.039 0.076 0.092 \\,1,demo/public/bundle/certified_presets.json:1
3278,0.227,0.227,Certified RB-SR (proposed) 0.227 0.002 0.000 0.227 0.289 0.383 \\,0,
3278,0.002,0.002,Certified RB-SR (proposed) 0.227 0.002 0.000 0.227 0.289 0.383 \\,2,demo/public/bundle/certified_presets.json:1; demo/public/bundle/ridge_browser.json:1
3278,0.000,0.000,Certified RB-SR (proposed) 0.227 0.002 0.000 0.227 0.289 0.383 \\,0,
3278,0.227,0.227,Certified RB-SR (proposed) 0.227 0.002 0.000 0.227 0.289 0.383 \\,0,
3278,0.289,0.289,Certified RB-SR (proposed) 0.227 0.002 0.000 0.227 0.289 0.383 \\,1,demo/public/bundle/certified_presets.json:1
3278,0.383,0.383,Certified RB-SR (proposed) 0.227 0.002 0.000 0.227 0.289 0.383 \\,1,demo/public/bundle/certified_presets.json:1
3279,0.332,0.332,Ridge anchor 0.332 0.003 0.003 0.307 0.440 0.556 \\,0,
3279,0.003,0.003,Ridge anchor 0.332 0.003 0.003 0.307 0.440 0.556 \\,1,demo/public/bundle/certified_presets.json:1
3279,0.003,0.003,Ridge anchor 0.332 0.003 0.003 0.307 0.440 0.556 \\,1,demo/public/bundle/certified_presets.json:1
3279,0.307,0.307,Ridge anchor 0.332 0.003 0.003 0.307 0.440 0.556 \\,0,
3279,0.440,0.440,Ridge anchor 0.332 0.003 0.003 0.307 0.440 0.556 \\,0,
3279,0.556,0.556,Ridge anchor 0.332 0.003 0.003 0.307 0.440 0.556 \\,0,
3280,0.560,0.560,Laplacian 0.560 0.000 0.000 0.741 0.791 0.759 \\,0,
3280,0.000,0.000,Laplacian 0.560 0.000 0.000 0.741 0.791 0.759 \\,0,
3280,0.000,0.000,Laplacian 0.560 0.000 0.000 0.741 0.791 0.759 \\,0,
3280,0.741,0.741,Laplacian 0.560 0.000 0.000 0.741 0.791 0.759 \\,0,
3280,0.791,0.791,Laplacian 0.560 0.000 0.000 0.741 0.791 0.759 \\,0,
3280,0.759,0.759,Laplacian 0.560 0.000 0.000 0.741 0.791 0.759 \\,0,
3281,0.879,0.879,LAMM 0.879 0.005 0.004 0.830 1.269 1.366 \\,0,
3281,0.005,0.005,LAMM 0.879 0.005 0.004 0.830 1.269 1.366 \\,4,demo/public/bundle/certified_browser.json:1; demo/public/bundle/certified_presets.json:1; demo/public/bundle/golden_certified.json:4; demo/public/bundle/golden_upload.json:5
3281,0.004,0.004,LAMM 0.879 0.005 0.004 0.830 1.269 1.366 \\,1,demo/public/bundle/certified_presets.json:1
3281,0.830,0.830,LAMM 0.879 0.005 0.004 0.830 1.269 1.366 \\,0,
3281,1.269,1.269,LAMM 0.879 0.005 0.004 0.830 1.269 1.366 \\,0,
3281,1.366,1.366,LAMM 0.879 0.005 0.004 0.830 1.269 1.366 \\,0,
3282,1.352,1.352,CVAE-only 1.352 0.002 0.000 0.765 2.354 2.025 \\,0,
3282,0.002,0.002,CVAE-only 1.352 0.002 0.000 0.765 2.354 2.025 \\,2,demo/public/bundle/certified_presets.json:1; demo/public/bundle/ridge_browser.json:1
3282,0.000,0.000,CVAE-only 1.352 0.002 0.000 0.765 2.354 2.025 \\,0,
3282,0.765,0.765,CVAE-only 1.352 0.002 0.000 0.765 2.354 2.025 \\,1,demo/public/bundle/certified_presets.json:1
3282,2.354,2.354,CVAE-only 1.352 0.002 0.000 0.765 2.354 2.025 \\,0,
3282,2.025,2.025,CVAE-only 1.352 0.002 0.000 0.765 2.354 2.025 \\,0,
3283,1.488,1.488,bi-Laplacian 1.488 0.000 0.000 1.348 2.106 2.400 \\,0,
3283,0.000,0.000,bi-Laplacian 1.488 0.000 0.000 1.348 2.106 2.400 \\,0,
3283,0.000,0.000,bi-Laplacian 1.488 0.000 0.000 1.348 2.106 2.400 \\,0,
3283,1.348,1.348,bi-Laplacian 1.488 0.000 0.000 1.348 2.106 2.400 \\,0,
3283,2.106,2.106,bi-Laplacian 1.488 0.000 0.000 1.348 2.106 2.400 \\,0,
3283,2.400,2.400,bi-Laplacian 1.488 0.000 0.000 1.348 2.106 2.400 \\,0,
3289,10,10,rfredrawindex10,20,data/DATASET_DONE.json:84; data/DATASET_DONE.json:329; data/DATASET_DONE.json:353; data/DATASET_DONE.json:459; data/DATASET_DONE.json:1041; data/DATASET_DONE.json:1171; data/DATASET_DONE.json:1283; data/DATASET_DONE.json:1353; data/DATASET_DONE.json:1529; data/DATASET_DONE.json:1649; data/DATASET_DONE.json:1859; data/DATASET_DONE.json:1937; data/DATASET_DONE.json:2001; data/DATASET_DONE.json:2059; data/DATASET_DONE.json:2155; data/DATASET_DONE.json:2457; data/DATASET_DONE.json:2513; data/DATASET_DONE.json:2553; data/DATASET_DONE.json:2601; data/DATASET_DONE.json:2603
3290,5.8,5.8,Fig 5.8 --- Five-subunit accuracy and fold-risk matrices,1,demo/public/bundle/ridge_browser.json:1
3291,9,9,"Regional accuracy and fold risk over the 9\,900 primary pairs.",16,data/DATASET_DONE.json:9; data/DATASET_DONE.json:19; data/DATASET_DONE.json:35; data/DATASET_DONE.json:41; data/DATASET_DONE.json:49; data/DATASET_DONE.json:57; data/DATASET_DONE.json:76; data/DATASET_DONE.json:83; data/DATASET_DONE.json:97; data/DATASET_DONE.json:105; data/DATASET_DONE.json:121; data/DATASET_DONE.json:137; data/DATASET_DONE.json:139; data/DATASET_DONE.json:163; data/DATASET_DONE.json:169; data/DATASET_DONE.json:179
3291,900,900,"Regional accuracy and fold risk over the 9\,900 primary pairs.",20,data/DATASET_DONE.json:2763; reproducibility/source_snapshots/supplemental_dominance_v1/SOURCE_MANIFEST.json:37; reproducibility/source_snapshots/supplemental_dominance_v1/SOURCE_MANIFEST.json:90; results/rbsr_final_rerun_holdout_v1/lamm/seed20260609/ae_history.json:213; results/rbsr_final_rerun_holdout_v1/lamm/seed20260609/manipulation_history.json:249; results/rbsr_final_rerun_holdout_v1/posthoc_subunit_analysis_v1/noise/STRICT_NOISE_ROBUSTNESS_EVIDENCE.json:31; results/rbsr_final_rerun_holdout_v1/posthoc_subunit_analysis_v1/noise/STRICT_NOISE_ROBUSTNESS_EVIDENCE.json:37; results/rbsr_final_rerun_holdout_v1/posthoc_subunit_analysis_v1/noise/STRICT_NOISE_ZERO_BASELINE_REPLAY_ERRATUM.json:20; results/rbsr_final_rerun_holdout_v1/posthoc_subunit_analysis_v1/noise/noise_pair_metrics_seed_averaged.csv.sha256.json:4; results/rbsr_final_rerun_holdout_v1/posthoc_subunit_analysis_v1/personalization/pair_metrics_all_variants.csv:902; results/rbsr_final_rerun_holdout_v1/posthoc_subunit_analysis_v1/personalization/pair_metrics_all_variants.csv:5732; results/rbsr_final_rerun_holdout_v1/posthoc_subunit_analysis_v1/personalization/pair_metrics_all_variants.csv:10562; results/rbsr_final_rerun_holdout_v1/posthoc_subunit_analysis_v1/personalization/pair_metrics_all_variants.csv:15392; results/supplemental_rbsr_lamm_dominance_search_v1/release_evidence/protocol/RBSR_LAMM_DOMINANCE_SEARCH_PROTOCOL_FREEZE.json:25; roi/subunits.json:4836; splits/facescape_847/split_manifest.json:13554; splits/facescape_847/split_manifest.json:13929; splits/facescape_847/split_manifest.json:15010; splits/facescape_847/split_manifest.json:15909; splits/facescape_847/split_manifest.json:22149
3299,-02,-02,,0,
3300,-04,-04,,0,
3301,-05,-05,,1,demo/public/bundle/certified_browser.json:1
3308,-07,-07,compares the four methods that define the principal,10,demo/public/bundle/ridge_browser.json:1; results/rbsr_final_rerun_holdout_v1/lamm/seed20260609/manipulation_history.json:397; results/rbsr_final_rerun_holdout_v1/lamm/seed20260609/manipulation_history.json:404; results/rbsr_final_rerun_holdout_v1/posthoc_subunit_analysis_v1/noise/STRICT_NOISE_ZERO_BASELINE_REPLAY_AUDIT.json:13; results/rbsr_final_rerun_holdout_v1/posthoc_subunit_analysis_v1/noise/STRICT_NOISE_ZERO_BASELINE_REPLAY_AUDIT.json:19; results/rbsr_final_rerun_holdout_v1/posthoc_subunit_analysis_v1/paired_all_methods_vs_ridge.csv:67; results/rbsr_final_rerun_holdout_v1/posthoc_subunit_analysis_v1/personalization/PERSONALIZATION_CANONICAL_REPLAY_AUDIT.json:25; results/rbsr_final_rerun_holdout_v1/posthoc_subunit_analysis_v1/personalization/PERSONALIZATION_CANONICAL_REPLAY_TOLERANCE_ERRATUM.json:10; results/rbsr_final_rerun_holdout_v1/posthoc_subunit_analysis_v1/personalization/paired_secondary_personalization_geometry.csv:2; results/supplemental_rbsr_lamm_dominance_search_v1/release_evidence/protocol/RBSR_CALIBRATION_EXACT_CONTROL_ERRATUM.json:16
3315,11,11,rfredrawindex11,19,data/DATASET_DONE.json:11; data/DATASET_DONE.json:17; data/DATASET_DONE.json:81; data/DATASET_DONE.json:89; data/DATASET_DONE.json:92; data/DATASET_DONE.json:113; data/DATASET_DONE.json:131; data/DATASET_DONE.json:281; data/DATASET_DONE.json:289; data/DATASET_DONE.json:531; data/DATASET_DONE.json:563; data/DATASET_DONE.json:627; data/DATASET_DONE.json:715; data/DATASET_DONE.json:777; data/DATASET_DONE.json:873; data/DATASET_DONE.json:899; data/DATASET_DONE.json:953; data/DATASET_DONE.json:1051; data/DATASET_DONE.json:1409
3316,5.4,5.4,Fig 5.4 --- Four-method spatial diagnostics,0,
3318,9,9,"operating-point-defining methods over the 9\,900 primary pairs. Top:",16,data/DATASET_DONE.json:9; data/DATASET_DONE.json:19; data/DATASET_DONE.json:35; data/DATASET_DONE.json:41; data/DATASET_DONE.json:49; data/DATASET_DONE.json:57; data/DATASET_DONE.json:76; data/DATASET_DONE.json:83; data/DATASET_DONE.json:97; data/DATASET_DONE.json:105; data/DATASET_DONE.json:121; data/DATASET_DONE.json:137; data/DATASET_DONE.json:139; data/DATASET_DONE.json:163; data/DATASET_DONE.json:169; data/DATASET_DONE.json:179
3318,900,900,"operating-point-defining methods over the 9\,900 primary pairs. Top:",20,data/DATASET_DONE.json:2763; reproducibility/source_snapshots/supplemental_dominance_v1/SOURCE_MANIFEST.json:37; reproducibility/source_snapshots/supplemental_dominance_v1/SOURCE_MANIFEST.json:90; results/rbsr_final_rerun_holdout_v1/lamm/seed20260609/ae_history.json:213; results/rbsr_final_rerun_holdout_v1/lamm/seed20260609/manipulation_history.json:249; results/rbsr_final_rerun_holdout_v1/posthoc_subunit_analysis_v1/noise/STRICT_NOISE_ROBUSTNESS_EVIDENCE.json:31; results/rbsr_final_rerun_holdout_v1/posthoc_subunit_analysis_v1/noise/STRICT_NOISE_ROBUSTNESS_EVIDENCE.json:37; results/rbsr_final_rerun_holdout_v1/posthoc_subunit_analysis_v1/noise/STRICT_NOISE_ZERO_BASELINE_REPLAY_ERRATUM.json:20; results/rbsr_final_rerun_holdout_v1/posthoc_subunit_analysis_v1/noise/noise_pair_metrics_seed_averaged.csv.sha256.json:4; results/rbsr_final_rerun_holdout_v1/posthoc_subunit_analysis_v1/personalization/pair_metrics_all_variants.csv:902; results/rbsr_final_rerun_holdout_v1/posthoc_subunit_analysis_v1/personalization/pair_metrics_all_variants.csv:5732; results/rbsr_final_rerun_holdout_v1/posthoc_subunit_analysis_v1/personalization/pair_metrics_all_variants.csv:10562; results/rbsr_final_rerun_holdout_v1/posthoc_subunit_analysis_v1/personalization/pair_metrics_all_variants.csv:15392; results/supplemental_rbsr_lamm_dominance_search_v1/release_evidence/protocol/RBSR_LAMM_DOMINANCE_SEARCH_PROTOCOL_FREEZE.json:25; roi/subunits.json:4836; splits/facescape_847/split_manifest.json:13554; splits/facescape_847/split_manifest.json:13929; splits/facescape_847/split_manifest.json:15010; splits/facescape_847/split_manifest.json:15909; splits/facescape_847/split_manifest.json:22149
3325,-07,-07,,10,demo/public/bundle/ridge_browser.json:1; results/rbsr_final_rerun_holdout_v1/lamm/seed20260609/manipulation_history.json:397; results/rbsr_final_rerun_holdout_v1/lamm/seed20260609/manipulation_history.json:404; results/rbsr_final_rerun_holdout_v1/posthoc_subunit_analysis_v1/noise/STRICT_NOISE_ZERO_BASELINE_REPLAY_AUDIT.json:13; results/rbsr_final_rerun_holdout_v1/posthoc_subunit_analysis_v1/noise/STRICT_NOISE_ZERO_BASELINE_REPLAY_AUDIT.json:19; results/rbsr_final_rerun_holdout_v1/posthoc_subunit_analysis_v1/paired_all_methods_vs_ridge.csv:67; results/rbsr_final_rerun_holdout_v1/posthoc_subunit_analysis_v1/personalization/PERSONALIZATION_CANONICAL_REPLAY_AUDIT.json:25; results/rbsr_final_rerun_holdout_v1/posthoc_subunit_analysis_v1/personalization/PERSONALIZATION_CANONICAL_REPLAY_TOLERANCE_ERRATUM.json:10; results/rbsr_final_rerun_holdout_v1/posthoc_subunit_analysis_v1/personalization/paired_secondary_personalization_geometry.csv:2; results/supplemental_rbsr_lamm_dominance_search_v1/release_evidence/protocol/RBSR_CALIBRATION_EXACT_CONTROL_ERRATUM.json:16
3331,10,10,"median-RMSE pair, pairs near the 10th and 90th percentile of control",20,data/DATASET_DONE.json:84; data/DATASET_DONE.json:329; data/DATASET_DONE.json:353; data/DATASET_DONE.json:459; data/DATASET_DONE.json:1041; data/DATASET_DONE.json:1171; data/DATASET_DONE.json:1283; data/DATASET_DONE.json:1353; data/DATASET_DONE.json:1529; data/DATASET_DONE.json:1649; data/DATASET_DONE.json:1859; data/DATASET_DONE.json:1937; data/DATASET_DONE.json:2001; data/DATASET_DONE.json:2059; data/DATASET_DONE.json:2155; data/DATASET_DONE.json:2457; data/DATASET_DONE.json:2513; data/DATASET_DONE.json:2553; data/DATASET_DONE.json:2601; data/DATASET_DONE.json:2603
3331,90,90,"median-RMSE pair, pairs near the 10th and 90th percentile of control",20,data/DATASET_DONE.json:51; data/DATASET_DONE.json:73; data/DATASET_DONE.json:83; data/DATASET_DONE.json:169; data/DATASET_DONE.json:313; data/DATASET_DONE.json:331; data/DATASET_DONE.json:489; data/DATASET_DONE.json:523; data/DATASET_DONE.json:547; data/DATASET_DONE.json:579; data/DATASET_DONE.json:724; data/DATASET_DONE.json:857; data/DATASET_DONE.json:889; data/DATASET_DONE.json:929; data/DATASET_DONE.json:1163; data/DATASET_DONE.json:1187; data/DATASET_DONE.json:1225; data/DATASET_DONE.json:1371; data/DATASET_DONE.json:1403; data/DATASET_DONE.json:1697
3345,12,12,rfredrawindex12,19,data/DATASET_DONE.json:9; data/DATASET_DONE.json:81; data/DATASET_DONE.json:100; data/DATASET_DONE.json:115; data/DATASET_DONE.json:187; data/DATASET_DONE.json:251; data/DATASET_DONE.json:273; data/DATASET_DONE.json:409; data/DATASET_DONE.json:417; data/DATASET_DONE.json:483; data/DATASET_DONE.json:571; data/DATASET_DONE.json:625; data/DATASET_DONE.json:667; data/DATASET_DONE.json:1673; data/DATASET_DONE.json:1689; data/DATASET_DONE.json:1771; data/DATASET_DONE.json:1851; data/DATASET_DONE.json:1865; data/DATASET_DONE.json:2105
3346,5.10,5.10,Fig 5.10 --- Deterministic qualitative extremes,0,
3359,2,2,pathway. The Stage 2 validation sweep supports one conclusion: the useful,16,README.md:4; README.md:93; data/DATASET_DONE.json:9; data/DATASET_DONE.json:11; data/DATASET_DONE.json:19; data/DATASET_DONE.json:20; data/DATASET_DONE.json:25; data/DATASET_DONE.json:35; data/DATASET_DONE.json:41; data/DATASET_DONE.json:49; data/DATASET_DONE.json:57; data/DATASET_DONE.json:59; data/DATASET_DONE.json:65; data/DATASET_DONE.json:83; data/DATASET_DONE.json:107; data/DATASET_DONE.json:113
3369,1,1,matched/mean/shuffled source-code ablation in Stage 1. This is evidence of,18,README.md:66; README.md:67; README.md:92; README.md:118; README.md:121; README.md:143; README.md:167; README.md:168; configs/reproduction.example.toml:11; data/DATASET_DONE.json:9; data/DATASET_DONE.json:11; data/DATASET_DONE.json:12; data/DATASET_DONE.json:19; data/DATASET_DONE.json:25; data/DATASET_DONE.json:27; data/DATASET_DONE.json:35; data/DATASET_DONE.json:49; data/DATASET_DONE.json:51
3375,0.90,0.90,figures/eval_review_v3/eval_07_personalisation_scatter_review_v1.pdf,4,tests/test_rbsr_calibration.py:51; tests/test_rbsr_calibration.py:76; tests/test_rbsr_calibration.py:88; tests/test_rbsr_calibration.py:185
3375,7,7,figures/eval_review_v3/eval_07_personalisation_scatter_review_v1.pdf,15,data/DATASET_DONE.json:9; data/DATASET_DONE.json:11; data/DATASET_DONE.json:17; data/DATASET_DONE.json:19; data/DATASET_DONE.json:25; data/DATASET_DONE.json:27; data/DATASET_DONE.json:41; data/DATASET_DONE.json:49; data/DATASET_DONE.json:51; data/DATASET_DONE.json:57; data/DATASET_DONE.json:60; data/DATASET_DONE.json:65; data/DATASET_DONE.json:81; data/DATASET_DONE.json:91; data/DATASET_DONE.json:99
3395,3,3,Where that correction is admitted anatomically is shown by the Stage 3,18,CITATION.cff:14; README.md:5; README.md:8; README.md:55; README.md:78; README.md:94; README.md:184; data/DATASET_DONE.json:9; data/DATASET_DONE.json:25; data/DATASET_DONE.json:27; data/DATASET_DONE.json:28; data/DATASET_DONE.json:33; data/DATASET_DONE.json:35; data/DATASET_DONE.json:59; data/DATASET_DONE.json:65; data/DATASET_DONE.json:73; data/DATASET_DONE.json:75; data/DATASET_DONE.json:81
3416,-05,-05,"places the proposed method, its matched Ridge reference and",1,demo/public/bundle/certified_browser.json:1
3419,4,4,"spatial gate in Chapter 4, not a separate benchmark competitor.",14,README.md:98; data/DATASET_DONE.json:11; data/DATASET_DONE.json:19; data/DATASET_DONE.json:35; data/DATASET_DONE.json:36; data/DATASET_DONE.json:41; data/DATASET_DONE.json:43; data/DATASET_DONE.json:57; data/DATASET_DONE.json:59; data/DATASET_DONE.json:81; data/DATASET_DONE.json:89; data/DATASET_DONE.json:91; data/DATASET_DONE.json:97; data/DATASET_DONE.json:105
3422,9\%,9%,and certified RB-SR occupies a balanced frontier position---within 9\% of,16,data/DATASET_DONE.json:9; data/DATASET_DONE.json:19; data/DATASET_DONE.json:35; data/DATASET_DONE.json:41; data/DATASET_DONE.json:49; data/DATASET_DONE.json:57; data/DATASET_DONE.json:76; data/DATASET_DONE.json:83; data/DATASET_DONE.json:97; data/DATASET_DONE.json:105; data/DATASET_DONE.json:121; data/DATASET_DONE.json:137; data/DATASET_DONE.json:139; data/DATASET_DONE.json:163; data/DATASET_DONE.json:169; data/DATASET_DONE.json:179
3431,13,13,rfredrawindex13,20,data/DATASET_DONE.json:19; data/DATASET_DONE.json:105; data/DATASET_DONE.json:108; data/DATASET_DONE.json:179; data/DATASET_DONE.json:417; data/DATASET_DONE.json:507; data/DATASET_DONE.json:539; data/DATASET_DONE.json:691; data/DATASET_DONE.json:833; data/DATASET_DONE.json:1081; data/DATASET_DONE.json:1193; data/DATASET_DONE.json:1257; data/DATASET_DONE.json:1307; data/DATASET_DONE.json:1339; data/DATASET_DONE.json:1355; data/DATASET_DONE.json:1521; data/DATASET_DONE.json:1611; data/DATASET_DONE.json:1801; data/DATASET_DONE.json:2025; data/DATASET_DONE.json:2083
3432,5.2,5.2,Fig 5.2 --- Accuracy--regularity operating points,0,
3433,9,9,"Accuracy--regularity operating points over the 9\,900 primary",16,data/DATASET_DONE.json:9; data/DATASET_DONE.json:19; data/DATASET_DONE.json:35; data/DATASET_DONE.json:41; data/DATASET_DONE.json:49; data/DATASET_DONE.json:57; data/DATASET_DONE.json:76; data/DATASET_DONE.json:83; data/DATASET_DONE.json:97; data/DATASET_DONE.json:105; data/DATASET_DONE.json:121; data/DATASET_DONE.json:137; data/DATASET_DONE.json:139; data/DATASET_DONE.json:163; data/DATASET_DONE.json:169; data/DATASET_DONE.json:179
3433,900,900,"Accuracy--regularity operating points over the 9\,900 primary",20,data/DATASET_DONE.json:2763; reproducibility/source_snapshots/supplemental_dominance_v1/SOURCE_MANIFEST.json:37; reproducibility/source_snapshots/supplemental_dominance_v1/SOURCE_MANIFEST.json:90; results/rbsr_final_rerun_holdout_v1/lamm/seed20260609/ae_history.json:213; results/rbsr_final_rerun_holdout_v1/lamm/seed20260609/manipulation_history.json:249; results/rbsr_final_rerun_holdout_v1/posthoc_subunit_analysis_v1/noise/STRICT_NOISE_ROBUSTNESS_EVIDENCE.json:31; results/rbsr_final_rerun_holdout_v1/posthoc_subunit_analysis_v1/noise/STRICT_NOISE_ROBUSTNESS_EVIDENCE.json:37; results/rbsr_final_rerun_holdout_v1/posthoc_subunit_analysis_v1/noise/STRICT_NOISE_ZERO_BASELINE_REPLAY_ERRATUM.json:20; results/rbsr_final_rerun_holdout_v1/posthoc_subunit_analysis_v1/noise/noise_pair_metrics_seed_averaged.csv.sha256.json:4; results/rbsr_final_rerun_holdout_v1/posthoc_subunit_analysis_v1/personalization/pair_metrics_all_variants.csv:902; results/rbsr_final_rerun_holdout_v1/posthoc_subunit_analysis_v1/personalization/pair_metrics_all_variants.csv:5732; results/rbsr_final_rerun_holdout_v1/posthoc_subunit_analysis_v1/personalization/pair_metrics_all_variants.csv:10562; results/rbsr_final_rerun_holdout_v1/posthoc_subunit_analysis_v1/personalization/pair_metrics_all_variants.csv:15392; results/supplemental_rbsr_lamm_dominance_search_v1/release_evidence/protocol/RBSR_LAMM_DOMINANCE_SEARCH_PROTOCOL_FREEZE.json:25; roi/subunits.json:4836; splits/facescape_847/split_manifest.json:13554; splits/facescape_847/split_manifest.json:13929; splits/facescape_847/split_manifest.json:15010; splits/facescape_847/split_manifest.json:15909; splits/facescape_847/split_manifest.json:22149
3436,95,95,"p_95. LAMM is the accuracy endpoint, ARAP the regularity endpoint, and",20,README.md:24; README.md:36; data/DATASET_DONE.json:107; data/DATASET_DONE.json:115; data/DATASET_DONE.json:177; data/DATASET_DONE.json:225; data/DATASET_DONE.json:273; data/DATASET_DONE.json:403; data/DATASET_DONE.json:545; data/DATASET_DONE.json:561; data/DATASET_DONE.json:601; data/DATASET_DONE.json:699; data/DATASET_DONE.json:713; data/DATASET_DONE.json:739; data/DATASET_DONE.json:755; data/DATASET_DONE.json:764; data/DATASET_DONE.json:923; data/DATASET_DONE.json:1043; data/DATASET_DONE.json:1065; data/DATASET_DONE.json:1297
3439,-05,-05,,1,demo/public/bundle/certified_browser.json:1
3448,0,0,"the nine controls with shared seeded Gaussian draws at levels 0, 0.25, 0.5",17,.github/workflows/ci.yml:19; .github/workflows/ci.yml:60; CITATION.cff:1; CITATION.cff:10; data/DATASET_DONE.json:11; data/DATASET_DONE.json:19; data/DATASET_DONE.json:25; data/DATASET_DONE.json:27; data/DATASET_DONE.json:41; data/DATASET_DONE.json:49; data/DATASET_DONE.json:51; data/DATASET_DONE.json:59; data/DATASET_DONE.json:65; data/DATASET_DONE.json:83; data/DATASET_DONE.json:91; data/DATASET_DONE.json:97; data/DATASET_DONE.json:105
3448,0.25,0.25,"the nine controls with shared seeded Gaussian draws at levels 0, 0.25, 0.5",15,demo/public/bundle/certified_presets.json:1; demo/public/bundle/golden_cases.json:362; experiments/lamm/README.md:31; experiments/lamm/run_lamm_facescape.py:440; experiments/lamm/run_lamm_facescape.py:441; experiments/lamm/run_lamm_facescape.py:648; experiments/lamm/run_lamm_facescape.py:1094; experiments/lamm/run_lamm_facescape.py:1140; reproducibility/source_snapshots/final_holdout_v1/source/experiments/lamm/run_lamm_facescape.py:440; reproducibility/source_snapshots/final_holdout_v1/source/experiments/lamm/run_lamm_facescape.py:441; reproducibility/source_snapshots/final_holdout_v1/source/experiments/lamm/run_lamm_facescape.py:648; reproducibility/source_snapshots/final_holdout_v1/source/experiments/lamm/run_lamm_facescape.py:1094; reproducibility/source_snapshots/final_holdout_v1/source/experiments/lamm/run_lamm_facescape.py:1140; reproducibility/source_snapshots/final_holdout_v1/source/rhinoform/train.py:723; reproducibility/source_snapshots/final_holdout_v1/source/rhinoform/train.py:937
3448,0.5,0.5,"the nine controls with shared seeded Gaussian draws at levels 0, 0.25, 0.5",15,demo/README.md:14; demo/public/bundle/certified_presets.json:1; demo/public/bundle/manifest.json:43; demo/public/bundle/manifest.json:339; demo/public/bundle/ridge_browser.json:1; demo/src/components/Studio3D.jsx:25; demo/src/engine/certifiedLocal.js:417; demo/src/engine/geometry.js:118; demo/verify.mjs:225; demo/verify.mjs:439; docs/FINAL_EXPERIMENT_MAP.md:27; experiments/lamm/run_lamm_facescape.py:431; reproducibility/source_snapshots/final_holdout_v1/source/experiments/lamm/run_lamm_facescape.py:431; reproducibility/source_snapshots/final_holdout_v1/source/rhinoform/baselines.py:94; reproducibility/source_snapshots/final_holdout_v1/source/rhinoform/baselines.py:95
3449,1.0,1.0,"and 1.0 (three seeds, identical draws for every method),",20,CITATION.cff:10; demo/package-lock.json:78; demo/package-lock.json:94; demo/package-lock.json:110; demo/package-lock.json:126; demo/package-lock.json:142; demo/package-lock.json:158; demo/package-lock.json:174; demo/package-lock.json:190; demo/package-lock.json:206; demo/package-lock.json:222; demo/package-lock.json:238; demo/package-lock.json:254; demo/package-lock.json:270; demo/package-lock.json:288; demo/package-lock.json:304; demo/package-lock.json:320; demo/package-lock.json:341; demo/package-lock.json:348; demo/package-lock.json:735
3450,4,4,"evaluates the 4\,830 validation pairs, and averages within pair before",14,README.md:98; data/DATASET_DONE.json:11; data/DATASET_DONE.json:19; data/DATASET_DONE.json:35; data/DATASET_DONE.json:36; data/DATASET_DONE.json:41; data/DATASET_DONE.json:43; data/DATASET_DONE.json:57; data/DATASET_DONE.json:59; data/DATASET_DONE.json:81; data/DATASET_DONE.json:89; data/DATASET_DONE.json:91; data/DATASET_DONE.json:97; data/DATASET_DONE.json:105
3450,830,830,"evaluates the 4\,830 validation pairs, and averages within pair before",20,data/DATASET_DONE.json:185; data/DATASET_DONE.json:299; data/DATASET_DONE.json:1097; data/DATASET_DONE.json:1809; data/DATASET_DONE.json:2441; data/DATASET_DONE.json:3531; data/DATASET_DONE.json:4353; data/DATASET_DONE.json:6395; data/DATASET_DONE.json:6563; data/DATASET_DONE.json:6644; data/manifest.json:215; data/manifest.json:1241; data/manifest.json:2042; data/manifest.json:2753; data/manifest.json:4904; data/manifest.json:7472; data/manifest.json:7473; reproducibility/source_snapshots/posthoc_subunits_v1/SOURCE_MANIFEST.json:16; results/rbsr_final_rerun_holdout_v1/FINAL_RESULT_FREEZE_AUDIT.json.sha256.json:4; results/rbsr_final_rerun_holdout_v1/RESULT_TREE_MANIFEST.json:37
3458,1.0160,1.0160,"(1.0160 vs.\ certified RB-SR's 1.1123 on the validation pairs), but it",0,
3458,1.1123,1.1123,"(1.0160 vs.\ certified RB-SR's 1.1123 on the validation pairs), but it",0,
3459,0.5,0.5,degrades along the steepest slope of the study: by 0.5 noise units certified,15,demo/README.md:14; demo/public/bundle/certified_presets.json:1; demo/public/bundle/manifest.json:43; demo/public/bundle/manifest.json:339; demo/public/bundle/ridge_browser.json:1; demo/src/components/Studio3D.jsx:25; demo/src/engine/certifiedLocal.js:417; demo/src/engine/geometry.js:118; demo/verify.mjs:225; demo/verify.mjs:439; docs/FINAL_EXPERIMENT_MAP.md:27; experiments/lamm/run_lamm_facescape.py:431; reproducibility/source_snapshots/final_holdout_v1/source/experiments/lamm/run_lamm_facescape.py:431; reproducibility/source_snapshots/final_holdout_v1/source/rhinoform/baselines.py:94; reproducibility/source_snapshots/final_holdout_v1/source/rhinoform/baselines.py:95
3460,1.1873,1.1873,"RB-SR has already overtaken it (1.1873 vs.\ 1.2348), and at 1.0 the gap",0,
3460,1.2348,1.2348,"RB-SR has already overtaken it (1.1873 vs.\ 1.2348), and at 1.0 the gap",0,
3460,1.0,1.0,"RB-SR has already overtaken it (1.1873 vs.\ 1.2348), and at 1.0 the gap",20,CITATION.cff:10; demo/package-lock.json:78; demo/package-lock.json:94; demo/package-lock.json:110; demo/package-lock.json:126; demo/package-lock.json:142; demo/package-lock.json:158; demo/package-lock.json:174; demo/package-lock.json:190; demo/package-lock.json:206; demo/package-lock.json:222; demo/package-lock.json:238; demo/package-lock.json:254; demo/package-lock.json:270; demo/package-lock.json:288; demo/package-lock.json:304; demo/package-lock.json:320; demo/package-lock.json:341; demo/package-lock.json:348; demo/package-lock.json:735
3461,1.3710,1.3710,"widens to 1.3710 vs.\ 1.5938. Its flip incidence grows in parallel, from",0,
3461,1.5938,1.5938,"widens to 1.3710 vs.\ 1.5938. Its flip incidence grows in parallel, from",0,
3462,0.856\%,0.856%,0.856\% to 1.478\%. LAMM's accuracy lead persists at 0.25 noise but is,0,
3462,1.478\%,1.478%,0.856\% to 1.478\%. LAMM's accuracy lead persists at 0.25 noise but is,0,
3462,0.25,0.25,0.856\% to 1.478\%. LAMM's accuracy lead persists at 0.25 noise but is,15,demo/public/bundle/certified_presets.json:1; demo/public/bundle/golden_cases.json:362; experiments/lamm/README.md:31; experiments/lamm/run_lamm_facescape.py:440; experiments/lamm/run_lamm_facescape.py:441; experiments/lamm/run_lamm_facescape.py:648; experiments/lamm/run_lamm_facescape.py:1094; experiments/lamm/run_lamm_facescape.py:1140; reproducibility/source_snapshots/final_holdout_v1/source/experiments/lamm/run_lamm_facescape.py:440; reproducibility/source_snapshots/final_holdout_v1/source/experiments/lamm/run_lamm_facescape.py:441; reproducibility/source_snapshots/final_holdout_v1/source/experiments/lamm/run_lamm_facescape.py:648; reproducibility/source_snapshots/final_holdout_v1/source/experiments/lamm/run_lamm_facescape.py:1094; reproducibility/source_snapshots/final_holdout_v1/source/experiments/lamm/run_lamm_facescape.py:1140; reproducibility/source_snapshots/final_holdout_v1/source/rhinoform/train.py:723; reproducibility/source_snapshots/final_holdout_v1/source/rhinoform/train.py:937
3463,0.5,0.5,"lost by the 0.5 perturbation level, a relevant sensitivity for imperfect or",15,demo/README.md:14; demo/public/bundle/certified_presets.json:1; demo/public/bundle/manifest.json:43; demo/public/bundle/manifest.json:339; demo/public/bundle/ridge_browser.json:1; demo/src/components/Studio3D.jsx:25; demo/src/engine/certifiedLocal.js:417; demo/src/engine/geometry.js:118; demo/verify.mjs:225; demo/verify.mjs:439; docs/FINAL_EXPERIMENT_MAP.md:27; experiments/lamm/run_lamm_facescape.py:431; reproducibility/source_snapshots/final_holdout_v1/source/experiments/lamm/run_lamm_facescape.py:431; reproducibility/source_snapshots/final_holdout_v1/source/rhinoform/baselines.py:94; reproducibility/source_snapshots/final_holdout_v1/source/rhinoform/baselines.py:95
3466,0,0,"grows. Certified RB-SR remains below its own anchor at 0 and 0.25, and",17,.github/workflows/ci.yml:19; .github/workflows/ci.yml:60; CITATION.cff:1; CITATION.cff:10; data/DATASET_DONE.json:11; data/DATASET_DONE.json:19; data/DATASET_DONE.json:25; data/DATASET_DONE.json:27; data/DATASET_DONE.json:41; data/DATASET_DONE.json:49; data/DATASET_DONE.json:51; data/DATASET_DONE.json:59; data/DATASET_DONE.json:65; data/DATASET_DONE.json:83; data/DATASET_DONE.json:91; data/DATASET_DONE.json:97; data/DATASET_DONE.json:105
3466,0.25,0.25,"grows. Certified RB-SR remains below its own anchor at 0 and 0.25, and",15,demo/public/bundle/certified_presets.json:1; demo/public/bundle/golden_cases.json:362; experiments/lamm/README.md:31; experiments/lamm/run_lamm_facescape.py:440; experiments/lamm/run_lamm_facescape.py:441; experiments/lamm/run_lamm_facescape.py:648; experiments/lamm/run_lamm_facescape.py:1094; experiments/lamm/run_lamm_facescape.py:1140; reproducibility/source_snapshots/final_holdout_v1/source/experiments/lamm/run_lamm_facescape.py:440; reproducibility/source_snapshots/final_holdout_v1/source/experiments/lamm/run_lamm_facescape.py:441; reproducibility/source_snapshots/final_holdout_v1/source/experiments/lamm/run_lamm_facescape.py:648; reproducibility/source_snapshots/final_holdout_v1/source/experiments/lamm/run_lamm_facescape.py:1094; reproducibility/source_snapshots/final_holdout_v1/source/experiments/lamm/run_lamm_facescape.py:1140; reproducibility/source_snapshots/final_holdout_v1/source/rhinoform/train.py:723; reproducibility/source_snapshots/final_holdout_v1/source/rhinoform/train.py:937
3467,0.25,0.25,the two curves cross between 0.25 and 0.5 (1.1873 vs.\ the anchor's,15,demo/public/bundle/certified_presets.json:1; demo/public/bundle/golden_cases.json:362; experiments/lamm/README.md:31; experiments/lamm/run_lamm_facescape.py:440; experiments/lamm/run_lamm_facescape.py:441; experiments/lamm/run_lamm_facescape.py:648; experiments/lamm/run_lamm_facescape.py:1094; experiments/lamm/run_lamm_facescape.py:1140; reproducibility/source_snapshots/final_holdout_v1/source/experiments/lamm/run_lamm_facescape.py:440; reproducibility/source_snapshots/final_holdout_v1/source/experiments/lamm/run_lamm_facescape.py:441; reproducibility/source_snapshots/final_holdout_v1/source/experiments/lamm/run_lamm_facescape.py:648; reproducibility/source_snapshots/final_holdout_v1/source/experiments/lamm/run_lamm_facescape.py:1094; reproducibility/source_snapshots/final_holdout_v1/source/experiments/lamm/run_lamm_facescape.py:1140; reproducibility/source_snapshots/final_holdout_v1/source/rhinoform/train.py:723; reproducibility/source_snapshots/final_holdout_v1/source/rhinoform/train.py:937
3467,0.5,0.5,the two curves cross between 0.25 and 0.5 (1.1873 vs.\ the anchor's,15,demo/README.md:14; demo/public/bundle/certified_presets.json:1; demo/public/bundle/manifest.json:43; demo/public/bundle/manifest.json:339; demo/public/bundle/ridge_browser.json:1; demo/src/components/Studio3D.jsx:25; demo/src/engine/certifiedLocal.js:417; demo/src/engine/geometry.js:118; demo/verify.mjs:225; demo/verify.mjs:439; docs/FINAL_EXPERIMENT_MAP.md:27; experiments/lamm/run_lamm_facescape.py:431; reproducibility/source_snapshots/final_holdout_v1/source/experiments/lamm/run_lamm_facescape.py:431; reproducibility/source_snapshots/final_holdout_v1/source/rhinoform/baselines.py:94; reproducibility/source_snapshots/final_holdout_v1/source/rhinoform/baselines.py:95
3467,1.1873,1.1873,the two curves cross between 0.25 and 0.5 (1.1873 vs.\ the anchor's,0,
3468,1.1838,1.1838,1.1838): the learned correction that helps on clean controls is not robust,0,
3472,0.054,0.054,"every level (0.054\! \!0.292\%) while remaining the least accurate,",1,demo/public/bundle/head_mean.json:1
3472,0.292\%,0.292%,"every level (0.054\! \!0.292\%) while remaining the least accurate,",1,demo/public/bundle/certified_presets.json:1
3477,14,14,rfredrawindex14,20,README.md:118; data/DATASET_DONE.json:25; data/DATASET_DONE.json:116; data/DATASET_DONE.json:139; data/DATASET_DONE.json:339; data/DATASET_DONE.json:395; data/DATASET_DONE.json:545; data/DATASET_DONE.json:563; data/DATASET_DONE.json:593; data/DATASET_DONE.json:667; data/DATASET_DONE.json:723; data/DATASET_DONE.json:787; data/DATASET_DONE.json:811; data/DATASET_DONE.json:867; data/DATASET_DONE.json:945; data/DATASET_DONE.json:1123; data/DATASET_DONE.json:1355; data/DATASET_DONE.json:1555; data/DATASET_DONE.json:1777; data/DATASET_DONE.json:1817
3478,5.9,5.9,Fig 5.9 --- Control-noise sensitivity,0,
3479,4,4,"Control-noise sensitivity on 4\,830 validation pairs under",14,README.md:98; data/DATASET_DONE.json:11; data/DATASET_DONE.json:19; data/DATASET_DONE.json:35; data/DATASET_DONE.json:36; data/DATASET_DONE.json:41; data/DATASET_DONE.json:43; data/DATASET_DONE.json:57; data/DATASET_DONE.json:59; data/DATASET_DONE.json:81; data/DATASET_DONE.json:89; data/DATASET_DONE.json:91; data/DATASET_DONE.json:97; data/DATASET_DONE.json:105
3479,830,830,"Control-noise sensitivity on 4\,830 validation pairs under",20,data/DATASET_DONE.json:185; data/DATASET_DONE.json:299; data/DATASET_DONE.json:1097; data/DATASET_DONE.json:1809; data/DATASET_DONE.json:2441; data/DATASET_DONE.json:3531; data/DATASET_DONE.json:4353; data/DATASET_DONE.json:6395; data/DATASET_DONE.json:6563; data/DATASET_DONE.json:6644; data/manifest.json:215; data/manifest.json:1241; data/manifest.json:2042; data/manifest.json:2753; data/manifest.json:4904; data/manifest.json:7472; data/manifest.json:7473; reproducibility/source_snapshots/posthoc_subunits_v1/SOURCE_MANIFEST.json:16; results/rbsr_final_rerun_holdout_v1/FINAL_RESULT_FREEZE_AUDIT.json.sha256.json:4; results/rbsr_final_rerun_holdout_v1/RESULT_TREE_MANIFEST.json:37
3481,95,95,(c) Edge-strain p_95. LAMM leads on clean controls but is overtaken by,20,README.md:24; README.md:36; data/DATASET_DONE.json:107; data/DATASET_DONE.json:115; data/DATASET_DONE.json:177; data/DATASET_DONE.json:225; data/DATASET_DONE.json:273; data/DATASET_DONE.json:403; data/DATASET_DONE.json:545; data/DATASET_DONE.json:561; data/DATASET_DONE.json:601; data/DATASET_DONE.json:699; data/DATASET_DONE.json:713; data/DATASET_DONE.json:739; data/DATASET_DONE.json:755; data/DATASET_DONE.json:764; data/DATASET_DONE.json:923; data/DATASET_DONE.json:1043; data/DATASET_DONE.json:1065; data/DATASET_DONE.json:1297
3482,0.5,0.5,certified RB-SR at noise level 0.5; the RB-SR and Ridge curves cross,15,demo/README.md:14; demo/public/bundle/certified_presets.json:1; demo/public/bundle/manifest.json:43; demo/public/bundle/manifest.json:339; demo/public/bundle/ridge_browser.json:1; demo/src/components/Studio3D.jsx:25; demo/src/engine/certifiedLocal.js:417; demo/src/engine/geometry.js:118; demo/verify.mjs:225; demo/verify.mjs:439; docs/FINAL_EXPERIMENT_MAP.md:27; experiments/lamm/run_lamm_facescape.py:431; reproducibility/source_snapshots/final_holdout_v1/source/experiments/lamm/run_lamm_facescape.py:431; reproducibility/source_snapshots/final_holdout_v1/source/rhinoform/baselines.py:94; reproducibility/source_snapshots/final_holdout_v1/source/rhinoform/baselines.py:95
3483,0.25,0.25,"between 0.25 and 0.5, while ARAP retains the lowest flip rate.",15,demo/public/bundle/certified_presets.json:1; demo/public/bundle/golden_cases.json:362; experiments/lamm/README.md:31; experiments/lamm/run_lamm_facescape.py:440; experiments/lamm/run_lamm_facescape.py:441; experiments/lamm/run_lamm_facescape.py:648; experiments/lamm/run_lamm_facescape.py:1094; experiments/lamm/run_lamm_facescape.py:1140; reproducibility/source_snapshots/final_holdout_v1/source/experiments/lamm/run_lamm_facescape.py:440; reproducibility/source_snapshots/final_holdout_v1/source/experiments/lamm/run_lamm_facescape.py:441; reproducibility/source_snapshots/final_holdout_v1/source/experiments/lamm/run_lamm_facescape.py:648; reproducibility/source_snapshots/final_holdout_v1/source/experiments/lamm/run_lamm_facescape.py:1094; reproducibility/source_snapshots/final_holdout_v1/source/experiments/lamm/run_lamm_facescape.py:1140; reproducibility/source_snapshots/final_holdout_v1/source/rhinoform/train.py:723; reproducibility/source_snapshots/final_holdout_v1/source/rhinoform/train.py:937
3483,0.5,0.5,"between 0.25 and 0.5, while ARAP retains the lowest flip rate.",15,demo/README.md:14; demo/public/bundle/certified_presets.json:1; demo/public/bundle/manifest.json:43; demo/public/bundle/manifest.json:339; demo/public/bundle/ridge_browser.json:1; demo/src/components/Studio3D.jsx:25; demo/src/engine/certifiedLocal.js:417; demo/src/engine/geometry.js:118; demo/verify.mjs:225; demo/verify.mjs:439; docs/FINAL_EXPERIMENT_MAP.md:27; experiments/lamm/run_lamm_facescape.py:431; reproducibility/source_snapshots/final_holdout_v1/source/experiments/lamm/run_lamm_facescape.py:431; reproducibility/source_snapshots/final_holdout_v1/source/rhinoform/baselines.py:94; reproducibility/source_snapshots/final_holdout_v1/source/rhinoform/baselines.py:95
3487,5,5,5pt,16,data/DATASET_DONE.json:11; data/DATASET_DONE.json:17; data/DATASET_DONE.json:25; data/DATASET_DONE.json:27; data/DATASET_DONE.json:33; data/DATASET_DONE.json:41; data/DATASET_DONE.json:43; data/DATASET_DONE.json:44; data/DATASET_DONE.json:49; data/DATASET_DONE.json:51; data/DATASET_DONE.json:59; data/DATASET_DONE.json:75; data/DATASET_DONE.json:83; data/DATASET_DONE.json:91; data/DATASET_DONE.json:113; data/DATASET_DONE.json:121
3489,4,4,"seeds, 4\,830 pairs, within-pair mean before summary; post-hoc diagnostic",14,README.md:98; data/DATASET_DONE.json:11; data/DATASET_DONE.json:19; data/DATASET_DONE.json:35; data/DATASET_DONE.json:36; data/DATASET_DONE.json:41; data/DATASET_DONE.json:43; data/DATASET_DONE.json:57; data/DATASET_DONE.json:59; data/DATASET_DONE.json:81; data/DATASET_DONE.json:89; data/DATASET_DONE.json:91; data/DATASET_DONE.json:97; data/DATASET_DONE.json:105
3489,830,830,"seeds, 4\,830 pairs, within-pair mean before summary; post-hoc diagnostic",20,data/DATASET_DONE.json:185; data/DATASET_DONE.json:299; data/DATASET_DONE.json:1097; data/DATASET_DONE.json:1809; data/DATASET_DONE.json:2441; data/DATASET_DONE.json:3531; data/DATASET_DONE.json:4353; data/DATASET_DONE.json:6395; data/DATASET_DONE.json:6563; data/DATASET_DONE.json:6644; data/manifest.json:215; data/manifest.json:1241; data/manifest.json:2042; data/manifest.json:2753; data/manifest.json:4904; data/manifest.json:7472; data/manifest.json:7473; reproducibility/source_snapshots/posthoc_subunits_v1/SOURCE_MANIFEST.json:16; results/rbsr_final_rerun_holdout_v1/FINAL_RESULT_FREEZE_AUDIT.json.sha256.json:4; results/rbsr_final_rerun_holdout_v1/RESULT_TREE_MANIFEST.json:37
3495,4,4,"4cROI RMSE 4cnew-flip\,\% \\",14,README.md:98; data/DATASET_DONE.json:11; data/DATASET_DONE.json:19; data/DATASET_DONE.json:35; data/DATASET_DONE.json:36; data/DATASET_DONE.json:41; data/DATASET_DONE.json:43; data/DATASET_DONE.json:57; data/DATASET_DONE.json:59; data/DATASET_DONE.json:81; data/DATASET_DONE.json:89; data/DATASET_DONE.json:91; data/DATASET_DONE.json:97; data/DATASET_DONE.json:105
3495,4,4,"4cROI RMSE 4cnew-flip\,\% \\",14,README.md:98; data/DATASET_DONE.json:11; data/DATASET_DONE.json:19; data/DATASET_DONE.json:35; data/DATASET_DONE.json:36; data/DATASET_DONE.json:41; data/DATASET_DONE.json:43; data/DATASET_DONE.json:57; data/DATASET_DONE.json:59; data/DATASET_DONE.json:81; data/DATASET_DONE.json:89; data/DATASET_DONE.json:91; data/DATASET_DONE.json:97; data/DATASET_DONE.json:105
3496,2,2,(lr)2-5 (lr)6-9,16,README.md:4; README.md:93; data/DATASET_DONE.json:9; data/DATASET_DONE.json:11; data/DATASET_DONE.json:19; data/DATASET_DONE.json:20; data/DATASET_DONE.json:25; data/DATASET_DONE.json:35; data/DATASET_DONE.json:41; data/DATASET_DONE.json:49; data/DATASET_DONE.json:57; data/DATASET_DONE.json:59; data/DATASET_DONE.json:65; data/DATASET_DONE.json:83; data/DATASET_DONE.json:107; data/DATASET_DONE.json:113
3496,-5,-5,(lr)2-5 (lr)6-9,19,demo/package-lock.json:192; demo/package-lock.json:389; demo/public/bundle/certified_presets.json:1; demo/public/bundle/ridge_browser.json:1; demo/src/engine/certifiedLocal.js:45; experiments/lamm/run_lamm_facescape.py:1009; reproducibility/source_snapshots/final_holdout_v1/source/experiments/lamm/run_lamm_facescape.py:1009; reproducibility/source_snapshots/posthoc_subunits_v1/source/experiments/lamm/run_lamm_facescape.py:1009; reproducibility/source_snapshots/posthoc_subunits_v1/source/scripts/evaluation/posthoc_qualitative_cases.py:296; reproducibility/source_snapshots/posthoc_subunits_v1/source/scripts/evaluation/posthoc_strict_noise_robustness.py:124; reproducibility/source_snapshots/posthoc_subunits_v1/source/scripts/evaluation/posthoc_subunit_analysis.py:481; reproducibility/source_snapshots/supplemental_dominance_v1/source_corrected/scripts/evaluation/rbsr_gate_calibration.py:242; reproducibility/source_snapshots/supplemental_dominance_v1/source_pre_erratum/scripts/evaluation/rbsr_gate_calibration.py:236; results/rbsr_final_rerun_holdout_v1/posthoc_subunit_analysis_v1/noise/STRICT_NOISE_ZERO_BASELINE_REPLAY_ERRATUM.json:19; results/rbsr_final_rerun_holdout_v1/posthoc_subunit_analysis_v1/personalization/PERSONALIZATION_CANONICAL_REPLAY_TOLERANCE_ERRATUM.json:4; scripts/evaluation/posthoc_personalization_resume_erratum.py:40; scripts/evaluation/posthoc_personalization_resume_erratum.py:63; scripts/evaluation/posthoc_personalization_resume_erratum.py:98; scripts/evaluation/posthoc_qualitative_cases.py:296
3496,6,6,(lr)2-5 (lr)6-9,14,.github/workflows/ci.yml:17; .github/workflows/ci.yml:20; .github/workflows/ci.yml:51; .github/workflows/ci.yml:52; THIRD_PARTY.md:26; configs/reproduction.example.toml:19; data/DATASET_DONE.json:9; data/DATASET_DONE.json:11; data/DATASET_DONE.json:25; data/DATASET_DONE.json:27; data/DATASET_DONE.json:35; data/DATASET_DONE.json:51; data/DATASET_DONE.json:52; data/DATASET_DONE.json:57
3496,-9,-9,(lr)2-5 (lr)6-9,14,demo/package-lock.json:112; demo/public/bundle/certified_presets.json:1; demo/public/bundle/ridge_browser.json:1; demo/verify.mjs:247; demo/verify.mjs:294; demo/verify.mjs:295; reproducibility/source_snapshots/final_holdout_v1/source/rhinoform/safe_fusion.py:528; reproducibility/source_snapshots/final_holdout_v1/source/rhinoform/safe_fusion.py:570; reproducibility/source_snapshots/final_holdout_v1/source/rhinoform/safe_fusion.py:572; reproducibility/source_snapshots/final_holdout_v1/source/rhinoform/safe_fusion.py:591; reproducibility/source_snapshots/final_holdout_v1/source/rhinoform/safe_fusion.py:592; reproducibility/source_snapshots/posthoc_subunits_v1/source/rhinoform/safe_fusion.py:528; reproducibility/source_snapshots/posthoc_subunits_v1/source/rhinoform/safe_fusion.py:570; reproducibility/source_snapshots/posthoc_subunits_v1/source/rhinoform/safe_fusion.py:572
3497,0,0,method 0 0.25 0.5 1.0 0 0.25 0.5 1.0 \\,17,.github/workflows/ci.yml:19; .github/workflows/ci.yml:60; CITATION.cff:1; CITATION.cff:10; data/DATASET_DONE.json:11; data/DATASET_DONE.json:19; data/DATASET_DONE.json:25; data/DATASET_DONE.json:27; data/DATASET_DONE.json:41; data/DATASET_DONE.json:49; data/DATASET_DONE.json:51; data/DATASET_DONE.json:59; data/DATASET_DONE.json:65; data/DATASET_DONE.json:83; data/DATASET_DONE.json:91; data/DATASET_DONE.json:97; data/DATASET_DONE.json:105
3497,0.25,0.25,method 0 0.25 0.5 1.0 0 0.25 0.5 1.0 \\,15,demo/public/bundle/certified_presets.json:1; demo/public/bundle/golden_cases.json:362; experiments/lamm/README.md:31; experiments/lamm/run_lamm_facescape.py:440; experiments/lamm/run_lamm_facescape.py:441; experiments/lamm/run_lamm_facescape.py:648; experiments/lamm/run_lamm_facescape.py:1094; experiments/lamm/run_lamm_facescape.py:1140; reproducibility/source_snapshots/final_holdout_v1/source/experiments/lamm/run_lamm_facescape.py:440; reproducibility/source_snapshots/final_holdout_v1/source/experiments/lamm/run_lamm_facescape.py:441; reproducibility/source_snapshots/final_holdout_v1/source/experiments/lamm/run_lamm_facescape.py:648; reproducibility/source_snapshots/final_holdout_v1/source/experiments/lamm/run_lamm_facescape.py:1094; reproducibility/source_snapshots/final_holdout_v1/source/experiments/lamm/run_lamm_facescape.py:1140; reproducibility/source_snapshots/final_holdout_v1/source/rhinoform/train.py:723; reproducibility/source_snapshots/final_holdout_v1/source/rhinoform/train.py:937
3497,0.5,0.5,method 0 0.25 0.5 1.0 0 0.25 0.5 1.0 \\,15,demo/README.md:14; demo/public/bundle/certified_presets.json:1; demo/public/bundle/manifest.json:43; demo/public/bundle/manifest.json:339; demo/public/bundle/ridge_browser.json:1; demo/src/components/Studio3D.jsx:25; demo/src/engine/certifiedLocal.js:417; demo/src/engine/geometry.js:118; demo/verify.mjs:225; demo/verify.mjs:439; docs/FINAL_EXPERIMENT_MAP.md:27; experiments/lamm/run_lamm_facescape.py:431; reproducibility/source_snapshots/final_holdout_v1/source/experiments/lamm/run_lamm_facescape.py:431; reproducibility/source_snapshots/final_holdout_v1/source/rhinoform/baselines.py:94; reproducibility/source_snapshots/final_holdout_v1/source/rhinoform/baselines.py:95
3497,1.0,1.0,method 0 0.25 0.5 1.0 0 0.25 0.5 1.0 \\,20,CITATION.cff:10; demo/package-lock.json:78; demo/package-lock.json:94; demo/package-lock.json:110; demo/package-lock.json:126; demo/package-lock.json:142; demo/package-lock.json:158; demo/package-lock.json:174; demo/package-lock.json:190; demo/package-lock.json:206; demo/package-lock.json:222; demo/package-lock.json:238; demo/package-lock.json:254; demo/package-lock.json:270; demo/package-lock.json:288; demo/package-lock.json:304; demo/package-lock.json:320; demo/package-lock.json:341; demo/package-lock.json:348; demo/package-lock.json:735
3497,0,0,method 0 0.25 0.5 1.0 0 0.25 0.5 1.0 \\,17,.github/workflows/ci.yml:19; .github/workflows/ci.yml:60; CITATION.cff:1; CITATION.cff:10; data/DATASET_DONE.json:11; data/DATASET_DONE.json:19; data/DATASET_DONE.json:25; data/DATASET_DONE.json:27; data/DATASET_DONE.json:41; data/DATASET_DONE.json:49; data/DATASET_DONE.json:51; data/DATASET_DONE.json:59; data/DATASET_DONE.json:65; data/DATASET_DONE.json:83; data/DATASET_DONE.json:91; data/DATASET_DONE.json:97; data/DATASET_DONE.json:105
3497,0.25,0.25,method 0 0.25 0.5 1.0 0 0.25 0.5 1.0 \\,15,demo/public/bundle/certified_presets.json:1; demo/public/bundle/golden_cases.json:362; experiments/lamm/README.md:31; experiments/lamm/run_lamm_facescape.py:440; experiments/lamm/run_lamm_facescape.py:441; experiments/lamm/run_lamm_facescape.py:648; experiments/lamm/run_lamm_facescape.py:1094; experiments/lamm/run_lamm_facescape.py:1140; reproducibility/source_snapshots/final_holdout_v1/source/experiments/lamm/run_lamm_facescape.py:440; reproducibility/source_snapshots/final_holdout_v1/source/experiments/lamm/run_lamm_facescape.py:441; reproducibility/source_snapshots/final_holdout_v1/source/experiments/lamm/run_lamm_facescape.py:648; reproducibility/source_snapshots/final_holdout_v1/source/experiments/lamm/run_lamm_facescape.py:1094; reproducibility/source_snapshots/final_holdout_v1/source/experiments/lamm/run_lamm_facescape.py:1140; reproducibility/source_snapshots/final_holdout_v1/source/rhinoform/train.py:723; reproducibility/source_snapshots/final_holdout_v1/source/rhinoform/train.py:937
3497,0.5,0.5,method 0 0.25 0.5 1.0 0 0.25 0.5 1.0 \\,15,demo/README.md:14; demo/public/bundle/certified_presets.json:1; demo/public/bundle/manifest.json:43; demo/public/bundle/manifest.json:339; demo/public/bundle/ridge_browser.json:1; demo/src/components/Studio3D.jsx:25; demo/src/engine/certifiedLocal.js:417; demo/src/engine/geometry.js:118; demo/verify.mjs:225; demo/verify.mjs:439; docs/FINAL_EXPERIMENT_MAP.md:27; experiments/lamm/run_lamm_facescape.py:431; reproducibility/source_snapshots/final_holdout_v1/source/experiments/lamm/run_lamm_facescape.py:431; reproducibility/source_snapshots/final_holdout_v1/source/rhinoform/baselines.py:94; reproducibility/source_snapshots/final_holdout_v1/source/rhinoform/baselines.py:95
3497,1.0,1.0,method 0 0.25 0.5 1.0 0 0.25 0.5 1.0 \\,20,CITATION.cff:10; demo/package-lock.json:78; demo/package-lock.json:94; demo/package-lock.json:110; demo/package-lock.json:126; demo/package-lock.json:142; demo/package-lock.json:158; demo/package-lock.json:174; demo/package-lock.json:190; demo/package-lock.json:206; demo/package-lock.json:222; demo/package-lock.json:238; demo/package-lock.json:254; demo/package-lock.json:270; demo/package-lock.json:288; demo/package-lock.json:304; demo/package-lock.json:320; demo/package-lock.json:341; demo/package-lock.json:348; demo/package-lock.json:735
3499,1.1123,1.1123,Certified RB-SR (proposed) 1.1123 1.1320 1.1873 1.3710 0.251 0.266 0.306 0.453 \\,0,
3499,1.1320,1.1320,Certified RB-SR (proposed) 1.1123 1.1320 1.1873 1.3710 0.251 0.266 0.306 0.453 \\,0,
3499,1.1873,1.1873,Certified RB-SR (proposed) 1.1123 1.1320 1.1873 1.3710 0.251 0.266 0.306 0.453 \\,0,
3499,1.3710,1.3710,Certified RB-SR (proposed) 1.1123 1.1320 1.1873 1.3710 0.251 0.266 0.306 0.453 \\,0,
3499,0.251,0.251,Certified RB-SR (proposed) 1.1123 1.1320 1.1873 1.3710 0.251 0.266 0.306 0.453 \\,1,demo/public/bundle/certified_presets.json:1
3499,0.266,0.266,Certified RB-SR (proposed) 1.1123 1.1320 1.1873 1.3710 0.251 0.266 0.306 0.453 \\,0,
3499,0.306,0.306,Certified RB-SR (proposed) 1.1123 1.1320 1.1873 1.3710 0.251 0.266 0.306 0.453 \\,1,demo/public/bundle/certified_presets.json:1
3499,0.453,0.453,Certified RB-SR (proposed) 1.1123 1.1320 1.1873 1.3710 0.251 0.266 0.306 0.453 \\,1,demo/public/bundle/certified_presets.json:1
3500,1.1249,1.1249,\;\;ridge anchor (ref.) 1.1249 1.1400 1.1838 1.3429 0.354 0.369 0.414 0.580 \\,0,
3500,1.1400,1.1400,\;\;ridge anchor (ref.) 1.1249 1.1400 1.1838 1.3429 0.354 0.369 0.414 0.580 \\,0,
3500,1.1838,1.1838,\;\;ridge anchor (ref.) 1.1249 1.1400 1.1838 1.3429 0.354 0.369 0.414 0.580 \\,0,
3500,1.3429,1.3429,\;\;ridge anchor (ref.) 1.1249 1.1400 1.1838 1.3429 0.354 0.369 0.414 0.580 \\,0,
3500,0.354,0.354,\;\;ridge anchor (ref.) 1.1249 1.1400 1.1838 1.3429 0.354 0.369 0.414 0.580 \\,0,
3500,0.369,0.369,\;\;ridge anchor (ref.) 1.1249 1.1400 1.1838 1.3429 0.354 0.369 0.414 0.580 \\,1,demo/public/bundle/certified_presets.json:1
3500,0.414,0.414,\;\;ridge anchor (ref.) 1.1249 1.1400 1.1838 1.3429 0.354 0.369 0.414 0.580 \\,0,
3500,0.580,0.580,\;\;ridge anchor (ref.) 1.1249 1.1400 1.1838 1.3429 0.354 0.369 0.414 0.580 \\,0,
3501,1.0160,1.0160,LAMM 1.0160 1.0812 1.2348 1.5938 0.856 0.905 1.041 1.478 \\,0,
3501,1.0812,1.0812,LAMM 1.0160 1.0812 1.2348 1.5938 0.856 0.905 1.041 1.478 \\,0,
3501,1.2348,1.2348,LAMM 1.0160 1.0812 1.2348 1.5938 0.856 0.905 1.041 1.478 \\,0,
3501,1.5938,1.5938,LAMM 1.0160 1.0812 1.2348 1.5938 0.856 0.905 1.041 1.478 \\,0,
3501,0.856,0.856,LAMM 1.0160 1.0812 1.2348 1.5938 0.856 0.905 1.041 1.478 \\,0,
3501,0.905,0.905,LAMM 1.0160 1.0812 1.2348 1.5938 0.856 0.905 1.041 1.478 \\,0,
3501,1.041,1.041,LAMM 1.0160 1.0812 1.2348 1.5938 0.856 0.905 1.041 1.478 \\,0,
3501,1.478,1.478,LAMM 1.0160 1.0812 1.2348 1.5938 0.856 0.905 1.041 1.478 \\,0,
3502,1.8070,1.8070,ARAP 1.8070 1.8300 1.8964 2.1389 0.054 0.078 0.128 0.292 \\,0,
3502,1.8300,1.8300,ARAP 1.8070 1.8300 1.8964 2.1389 0.054 0.078 0.128 0.292 \\,0,
3502,1.8964,1.8964,ARAP 1.8070 1.8300 1.8964 2.1389 0.054 0.078 0.128 0.292 \\,0,
3502,2.1389,2.1389,ARAP 1.8070 1.8300 1.8964 2.1389 0.054 0.078 0.128 0.292 \\,0,
3502,0.054,0.054,ARAP 1.8070 1.8300 1.8964 2.1389 0.054 0.078 0.128 0.292 \\,1,demo/public/bundle/head_mean.json:1
3502,0.078,0.078,ARAP 1.8070 1.8300 1.8964 2.1389 0.054 0.078 0.128 0.292 \\,3,demo/public/bundle/certified_presets.json:1; demo/public/bundle/head_mean.json:1; demo/public/bundle/ridge_browser.json:1
3502,0.128,0.128,ARAP 1.8070 1.8300 1.8964 2.1389 0.054 0.078 0.128 0.292 \\,1,demo/public/bundle/certified_presets.json:1
3502,0.292,0.292,ARAP 1.8070 1.8300 1.8964 2.1389 0.054 0.078 0.128 0.292 \\,1,demo/public/bundle/certified_presets.json:1
3513,4,4,4pt,14,README.md:98; data/DATASET_DONE.json:11; data/DATASET_DONE.json:19; data/DATASET_DONE.json:35; data/DATASET_DONE.json:36; data/DATASET_DONE.json:41; data/DATASET_DONE.json:43; data/DATASET_DONE.json:57; data/DATASET_DONE.json:59; data/DATASET_DONE.json:81; data/DATASET_DONE.json:89; data/DATASET_DONE.json:91; data/DATASET_DONE.json:97; data/DATASET_DONE.json:105
3516,0.24,0.24,tabularp0.24 p0.36 p0.30,0,
3516,0.36,0.36,tabularp0.24 p0.36 p0.30,0,
3516,0.30,0.30,tabularp0.24 p0.36 p0.30,4,demo/README.md:29; tests/test_rbsr_calibration.py:48; tests/test_rbsr_calibration.py:53; tests/test_rbsr_calibration.py:181
3532,3,3,The admission boundary is supported at two levels. The Stage 3 validation,18,CITATION.cff:14; README.md:5; README.md:8; README.md:55; README.md:78; README.md:94; README.md:184; data/DATASET_DONE.json:9; data/DATASET_DONE.json:25; data/DATASET_DONE.json:27; data/DATASET_DONE.json:28; data/DATASET_DONE.json:33; data/DATASET_DONE.json:35; data/DATASET_DONE.json:59; data/DATASET_DONE.json:65; data/DATASET_DONE.json:73; data/DATASET_DONE.json:75; data/DATASET_DONE.json:81
3534,4,4,orientation budget. Stage 4 therefore gives the boundary its structural form:,14,README.md:98; data/DATASET_DONE.json:11; data/DATASET_DONE.json:19; data/DATASET_DONE.json:35; data/DATASET_DONE.json:36; data/DATASET_DONE.json:41; data/DATASET_DONE.json:43; data/DATASET_DONE.json:57; data/DATASET_DONE.json:59; data/DATASET_DONE.json:81; data/DATASET_DONE.json:89; data/DATASET_DONE.json:91; data/DATASET_DONE.json:97; data/DATASET_DONE.json:105
3536,9,9,", which held on all 9\,900 test pairs at",16,data/DATASET_DONE.json:9; data/DATASET_DONE.json:19; data/DATASET_DONE.json:35; data/DATASET_DONE.json:41; data/DATASET_DONE.json:49; data/DATASET_DONE.json:57; data/DATASET_DONE.json:76; data/DATASET_DONE.json:83; data/DATASET_DONE.json:97; data/DATASET_DONE.json:105; data/DATASET_DONE.json:121; data/DATASET_DONE.json:137; data/DATASET_DONE.json:139; data/DATASET_DONE.json:163; data/DATASET_DONE.json:169; data/DATASET_DONE.json:179
3536,900,900,", which held on all 9\,900 test pairs at",20,data/DATASET_DONE.json:2763; reproducibility/source_snapshots/supplemental_dominance_v1/SOURCE_MANIFEST.json:37; reproducibility/source_snapshots/supplemental_dominance_v1/SOURCE_MANIFEST.json:90; results/rbsr_final_rerun_holdout_v1/lamm/seed20260609/ae_history.json:213; results/rbsr_final_rerun_holdout_v1/lamm/seed20260609/manipulation_history.json:249; results/rbsr_final_rerun_holdout_v1/posthoc_subunit_analysis_v1/noise/STRICT_NOISE_ROBUSTNESS_EVIDENCE.json:31; results/rbsr_final_rerun_holdout_v1/posthoc_subunit_analysis_v1/noise/STRICT_NOISE_ROBUSTNESS_EVIDENCE.json:37; results/rbsr_final_rerun_holdout_v1/posthoc_subunit_analysis_v1/noise/STRICT_NOISE_ZERO_BASELINE_REPLAY_ERRATUM.json:20; results/rbsr_final_rerun_holdout_v1/posthoc_subunit_analysis_v1/noise/noise_pair_metrics_seed_averaged.csv.sha256.json:4; results/rbsr_final_rerun_holdout_v1/posthoc_subunit_analysis_v1/personalization/pair_metrics_all_variants.csv:902; results/rbsr_final_rerun_holdout_v1/posthoc_subunit_analysis_v1/personalization/pair_metrics_all_variants.csv:5732; results/rbsr_final_rerun_holdout_v1/posthoc_subunit_analysis_v1/personalization/pair_metrics_all_variants.csv:10562; results/rbsr_final_rerun_holdout_v1/posthoc_subunit_analysis_v1/personalization/pair_metrics_all_variants.csv:15392; results/supplemental_rbsr_lamm_dominance_search_v1/release_evidence/protocol/RBSR_LAMM_DOMINANCE_SEARCH_PROTOCOL_FREEZE.json:25; roi/subunits.json:4836; splits/facescape_847/split_manifest.json:13554; splits/facescape_847/split_manifest.json:13929; splits/facescape_847/split_manifest.json:15010; splits/facescape_847/split_manifest.json:15909; splits/facescape_847/split_manifest.json:22149
3537,99.2\%,99.2%,99.2\% mean residual retention. The,0,
3572,4,4,4pt,14,README.md:98; data/DATASET_DONE.json:11; data/DATASET_DONE.json:19; data/DATASET_DONE.json:35; data/DATASET_DONE.json:36; data/DATASET_DONE.json:41; data/DATASET_DONE.json:43; data/DATASET_DONE.json:57; data/DATASET_DONE.json:59; data/DATASET_DONE.json:81; data/DATASET_DONE.json:89; data/DATASET_DONE.json:91; data/DATASET_DONE.json:97; data/DATASET_DONE.json:105
3577,0.23,0.23,tabular> p0.23,1,results/rbsr_final_rerun_holdout_v1/posthoc_subunit_analysis_v1/paired_all_methods_vs_ridge.csv:38
3578,0.29,0.29,> p0.29,1,tests/test_rbsr_calibration.py:90
3579,0.38,0.38,> p0.38,2,demo/public/bundle/certified_presets.json:1; results/rbsr_final_rerun_holdout_v1/posthoc_subunit_analysis_v1/paired_all_methods_vs_ridge.csv:120
3586,95,95,Edge-strain p_95 Geometric stretch Descriptive runtime read-out; it does not itself trigger scale-back or withholding. \\,20,README.md:24; README.md:36; data/DATASET_DONE.json:107; data/DATASET_DONE.json:115; data/DATASET_DONE.json:177; data/DATASET_DONE.json:225; data/DATASET_DONE.json:273; data/DATASET_DONE.json:403; data/DATASET_DONE.json:545; data/DATASET_DONE.json:561; data/DATASET_DONE.json:601; data/DATASET_DONE.json:699; data/DATASET_DONE.json:713; data/DATASET_DONE.json:739; data/DATASET_DONE.json:755; data/DATASET_DONE.json:764; data/DATASET_DONE.json:923; data/DATASET_DONE.json:1043; data/DATASET_DONE.json:1065; data/DATASET_DONE.json:1297
3606,51,51,"reference goldens. The battery produces 51 PASS checks, covering the",19,data/DATASET_DONE.json:57; data/DATASET_DONE.json:123; data/DATASET_DONE.json:297; data/DATASET_DONE.json:321; data/DATASET_DONE.json:329; data/DATASET_DONE.json:403; data/DATASET_DONE.json:412; data/DATASET_DONE.json:539; data/DATASET_DONE.json:595; data/DATASET_DONE.json:873; data/DATASET_DONE.json:985; data/DATASET_DONE.json:1051; data/DATASET_DONE.json:1105; data/DATASET_DONE.json:1563; data/DATASET_DONE.json:1825; data/DATASET_DONE.json:2043; data/DATASET_DONE.json:2073; data/DATASET_DONE.json:2115; data/DATASET_DONE.json:2153
3612,5.41\times10^{-7},5.41\times10^-7,"5.41 10^-7 model units, numerical-precision distance rather than",0,
3633,4,4,4pt,14,README.md:98; data/DATASET_DONE.json:11; data/DATASET_DONE.json:19; data/DATASET_DONE.json:35; data/DATASET_DONE.json:36; data/DATASET_DONE.json:41; data/DATASET_DONE.json:43; data/DATASET_DONE.json:57; data/DATASET_DONE.json:59; data/DATASET_DONE.json:81; data/DATASET_DONE.json:89; data/DATASET_DONE.json:91; data/DATASET_DONE.json:97; data/DATASET_DONE.json:105
3639,0.36,0.36,tabularp0.36 p0.56,0,
3639,0.56,0.56,tabularp0.36 p0.56,0,
3644,62,62,"Neural-field (CVAE) parameters 62,371 (no sub-unit features; CVAE package) \\",20,data/DATASET_DONE.json:43; data/DATASET_DONE.json:121; data/DATASET_DONE.json:147; data/DATASET_DONE.json:211; data/DATASET_DONE.json:243; data/DATASET_DONE.json:500; data/DATASET_DONE.json:665; data/DATASET_DONE.json:705; data/DATASET_DONE.json:843; data/DATASET_DONE.json:907; data/DATASET_DONE.json:1115; data/DATASET_DONE.json:1153; data/DATASET_DONE.json:1435; data/DATASET_DONE.json:1457; data/DATASET_DONE.json:1585; data/DATASET_DONE.json:1723; data/DATASET_DONE.json:1857; data/DATASET_DONE.json:1873; data/DATASET_DONE.json:1929; data/DATASET_DONE.json:1931
3644,371,371,"Neural-field (CVAE) parameters 62,371 (no sub-unit features; CVAE package) \\",20,data/DATASET_DONE.json:2057; data/DATASET_DONE.json:2843; data/DATASET_DONE.json:2972; data/DATASET_DONE.json:3075; data/DATASET_DONE.json:3897; data/DATASET_DONE.json:4811; data/DATASET_DONE.json:4891; data/manifest.json:2321; data/manifest.json:3341; data/manifest.json:3342; data/manifest.json:4391; results/rbsr_final_rerun_holdout_v1/RESULT_TREE_MANIFEST.json:137; results/rbsr_final_rerun_holdout_v1/posthoc_subunit_analysis_v1/personalization/pair_metrics_all_variants.csv:373; results/rbsr_final_rerun_holdout_v1/posthoc_subunit_analysis_v1/personalization/pair_metrics_all_variants.csv:5203; results/rbsr_final_rerun_holdout_v1/posthoc_subunit_analysis_v1/personalization/pair_metrics_all_variants.csv:10033; results/rbsr_final_rerun_holdout_v1/posthoc_subunit_analysis_v1/personalization/pair_metrics_all_variants.csv:14863; results/rbsr_final_rerun_holdout_v1/protocol/final_rerun_holdout_split_manifest.json:446; results/rbsr_final_rerun_holdout_v1/protocol/final_rerun_holdout_train_pairs.json:231; results/rbsr_final_rerun_holdout_v1/protocol/final_rerun_holdout_train_pairs.json:1494; results/rbsr_final_rerun_holdout_v1/protocol/final_rerun_holdout_train_pairs.json:2843
3645,180,180,"Training cost CVAE: 180 epochs, batch 16, AdamW lr 10^-3; RB-SR gate: 152.9\,s wall-clock for the full 80-epoch run (elapsed\_sec in rbsr\_gate\_training.json) \\",20,data/DATASET_DONE.json:307; data/DATASET_DONE.json:1444; data/DATASET_DONE.json:2185; data/manifest.json:1622; data/manifest.json:1623; data/manifest.json:2465; reproducibility/source_snapshots/final_holdout_v1/source/rhinoform/train.py:706; reproducibility/source_snapshots/posthoc_subunits_v1/source/rhinoform/train.py:706; reproducibility/source_snapshots/supplemental_dominance_v1/source_corrected/rhinoform/train.py:706; reproducibility/source_snapshots/supplemental_dominance_v1/source_pre_erratum/rhinoform/train.py:706; results/rbsr_final_rerun_holdout_v1/posthoc_subunit_analysis_v1/noise/STRICT_NOISE_ROBUSTNESS_EVIDENCE.json:33; results/rbsr_final_rerun_holdout_v1/posthoc_subunit_analysis_v1/noise/noise_vs_clean_paired_statistics.csv.sha256.json:4; results/rbsr_final_rerun_holdout_v1/posthoc_subunit_analysis_v1/personalization/pair_metrics_all_variants.csv:182; results/rbsr_final_rerun_holdout_v1/posthoc_subunit_analysis_v1/personalization/pair_metrics_all_variants.csv:5012; results/rbsr_final_rerun_holdout_v1/posthoc_subunit_analysis_v1/personalization/pair_metrics_all_variants.csv:9842; results/rbsr_final_rerun_holdout_v1/posthoc_subunit_analysis_v1/personalization/pair_metrics_all_variants.csv:14672; results/rbsr_final_rerun_holdout_v1/protocol/FINAL_RERUN_HOLDOUT_POLICY_FREEZE.json:27; results/rbsr_final_rerun_holdout_v1/protocol/final_rerun_holdout_split_manifest.json:312; results/rbsr_final_rerun_holdout_v1/protocol/final_rerun_holdout_train_pairs.json:97; results/rbsr_final_rerun_holdout_v1/protocol/final_rerun_holdout_train_pairs.json:958
3645,16,16,"Training cost CVAE: 180 epochs, batch 16, AdamW lr 10^-3; RB-SR gate: 152.9\,s wall-clock for the full 80-epoch run (elapsed\_sec in rbsr\_gate\_training.json) \\",20,data/DATASET_DONE.json:57; data/DATASET_DONE.json:132; data/DATASET_DONE.json:139; data/DATASET_DONE.json:187; data/DATASET_DONE.json:257; data/DATASET_DONE.json:281; data/DATASET_DONE.json:353; data/DATASET_DONE.json:593; data/DATASET_DONE.json:721; data/DATASET_DONE.json:739; data/DATASET_DONE.json:865; data/DATASET_DONE.json:953; data/DATASET_DONE.json:979; data/DATASET_DONE.json:1049; data/DATASET_DONE.json:1177; data/DATASET_DONE.json:1233; data/DATASET_DONE.json:1273; data/DATASET_DONE.json:1281; data/DATASET_DONE.json:1361; data/DATASET_DONE.json:1585
3645,10,10,"Training cost CVAE: 180 epochs, batch 16, AdamW lr 10^-3; RB-SR gate: 152.9\,s wall-clock for the full 80-epoch run (elapsed\_sec in rbsr\_gate\_training.json) \\",20,data/DATASET_DONE.json:84; data/DATASET_DONE.json:329; data/DATASET_DONE.json:353; data/DATASET_DONE.json:459; data/DATASET_DONE.json:1041; data/DATASET_DONE.json:1171; data/DATASET_DONE.json:1283; data/DATASET_DONE.json:1353; data/DATASET_DONE.json:1529; data/DATASET_DONE.json:1649; data/DATASET_DONE.json:1859; data/DATASET_DONE.json:1937; data/DATASET_DONE.json:2001; data/DATASET_DONE.json:2059; data/DATASET_DONE.json:2155; data/DATASET_DONE.json:2457; data/DATASET_DONE.json:2513; data/DATASET_DONE.json:2553; data/DATASET_DONE.json:2601; data/DATASET_DONE.json:2603
3645,-3,-3,"Training cost CVAE: 180 epochs, batch 16, AdamW lr 10^-3; RB-SR gate: 152.9\,s wall-clock for the full 80-epoch run (elapsed\_sec in rbsr\_gate\_training.json) \\",13,CITATION.cff:12; THIRD_PARTY.md:3; THIRD_PARTY.md:10; THIRD_PARTY.md:12; demo/ASSET_NOTICE.md:3; demo/ASSET_NOTICE.md:14; demo/ASSET_NOTICE.md:15; demo/package-lock.json:777; demo/public/bundle/certified_presets.json:1; demo/public/bundle/ridge_browser.json:1; demo/src/components/Studio3D.jsx:59; demo/verify.mjs:213; demo/verify.mjs:313
3645,152.9,152.9,"Training cost CVAE: 180 epochs, batch 16, AdamW lr 10^-3; RB-SR gate: 152.9\,s wall-clock for the full 80-epoch run (elapsed\_sec in rbsr\_gate\_training.json) \\",0,
3645,80,80,"Training cost CVAE: 180 epochs, batch 16, AdamW lr 10^-3; RB-SR gate: 152.9\,s wall-clock for the full 80-epoch run (elapsed\_sec in rbsr\_gate\_training.json) \\",20,data/DATASET_DONE.json:19; data/DATASET_DONE.json:59; data/DATASET_DONE.json:211; data/DATASET_DONE.json:323; data/DATASET_DONE.json:371; data/DATASET_DONE.json:473; data/DATASET_DONE.json:531; data/DATASET_DONE.json:539; data/DATASET_DONE.json:644; data/DATASET_DONE.json:649; data/DATASET_DONE.json:667; data/DATASET_DONE.json:1137; data/DATASET_DONE.json:1161; data/DATASET_DONE.json:1529; data/DATASET_DONE.json:1585; data/DATASET_DONE.json:1699; data/DATASET_DONE.json:1921; data/DATASET_DONE.json:2163; data/DATASET_DONE.json:2297; data/DATASET_DONE.json:2385
3646,300,300,"Ridge anchor fit closed-form deterministic solve, =300; no iterative training \\",20,data/DATASET_DONE.json:2404; data/DATASET_DONE.json:2891; data/DATASET_DONE.json:5873; data/DATASET_DONE.json:6009; data/manifest.json:2702; data/manifest.json:2703; data/manifest.json:6614; data/manifest.json:6767; demo/README.md:8; demo/src/App.jsx:128; demo/verify.mjs:516; docs/FINAL_EXPERIMENT_MAP.md:9; reproducibility/RELEASE_ASSET_MANIFEST.json:39; results/rbsr_final_rerun_holdout_v1/lamm/seed20260609/ae_history.json:69; results/rbsr_final_rerun_holdout_v1/lamm/seed20260609/manipulation_history.json:81; results/rbsr_final_rerun_holdout_v1/posthoc_subunit_analysis_v1/figures/FIGURE_EVIDENCE.json:2; results/rbsr_final_rerun_holdout_v1/posthoc_subunit_analysis_v1/personalization/pair_metrics_all_variants.csv:302; results/rbsr_final_rerun_holdout_v1/posthoc_subunit_analysis_v1/personalization/pair_metrics_all_variants.csv:5132; results/rbsr_final_rerun_holdout_v1/posthoc_subunit_analysis_v1/personalization/pair_metrics_all_variants.csv:9962; results/rbsr_final_rerun_holdout_v1/posthoc_subunit_analysis_v1/personalization/pair_metrics_all_variants.csv:14792
3647,27,27,"Deployed runtime map exact linear map d= c\, W_ ctrl, W_ ctrl R^27 11802, stored in demo/public/bundle/ridge\_browser.json \\",19,data/DATASET_DONE.json:49; data/DATASET_DONE.json:65; data/DATASET_DONE.json:91; data/DATASET_DONE.json:145; data/DATASET_DONE.json:220; data/DATASET_DONE.json:241; data/DATASET_DONE.json:323; data/DATASET_DONE.json:531; data/DATASET_DONE.json:691; data/DATASET_DONE.json:787; data/DATASET_DONE.json:923; data/DATASET_DONE.json:1177; data/DATASET_DONE.json:1195; data/DATASET_DONE.json:1457; data/DATASET_DONE.json:1723; data/DATASET_DONE.json:1897; data/DATASET_DONE.json:1963; data/DATASET_DONE.json:2009; data/DATASET_DONE.json:2041
3647,11802,11802,"Deployed runtime map exact linear map d= c\, W_ ctrl, W_ ctrl R^27 11802, stored in demo/public/bundle/ridge\_browser.json \\",10,demo/public/bundle/manifest.json:375; demo/public/bundle/manifest.json:379; demo/public/bundle/manifest.json:382; demo/public/bundle/manifest.json:389; demo/public/bundle/manifest.json:395; demo/src/engine/uploadSource.js:156; demo/src/engine/uploadSource.js:157; roi/collar.json:1362; roi/subunits.json:2431; roi/vertices.json:1377
3649,3934,3934,ROI size 3934 ROI vertices; 3925 free vertices scored (nine landmarks hard-fixed) \\,20,data/DATASET_DONE.json:5; data/DATASET_DONE.json:10; data/DATASET_DONE.json:18; data/DATASET_DONE.json:26; data/DATASET_DONE.json:34; data/DATASET_DONE.json:42; data/DATASET_DONE.json:50; data/DATASET_DONE.json:58; data/DATASET_DONE.json:66; data/DATASET_DONE.json:74; data/DATASET_DONE.json:82; data/DATASET_DONE.json:90; data/DATASET_DONE.json:98; data/DATASET_DONE.json:106; data/DATASET_DONE.json:114; data/DATASET_DONE.json:122; data/DATASET_DONE.json:130; data/DATASET_DONE.json:138; data/DATASET_DONE.json:146; data/DATASET_DONE.json:154
3649,3925,3925,ROI size 3934 ROI vertices; 3925 free vertices scored (nine landmarks hard-fixed) \\,12,docs/EVIDENCE_STATUS.md:12; reproducibility/source_snapshots/final_holdout_v1/source/rhinoform/strict_protocol_patch.py:17; reproducibility/source_snapshots/posthoc_subunits_v1/source/rhinoform/strict_protocol_patch.py:17; results/rbsr_final_rerun_holdout_v1/lamm/seed20260609/protocol_audit.json:32; results/rbsr_final_rerun_holdout_v1/lamm/seed20260609/run_provenance.json:67; results/rbsr_final_rerun_holdout_v1/posthoc_subunit_analysis_v1/personalization/pair_metrics_all_variants.csv:3927; results/rbsr_final_rerun_holdout_v1/posthoc_subunit_analysis_v1/personalization/pair_metrics_all_variants.csv:8757; results/rbsr_final_rerun_holdout_v1/posthoc_subunit_analysis_v1/personalization/pair_metrics_all_variants.csv:13587; results/rbsr_final_rerun_holdout_v1/posthoc_subunit_analysis_v1/personalization/pair_metrics_all_variants.csv:18417; results/rbsr_final_rerun_holdout_v1/protocol/FINAL_RERUN_HOLDOUT_POLICY_FREEZE.json:54; rhinoform/strict_protocol_patch.py:17; roi/subunits.json:2209
3650,846,846,Data scale 846 valid identities in the parent pool; 100 previously observed parent-test identities excluded; final 576 train / 70 validation / 100 test; 9900 ordered test pairs \\,20,README.md:93; README.md:111; data/DATASET_DONE.json:4; data/DATASET_DONE.json:681; data/DATASET_DONE.json:5907; data/DATASET_DONE.json:6017; data/DATASET_DONE.json:6691; data/DATASET_DONE.json:6764; data/README.md:16; data/README.md:46; data/README.md:61; data/manifest.json:8; data/manifest.json:773; data/manifest.json:6776; data/manifest.json:7607; data/manifest.json:7608; reproducibility/README.md:33; reproducibility/source_snapshots/posthoc_subunits_v1/source/scripts/evaluation/posthoc_preflight.py:27; reproducibility/source_snapshots/posthoc_subunits_v1/source/scripts/evaluation/posthoc_preflight.py:74; results/rbsr_final_rerun_holdout_v1/posthoc_subunit_analysis_v1/noise/STRICT_NOISE_CANONICAL_BATCH_SIZE_ERRATUM.json:16
3650,100,100,Data scale 846 valid identities in the parent pool; 100 previously observed parent-test identities excluded; final 576 train / 70 validation / 100 test; 9900 ordered test pairs \\,18,data/DATASET_DONE.json:804; data/DATASET_DONE.json:2419; data/DATASET_DONE.json:3987; data/DATASET_DONE.json:4387; data/DATASET_DONE.json:4889; data/DATASET_DONE.json:5321; data/README.md:61; data/manifest.json:902; data/manifest.json:903; data/manifest.json:5507; data/manifest.json:5993; demo/public/bundle/manifest.json:39; demo/src/components/Studio.jsx:256; demo/src/components/Studio.jsx:279; demo/src/components/Studio.jsx:435; demo/src/components/Studio.jsx:698; demo/src/components/Studio.jsx:705; demo/src/components/Studio.jsx:762
3650,576,576,Data scale 846 valid identities in the parent pool; 100 previously observed parent-test identities excluded; final 576 train / 70 validation / 100 test; 9900 ordered test pairs \\,20,data/DATASET_DONE.json:67; data/DATASET_DONE.json:3673; data/DATASET_DONE.json:4612; data/DATASET_DONE.json:5043; data/DATASET_DONE.json:5619; data/README.md:61; data/manifest.json:4139; data/manifest.json:5186; data/manifest.json:5187; demo/public/bundle/manifest.json:37; docs/EVIDENCE_STATUS.md:10; docs/FINAL_EXPERIMENT_MAP.md:7; experiments/lamm/README.md:14; results/rbsr_final_rerun_holdout_v1/FINAL_RESULT_FREEZE_AUDIT.json:81; results/rbsr_final_rerun_holdout_v1/README.md:17; results/rbsr_final_rerun_holdout_v1/lamm/seed20260609/protocol_audit.json:40; results/rbsr_final_rerun_holdout_v1/lamm/seed20260609/run_provenance.json:75; results/rbsr_final_rerun_holdout_v1/posthoc_subunit_analysis_v1/personalization/PERSONALIZATION_ABLATION_PROTOCOL_FREEZE.json:64; results/rbsr_final_rerun_holdout_v1/posthoc_subunit_analysis_v1/personalization/PERSONALIZATION_ABLATION_PROTOCOL_FREEZE.json:65; results/rbsr_final_rerun_holdout_v1/posthoc_subunit_analysis_v1/personalization/pair_metrics_all_variants.csv:578
3650,70,70,Data scale 846 valid identities in the parent pool; 100 previously observed parent-test identities excluded; final 576 train / 70 validation / 100 test; 9900 ordered test pairs \\,19,data/DATASET_DONE.json:249; data/DATASET_DONE.json:339; data/DATASET_DONE.json:427; data/DATASET_DONE.json:521; data/DATASET_DONE.json:564; data/DATASET_DONE.json:627; data/DATASET_DONE.json:843; data/DATASET_DONE.json:865; data/DATASET_DONE.json:873; data/DATASET_DONE.json:889; data/DATASET_DONE.json:897; data/DATASET_DONE.json:995; data/DATASET_DONE.json:1041; data/DATASET_DONE.json:1059; data/DATASET_DONE.json:1203; data/DATASET_DONE.json:1217; data/DATASET_DONE.json:1441; data/DATASET_DONE.json:1555; data/DATASET_DONE.json:1723
3650,100,100,Data scale 846 valid identities in the parent pool; 100 previously observed parent-test identities excluded; final 576 train / 70 validation / 100 test; 9900 ordered test pairs \\,18,data/DATASET_DONE.json:804; data/DATASET_DONE.json:2419; data/DATASET_DONE.json:3987; data/DATASET_DONE.json:4387; data/DATASET_DONE.json:4889; data/DATASET_DONE.json:5321; data/README.md:61; data/manifest.json:902; data/manifest.json:903; data/manifest.json:5507; data/manifest.json:5993; demo/public/bundle/manifest.json:39; demo/src/components/Studio.jsx:256; demo/src/components/Studio.jsx:279; demo/src/components/Studio.jsx:435; demo/src/components/Studio.jsx:698; demo/src/components/Studio.jsx:705; demo/src/components/Studio.jsx:762
3650,9900,9900,Data scale 846 valid identities in the parent pool; 100 previously observed parent-test identities excluded; final 576 train / 70 validation / 100 test; 9900 ordered test pairs \\,20,README.md:20; README.md:35; README.md:50; docs/EVIDENCE_STATUS.md:11; docs/EVIDENCE_STATUS.md:16; docs/FINAL_EXPERIMENT_MAP.md:8; docs/FINAL_EXPERIMENT_MAP.md:25; docs/final_tables/FINAL_PAPER_TABLES.json:3; docs/final_tables/FINAL_PAPER_TABLES.json:5; docs/final_tables/FINAL_PAPER_TABLES.json:8; docs/final_tables/FINAL_PAPER_TABLES.json:33; docs/final_tables/README.md:18; docs/final_tables/README.md:34; docs/final_tables/main_results_9900_pairs.csv.sha256.json:3; docs/final_tables/supplementary_rbsr_vs_lamm_9900_pairs.csv.sha256.json:3; experiments/lamm/README.md:14; experiments/lamm/README.md:57; experiments/lamm/run_lamm_facescape.py:323; reproducibility/source_snapshots/final_holdout_v1/source/experiments/lamm/run_lamm_facescape.py:323; reproducibility/source_snapshots/posthoc_subunits_v1/source/experiments/lamm/run_lamm_facescape.py:323
3651,20260809,20260809,Seeds split/pair =20260809; training/global/bootstrap/noise =20260609; primary chains 20260609--20260611 \\,10,results/rbsr_final_rerun_holdout_v1/FINAL_RESULT_FREEZE_AUDIT.json:78; results/rbsr_final_rerun_holdout_v1/protocol/FINAL_RERUN_HOLDOUT_POLICY_FREEZE.json:66; results/rbsr_final_rerun_holdout_v1/protocol/final_rerun_holdout_split_manifest.json:113; results/rbsr_final_rerun_holdout_v1/protocol/final_rerun_holdout_train_pairs.json:4066; results/rbsr_final_rerun_holdout_v1/rbsr/seed20260609/base/neural_field_metadata_cvae_ew0p1_lw0.json:28; results/rbsr_final_rerun_holdout_v1/rbsr/seed20260609/base/neural_field_metadata_cvae_ew0p1_lw0.json:101; results/rbsr_final_rerun_holdout_v1/rbsr/seed20260609/base/neural_field_summary_cvae_ew0p1_lw0.json:81; results/supplemental_rbsr_lamm_dominance_search_v1/release_evidence/protocol/final_rerun_holdout_train_pairs.json:4066; tests/test_confirmation_split.py:15; tests/test_confirmation_split.py:16
3651,20260609,20260609,Seeds split/pair =20260809; training/global/bootstrap/noise =20260609; primary chains 20260609--20260611 \\,20,demo/README.md:44; demo/public/bundle/manifest.json:35; docs/EVIDENCE_STATUS.md:13; docs/final_tables/FINAL_PAPER_TABLES.json:25; docs/final_tables/FINAL_PAPER_TABLES.json:26; docs/final_tables/FINAL_PAPER_TABLES.json:27; docs/final_tables/FINAL_PAPER_TABLES.json:28; experiments/lamm/README.md:20; experiments/lamm/run_lamm_facescape.py:863; experiments/lamm/run_lamm_facescape.py:1123; reproducibility/RELEASE_ASSET_MANIFEST.json:9; reproducibility/RELEASE_ASSET_MANIFEST.json:15; reproducibility/RELEASE_ASSET_MANIFEST.json:21; reproducibility/RELEASE_ASSET_MANIFEST.json:27; reproducibility/RELEASE_ASSET_MANIFEST.json:33; reproducibility/source_snapshots/final_holdout_v1/source/experiments/lamm/run_lamm_facescape.py:863; reproducibility/source_snapshots/final_holdout_v1/source/experiments/lamm/run_lamm_facescape.py:1123; reproducibility/source_snapshots/final_holdout_v1/source/scripts/evaluation/direct_paired_statistics.py:83; reproducibility/source_snapshots/posthoc_subunits_v1/source/experiments/lamm/run_lamm_facescape.py:863; reproducibility/source_snapshots/posthoc_subunits_v1/source/experiments/lamm/run_lamm_facescape.py:1123
3651,20260609,20260609,Seeds split/pair =20260809; training/global/bootstrap/noise =20260609; primary chains 20260609--20260611 \\,20,demo/README.md:44; demo/public/bundle/manifest.json:35; docs/EVIDENCE_STATUS.md:13; docs/final_tables/FINAL_PAPER_TABLES.json:25; docs/final_tables/FINAL_PAPER_TABLES.json:26; docs/final_tables/FINAL_PAPER_TABLES.json:27; docs/final_tables/FINAL_PAPER_TABLES.json:28; experiments/lamm/README.md:20; experiments/lamm/run_lamm_facescape.py:863; experiments/lamm/run_lamm_facescape.py:1123; reproducibility/RELEASE_ASSET_MANIFEST.json:9; reproducibility/RELEASE_ASSET_MANIFEST.json:15; reproducibility/RELEASE_ASSET_MANIFEST.json:21; reproducibility/RELEASE_ASSET_MANIFEST.json:27; reproducibility/RELEASE_ASSET_MANIFEST.json:33; reproducibility/source_snapshots/final_holdout_v1/source/experiments/lamm/run_lamm_facescape.py:863; reproducibility/source_snapshots/final_holdout_v1/source/experiments/lamm/run_lamm_facescape.py:1123; reproducibility/source_snapshots/final_holdout_v1/source/scripts/evaluation/direct_paired_statistics.py:83; reproducibility/source_snapshots/posthoc_subunits_v1/source/experiments/lamm/run_lamm_facescape.py:863; reproducibility/source_snapshots/posthoc_subunits_v1/source/experiments/lamm/run_lamm_facescape.py:1123
3651,20260611,20260611,Seeds split/pair =20260809; training/global/bootstrap/noise =20260609; primary chains 20260609--20260611 \\,20,reproducibility/source_snapshots/final_holdout_v1/source/rhinoform/train_rbsr_gate.py:426; reproducibility/source_snapshots/posthoc_subunits_v1/source/rhinoform/repro.py:31; reproducibility/source_snapshots/posthoc_subunits_v1/source/rhinoform/train_rbsr_gate.py:432; reproducibility/source_snapshots/posthoc_subunits_v1/source/scripts/evaluation/posthoc_strict_noise_robustness.py:66; reproducibility/source_snapshots/posthoc_subunits_v1/source/scripts/evaluation/posthoc_subunit_analysis.py:221; reproducibility/source_snapshots/supplemental_dominance_v1/source_corrected/rhinoform/train_rbsr_gate.py:432; reproducibility/source_snapshots/supplemental_dominance_v1/source_pre_erratum/rhinoform/train_rbsr_gate.py:432; results/rbsr_final_rerun_holdout_v1/posthoc_subunit_analysis_v1/POSTHOC_SUBUNIT_ANALYSIS_PROTOCOL_FREEZE.json:97; results/rbsr_final_rerun_holdout_v1/posthoc_subunit_analysis_v1/noise/SHARED_CONTROL_NOISE_DRAW_MANIFEST.json:43; results/rbsr_final_rerun_holdout_v1/posthoc_subunit_analysis_v1/noise/SHARED_CONTROL_NOISE_DRAW_MANIFEST.json:76; results/rbsr_final_rerun_holdout_v1/posthoc_subunit_analysis_v1/noise/SHARED_CONTROL_NOISE_DRAW_MANIFEST.json:109; results/rbsr_final_rerun_holdout_v1/posthoc_subunit_analysis_v1/noise/STRICT_NOISE_ROBUSTNESS_EVIDENCE.json:25; results/rbsr_final_rerun_holdout_v1/posthoc_subunit_analysis_v1/noise/STRICT_NOISE_ROBUSTNESS_PROTOCOL_FREEZE.json:31; rhinoform/repro.py:31; rhinoform/train_rbsr_gate.py:432; scripts/evaluation/posthoc_strict_noise_robustness.py:66; scripts/evaluation/posthoc_subunit_analysis.py:221; splits/facescape_847/seed_registry.json:6; splits/facescape_847/split_manifest.json:26856; tests/test_posthoc_strict_noise_contract.py:98
3663,4,4,4pt,14,README.md:98; data/DATASET_DONE.json:11; data/DATASET_DONE.json:19; data/DATASET_DONE.json:35; data/DATASET_DONE.json:36; data/DATASET_DONE.json:41; data/DATASET_DONE.json:43; data/DATASET_DONE.json:57; data/DATASET_DONE.json:59; data/DATASET_DONE.json:81; data/DATASET_DONE.json:89; data/DATASET_DONE.json:91; data/DATASET_DONE.json:97; data/DATASET_DONE.json:105
3666,0.24,0.24,tabularp0.24 p0.30 p0.36,0,
3666,0.30,0.30,tabularp0.24 p0.30 p0.36,4,demo/README.md:29; tests/test_rbsr_calibration.py:48; tests/test_rbsr_calibration.py:53; tests/test_rbsr_calibration.py:181
3666,0.36,0.36,tabularp0.24 p0.30 p0.36,0,
3671,576,576,Data Final identity split 576 train / 70 validation / 100 test; 100 previously observed parent-test identities excluded \\,20,data/DATASET_DONE.json:67; data/DATASET_DONE.json:3673; data/DATASET_DONE.json:4612; data/DATASET_DONE.json:5043; data/DATASET_DONE.json:5619; data/README.md:61; data/manifest.json:4139; data/manifest.json:5186; data/manifest.json:5187; demo/public/bundle/manifest.json:37; docs/EVIDENCE_STATUS.md:10; docs/FINAL_EXPERIMENT_MAP.md:7; experiments/lamm/README.md:14; results/rbsr_final_rerun_holdout_v1/FINAL_RESULT_FREEZE_AUDIT.json:81; results/rbsr_final_rerun_holdout_v1/README.md:17; results/rbsr_final_rerun_holdout_v1/lamm/seed20260609/protocol_audit.json:40; results/rbsr_final_rerun_holdout_v1/lamm/seed20260609/run_provenance.json:75; results/rbsr_final_rerun_holdout_v1/posthoc_subunit_analysis_v1/personalization/PERSONALIZATION_ABLATION_PROTOCOL_FREEZE.json:64; results/rbsr_final_rerun_holdout_v1/posthoc_subunit_analysis_v1/personalization/PERSONALIZATION_ABLATION_PROTOCOL_FREEZE.json:65; results/rbsr_final_rerun_holdout_v1/posthoc_subunit_analysis_v1/personalization/pair_metrics_all_variants.csv:578
3671,70,70,Data Final identity split 576 train / 70 validation / 100 test; 100 previously observed parent-test identities excluded \\,19,data/DATASET_DONE.json:249; data/DATASET_DONE.json:339; data/DATASET_DONE.json:427; data/DATASET_DONE.json:521; data/DATASET_DONE.json:564; data/DATASET_DONE.json:627; data/DATASET_DONE.json:843; data/DATASET_DONE.json:865; data/DATASET_DONE.json:873; data/DATASET_DONE.json:889; data/DATASET_DONE.json:897; data/DATASET_DONE.json:995; data/DATASET_DONE.json:1041; data/DATASET_DONE.json:1059; data/DATASET_DONE.json:1203; data/DATASET_DONE.json:1217; data/DATASET_DONE.json:1441; data/DATASET_DONE.json:1555; data/DATASET_DONE.json:1723
3671,100,100,Data Final identity split 576 train / 70 validation / 100 test; 100 previously observed parent-test identities excluded \\,18,data/DATASET_DONE.json:804; data/DATASET_DONE.json:2419; data/DATASET_DONE.json:3987; data/DATASET_DONE.json:4387; data/DATASET_DONE.json:4889; data/DATASET_DONE.json:5321; data/README.md:61; data/manifest.json:902; data/manifest.json:903; data/manifest.json:5507; data/manifest.json:5993; demo/public/bundle/manifest.json:39; demo/src/components/Studio.jsx:256; demo/src/components/Studio.jsx:279; demo/src/components/Studio.jsx:435; demo/src/components/Studio.jsx:698; demo/src/components/Studio.jsx:705; demo/src/components/Studio.jsx:762
3671,100,100,Data Final identity split 576 train / 70 validation / 100 test; 100 previously observed parent-test identities excluded \\,18,data/DATASET_DONE.json:804; data/DATASET_DONE.json:2419; data/DATASET_DONE.json:3987; data/DATASET_DONE.json:4387; data/DATASET_DONE.json:4889; data/DATASET_DONE.json:5321; data/README.md:61; data/manifest.json:902; data/manifest.json:903; data/manifest.json:5507; data/manifest.json:5993; demo/public/bundle/manifest.json:39; demo/src/components/Studio.jsx:256; demo/src/components/Studio.jsx:279; demo/src/components/Studio.jsx:435; demo/src/components/Studio.jsx:698; demo/src/components/Studio.jsx:705; demo/src/components/Studio.jsx:762
3672,9900,9900,Data Test pairs 9900 ordered test pairs \\,20,README.md:20; README.md:35; README.md:50; docs/EVIDENCE_STATUS.md:11; docs/EVIDENCE_STATUS.md:16; docs/FINAL_EXPERIMENT_MAP.md:8; docs/FINAL_EXPERIMENT_MAP.md:25; docs/final_tables/FINAL_PAPER_TABLES.json:3; docs/final_tables/FINAL_PAPER_TABLES.json:5; docs/final_tables/FINAL_PAPER_TABLES.json:8; docs/final_tables/FINAL_PAPER_TABLES.json:33; docs/final_tables/README.md:18; docs/final_tables/README.md:34; docs/final_tables/main_results_9900_pairs.csv.sha256.json:3; docs/final_tables/supplementary_rbsr_vs_lamm_9900_pairs.csv.sha256.json:3; experiments/lamm/README.md:14; experiments/lamm/README.md:57; experiments/lamm/run_lamm_facescape.py:323; reproducibility/source_snapshots/final_holdout_v1/source/experiments/lamm/run_lamm_facescape.py:323; reproducibility/source_snapshots/posthoc_subunits_v1/source/experiments/lamm/run_lamm_facescape.py:323
3673,3934,3934,ROI ROI vertices 3934 \\,20,data/DATASET_DONE.json:5; data/DATASET_DONE.json:10; data/DATASET_DONE.json:18; data/DATASET_DONE.json:26; data/DATASET_DONE.json:34; data/DATASET_DONE.json:42; data/DATASET_DONE.json:50; data/DATASET_DONE.json:58; data/DATASET_DONE.json:66; data/DATASET_DONE.json:74; data/DATASET_DONE.json:82; data/DATASET_DONE.json:90; data/DATASET_DONE.json:98; data/DATASET_DONE.json:106; data/DATASET_DONE.json:114; data/DATASET_DONE.json:122; data/DATASET_DONE.json:130; data/DATASET_DONE.json:138; data/DATASET_DONE.json:146; data/DATASET_DONE.json:154
3674,3925,3925,ROI Strict free vertices 3925 \\,12,docs/EVIDENCE_STATUS.md:12; reproducibility/source_snapshots/final_holdout_v1/source/rhinoform/strict_protocol_patch.py:17; reproducibility/source_snapshots/posthoc_subunits_v1/source/rhinoform/strict_protocol_patch.py:17; results/rbsr_final_rerun_holdout_v1/lamm/seed20260609/protocol_audit.json:32; results/rbsr_final_rerun_holdout_v1/lamm/seed20260609/run_provenance.json:67; results/rbsr_final_rerun_holdout_v1/posthoc_subunit_analysis_v1/personalization/pair_metrics_all_variants.csv:3927; results/rbsr_final_rerun_holdout_v1/posthoc_subunit_analysis_v1/personalization/pair_metrics_all_variants.csv:8757; results/rbsr_final_rerun_holdout_v1/posthoc_subunit_analysis_v1/personalization/pair_metrics_all_variants.csv:13587; results/rbsr_final_rerun_holdout_v1/posthoc_subunit_analysis_v1/personalization/pair_metrics_all_variants.csv:18417; results/rbsr_final_rerun_holdout_v1/protocol/FINAL_RERUN_HOLDOUT_POLICY_FREEZE.json:54; rhinoform/strict_protocol_patch.py:17; roi/subunits.json:2209
3675,91,91,Ridge anchor Input dimension 91=27+64 \\,20,data/DATASET_DONE.json:33; data/DATASET_DONE.json:385; data/DATASET_DONE.json:443; data/DATASET_DONE.json:451; data/DATASET_DONE.json:539; data/DATASET_DONE.json:553; data/DATASET_DONE.json:593; data/DATASET_DONE.json:595; data/DATASET_DONE.json:603; data/DATASET_DONE.json:675; data/DATASET_DONE.json:705; data/DATASET_DONE.json:732; data/DATASET_DONE.json:939; data/DATASET_DONE.json:947; data/DATASET_DONE.json:953; data/DATASET_DONE.json:1027; data/DATASET_DONE.json:1075; data/DATASET_DONE.json:1267; data/DATASET_DONE.json:1289; data/DATASET_DONE.json:1323
3675,27,27,Ridge anchor Input dimension 91=27+64 \\,19,data/DATASET_DONE.json:49; data/DATASET_DONE.json:65; data/DATASET_DONE.json:91; data/DATASET_DONE.json:145; data/DATASET_DONE.json:220; data/DATASET_DONE.json:241; data/DATASET_DONE.json:323; data/DATASET_DONE.json:531; data/DATASET_DONE.json:691; data/DATASET_DONE.json:787; data/DATASET_DONE.json:923; data/DATASET_DONE.json:1177; data/DATASET_DONE.json:1195; data/DATASET_DONE.json:1457; data/DATASET_DONE.json:1723; data/DATASET_DONE.json:1897; data/DATASET_DONE.json:1963; data/DATASET_DONE.json:2009; data/DATASET_DONE.json:2041
3675,+64,+64,Ridge anchor Input dimension 91=27+64 \\,19,data/DATASET_DONE.json:251; data/DATASET_DONE.json:369; data/DATASET_DONE.json:385; data/DATASET_DONE.json:516; data/DATASET_DONE.json:545; data/DATASET_DONE.json:801; data/DATASET_DONE.json:881; data/DATASET_DONE.json:955; data/DATASET_DONE.json:1025; data/DATASET_DONE.json:1563; data/DATASET_DONE.json:1579; data/DATASET_DONE.json:1619; data/DATASET_DONE.json:2129; data/DATASET_DONE.json:2203; data/DATASET_DONE.json:2403; data/DATASET_DONE.json:2457; data/DATASET_DONE.json:2961; data/DATASET_DONE.json:3129; data/DATASET_DONE.json:3225
3676,11802,11802,Ridge anchor Output dimension 11802=3934 3 \\,10,demo/public/bundle/manifest.json:375; demo/public/bundle/manifest.json:379; demo/public/bundle/manifest.json:382; demo/public/bundle/manifest.json:389; demo/public/bundle/manifest.json:395; demo/src/engine/uploadSource.js:156; demo/src/engine/uploadSource.js:157; roi/collar.json:1362; roi/subunits.json:2431; roi/vertices.json:1377
3676,3934,3934,Ridge anchor Output dimension 11802=3934 3 \\,20,data/DATASET_DONE.json:5; data/DATASET_DONE.json:10; data/DATASET_DONE.json:18; data/DATASET_DONE.json:26; data/DATASET_DONE.json:34; data/DATASET_DONE.json:42; data/DATASET_DONE.json:50; data/DATASET_DONE.json:58; data/DATASET_DONE.json:66; data/DATASET_DONE.json:74; data/DATASET_DONE.json:82; data/DATASET_DONE.json:90; data/DATASET_DONE.json:98; data/DATASET_DONE.json:106; data/DATASET_DONE.json:114; data/DATASET_DONE.json:122; data/DATASET_DONE.json:130; data/DATASET_DONE.json:138; data/DATASET_DONE.json:146; data/DATASET_DONE.json:154
3677,300.0,300.0,Ridge anchor Ridge penalty =300.0 \\,20,demo/public/bundle/manifest.json:12; results/rbsr_final_rerun_holdout_v1/classical/identity_bootstrap_pair_metrics_arap.csv:302; results/rbsr_final_rerun_holdout_v1/classical/identity_bootstrap_pair_metrics_bilaplacian.csv:302; results/rbsr_final_rerun_holdout_v1/classical/identity_bootstrap_pair_metrics_bilaplacian.csv:1155; results/rbsr_final_rerun_holdout_v1/classical/identity_bootstrap_pair_metrics_bilaplacian.csv:5127; results/rbsr_final_rerun_holdout_v1/classical/identity_bootstrap_pair_metrics_bilaplacian.csv:5251; results/rbsr_final_rerun_holdout_v1/classical/identity_bootstrap_pair_metrics_bilaplacian.csv:6203; results/rbsr_final_rerun_holdout_v1/classical/identity_bootstrap_pair_metrics_bilaplacian.csv:6958; results/rbsr_final_rerun_holdout_v1/classical/identity_bootstrap_pair_metrics_bilaplacian.csv:6984; results/rbsr_final_rerun_holdout_v1/classical/identity_bootstrap_pair_metrics_bilaplacian.csv:8303; results/rbsr_final_rerun_holdout_v1/classical/identity_bootstrap_pair_metrics_bilaplacian.csv:9736; results/rbsr_final_rerun_holdout_v1/classical/identity_bootstrap_pair_metrics_laplacian.csv:302; results/rbsr_final_rerun_holdout_v1/direct_paired_statistics/pair_metrics/identity_bootstrap_pair_metrics_arap.csv:302; results/rbsr_final_rerun_holdout_v1/direct_paired_statistics/pair_metrics/identity_bootstrap_pair_metrics_bilaplacian.csv:302; results/rbsr_final_rerun_holdout_v1/direct_paired_statistics/pair_metrics/identity_bootstrap_pair_metrics_bilaplacian.csv:1155; results/rbsr_final_rerun_holdout_v1/direct_paired_statistics/pair_metrics/identity_bootstrap_pair_metrics_bilaplacian.csv:5127; results/rbsr_final_rerun_holdout_v1/direct_paired_statistics/pair_metrics/identity_bootstrap_pair_metrics_bilaplacian.csv:5251; results/rbsr_final_rerun_holdout_v1/direct_paired_statistics/pair_metrics/identity_bootstrap_pair_metrics_bilaplacian.csv:6203; results/rbsr_final_rerun_holdout_v1/direct_paired_statistics/pair_metrics/identity_bootstrap_pair_metrics_bilaplacian.csv:6958; results/rbsr_final_rerun_holdout_v1/direct_paired_statistics/pair_metrics/identity_bootstrap_pair_metrics_bilaplacian.csv:6984
3678,64,64,CVAE Source-PCA dimension 64 \\,19,data/DATASET_DONE.json:251; data/DATASET_DONE.json:369; data/DATASET_DONE.json:385; data/DATASET_DONE.json:516; data/DATASET_DONE.json:545; data/DATASET_DONE.json:801; data/DATASET_DONE.json:881; data/DATASET_DONE.json:955; data/DATASET_DONE.json:1025; data/DATASET_DONE.json:1563; data/DATASET_DONE.json:1579; data/DATASET_DONE.json:1619; data/DATASET_DONE.json:2129; data/DATASET_DONE.json:2203; data/DATASET_DONE.json:2403; data/DATASET_DONE.json:2457; data/DATASET_DONE.json:2961; data/DATASET_DONE.json:3129; data/DATASET_DONE.json:3225
3679,16,16,CVAE Delta-PCA observation dimension 16 \\,20,data/DATASET_DONE.json:57; data/DATASET_DONE.json:132; data/DATASET_DONE.json:139; data/DATASET_DONE.json:187; data/DATASET_DONE.json:257; data/DATASET_DONE.json:281; data/DATASET_DONE.json:353; data/DATASET_DONE.json:593; data/DATASET_DONE.json:721; data/DATASET_DONE.json:739; data/DATASET_DONE.json:865; data/DATASET_DONE.json:953; data/DATASET_DONE.json:979; data/DATASET_DONE.json:1049; data/DATASET_DONE.json:1177; data/DATASET_DONE.json:1233; data/DATASET_DONE.json:1273; data/DATASET_DONE.json:1281; data/DATASET_DONE.json:1361; data/DATASET_DONE.json:1585
3680,8,8,CVAE Latent dimension 8 \\,14,THIRD_PARTY.md:26; configs/reproduction.example.toml:19; data/DATASET_DONE.json:11; data/DATASET_DONE.json:17; data/DATASET_DONE.json:27; data/DATASET_DONE.json:33; data/DATASET_DONE.json:41; data/DATASET_DONE.json:51; data/DATASET_DONE.json:59; data/DATASET_DONE.json:65; data/DATASET_DONE.json:67; data/DATASET_DONE.json:68; data/DATASET_DONE.json:75; data/DATASET_DONE.json:91
3681,128,128,CVAE Hidden width 128 \\,19,data/DATASET_DONE.json:1028; data/manifest.json:1154; data/manifest.json:1155; demo/public/bundle/manifest.json:15; demo/src/engine/certifiedLocal.js:75; demo/src/engine/certifiedLocal.js:76; demo/src/engine/certifiedLocal.js:77; demo/src/engine/certifiedLocal.js:78; demo/src/engine/certifiedLocal.js:80; demo/src/engine/certifiedLocal.js:89; demo/src/engine/certifiedLocal.js:90; demo/src/engine/certifiedLocal.js:97; demo/src/engine/certifiedLocal.js:98; demo/src/engine/certifiedLocal.js:101; demo/src/engine/certifiedLocal.js:107; demo/src/engine/certifiedLocal.js:108; demo/src/engine/certifiedLocal.js:109; demo/src/engine/certifiedLocal.js:110; demo/src/engine/certifiedLocal.js:113
3683,15,15,CVAE Vertex feature dimension 15 \\,20,data/DATASET_DONE.json:81; data/DATASET_DONE.json:124; data/DATASET_DONE.json:633; data/DATASET_DONE.json:649; data/DATASET_DONE.json:675; data/DATASET_DONE.json:691; data/DATASET_DONE.json:865; data/DATASET_DONE.json:921; data/DATASET_DONE.json:945; data/DATASET_DONE.json:1065; data/DATASET_DONE.json:1147; data/DATASET_DONE.json:1313; data/DATASET_DONE.json:1641; data/DATASET_DONE.json:1729; data/DATASET_DONE.json:2017; data/DATASET_DONE.json:2153; data/DATASET_DONE.json:2219; data/DATASET_DONE.json:2259; data/DATASET_DONE.json:2571; data/DATASET_DONE.json:2577
3684,62371,62371,CVAE Parameter count 62371 \\,0,
3685,180,180,CVAE training Epochs 180 \\,20,data/DATASET_DONE.json:307; data/DATASET_DONE.json:1444; data/DATASET_DONE.json:2185; data/manifest.json:1622; data/manifest.json:1623; data/manifest.json:2465; reproducibility/source_snapshots/final_holdout_v1/source/rhinoform/train.py:706; reproducibility/source_snapshots/posthoc_subunits_v1/source/rhinoform/train.py:706; reproducibility/source_snapshots/supplemental_dominance_v1/source_corrected/rhinoform/train.py:706; reproducibility/source_snapshots/supplemental_dominance_v1/source_pre_erratum/rhinoform/train.py:706; results/rbsr_final_rerun_holdout_v1/posthoc_subunit_analysis_v1/noise/STRICT_NOISE_ROBUSTNESS_EVIDENCE.json:33; results/rbsr_final_rerun_holdout_v1/posthoc_subunit_analysis_v1/noise/noise_vs_clean_paired_statistics.csv.sha256.json:4; results/rbsr_final_rerun_holdout_v1/posthoc_subunit_analysis_v1/personalization/pair_metrics_all_variants.csv:182; results/rbsr_final_rerun_holdout_v1/posthoc_subunit_analysis_v1/personalization/pair_metrics_all_variants.csv:5012; results/rbsr_final_rerun_holdout_v1/posthoc_subunit_analysis_v1/personalization/pair_metrics_all_variants.csv:9842; results/rbsr_final_rerun_holdout_v1/posthoc_subunit_analysis_v1/personalization/pair_metrics_all_variants.csv:14672; results/rbsr_final_rerun_holdout_v1/protocol/FINAL_RERUN_HOLDOUT_POLICY_FREEZE.json:27; results/rbsr_final_rerun_holdout_v1/protocol/final_rerun_holdout_split_manifest.json:312; results/rbsr_final_rerun_holdout_v1/protocol/final_rerun_holdout_train_pairs.json:97; results/rbsr_final_rerun_holdout_v1/protocol/final_rerun_holdout_train_pairs.json:958
3686,16,16,CVAE training Batch size 16 \\,20,data/DATASET_DONE.json:57; data/DATASET_DONE.json:132; data/DATASET_DONE.json:139; data/DATASET_DONE.json:187; data/DATASET_DONE.json:257; data/DATASET_DONE.json:281; data/DATASET_DONE.json:353; data/DATASET_DONE.json:593; data/DATASET_DONE.json:721; data/DATASET_DONE.json:739; data/DATASET_DONE.json:865; data/DATASET_DONE.json:953; data/DATASET_DONE.json:979; data/DATASET_DONE.json:1049; data/DATASET_DONE.json:1177; data/DATASET_DONE.json:1233; data/DATASET_DONE.json:1273; data/DATASET_DONE.json:1281; data/DATASET_DONE.json:1361; data/DATASET_DONE.json:1585
3688,10,10,CVAE training Learning rate 10^-3 \\,20,data/DATASET_DONE.json:84; data/DATASET_DONE.json:329; data/DATASET_DONE.json:353; data/DATASET_DONE.json:459; data/DATASET_DONE.json:1041; data/DATASET_DONE.json:1171; data/DATASET_DONE.json:1283; data/DATASET_DONE.json:1353; data/DATASET_DONE.json:1529; data/DATASET_DONE.json:1649; data/DATASET_DONE.json:1859; data/DATASET_DONE.json:1937; data/DATASET_DONE.json:2001; data/DATASET_DONE.json:2059; data/DATASET_DONE.json:2155; data/DATASET_DONE.json:2457; data/DATASET_DONE.json:2513; data/DATASET_DONE.json:2553; data/DATASET_DONE.json:2601; data/DATASET_DONE.json:2603
3688,-3,-3,CVAE training Learning rate 10^-3 \\,13,CITATION.cff:12; THIRD_PARTY.md:3; THIRD_PARTY.md:10; THIRD_PARTY.md:12; demo/ASSET_NOTICE.md:3; demo/ASSET_NOTICE.md:14; demo/ASSET_NOTICE.md:15; demo/package-lock.json:777; demo/public/bundle/certified_presets.json:1; demo/public/bundle/ridge_browser.json:1; demo/src/components/Studio3D.jsx:59; demo/verify.mjs:213; demo/verify.mjs:313
3689,0.1,0.1,Hybrid ablation Strict selected 0.1 \\,20,demo/README.md:66; demo/README.md:128; demo/package-lock.json:347; demo/package-lock.json:837; demo/package.json:7; demo/package.json:9; demo/public/bundle/certified_presets.json:1; demo/public/bundle/manifest.json:18; demo/src/components/HeroCanvas.jsx:16; demo/src/components/Studio3D.jsx:42; demo/src/components/Studio3D.jsx:77; demo/src/engine/bundle.js:8; demo/verify.mjs:144; demo/verify.mjs:282; reproducibility/source_snapshots/final_holdout_v1/source/rhinoform/train.py:221; reproducibility/source_snapshots/final_holdout_v1/source/rhinoform/train.py:718; reproducibility/source_snapshots/final_holdout_v1/source/rhinoform/train_rbsr_gate.py:406; reproducibility/source_snapshots/posthoc_subunits_v1/source/rhinoform/train.py:221; reproducibility/source_snapshots/posthoc_subunits_v1/source/rhinoform/train.py:718; reproducibility/source_snapshots/posthoc_subunits_v1/source/rhinoform/train_rbsr_gate.py:412
3690,64,64,RB-SR gate Hidden width 64 \\,19,data/DATASET_DONE.json:251; data/DATASET_DONE.json:369; data/DATASET_DONE.json:385; data/DATASET_DONE.json:516; data/DATASET_DONE.json:545; data/DATASET_DONE.json:801; data/DATASET_DONE.json:881; data/DATASET_DONE.json:955; data/DATASET_DONE.json:1025; data/DATASET_DONE.json:1563; data/DATASET_DONE.json:1579; data/DATASET_DONE.json:1619; data/DATASET_DONE.json:2129; data/DATASET_DONE.json:2203; data/DATASET_DONE.json:2403; data/DATASET_DONE.json:2457; data/DATASET_DONE.json:2961; data/DATASET_DONE.json:3129; data/DATASET_DONE.json:3225
3691,11905,11905,RB-SR gate Parameter count 11905 \\,5,data/DATASET_DONE.json:3075; roi/collar.json:1465; roi/subunits.json:2509; roi/vertices.json:1480; splits/facescape_847/split_manifest.json:15595
3692,80,80,RB-SR gate Epochs 80 (validation-selected epoch 15) \\,20,data/DATASET_DONE.json:19; data/DATASET_DONE.json:59; data/DATASET_DONE.json:211; data/DATASET_DONE.json:323; data/DATASET_DONE.json:371; data/DATASET_DONE.json:473; data/DATASET_DONE.json:531; data/DATASET_DONE.json:539; data/DATASET_DONE.json:644; data/DATASET_DONE.json:649; data/DATASET_DONE.json:667; data/DATASET_DONE.json:1137; data/DATASET_DONE.json:1161; data/DATASET_DONE.json:1529; data/DATASET_DONE.json:1585; data/DATASET_DONE.json:1699; data/DATASET_DONE.json:1921; data/DATASET_DONE.json:2163; data/DATASET_DONE.json:2297; data/DATASET_DONE.json:2385
3692,15,15,RB-SR gate Epochs 80 (validation-selected epoch 15) \\,20,data/DATASET_DONE.json:81; data/DATASET_DONE.json:124; data/DATASET_DONE.json:633; data/DATASET_DONE.json:649; data/DATASET_DONE.json:675; data/DATASET_DONE.json:691; data/DATASET_DONE.json:865; data/DATASET_DONE.json:921; data/DATASET_DONE.json:945; data/DATASET_DONE.json:1065; data/DATASET_DONE.json:1147; data/DATASET_DONE.json:1313; data/DATASET_DONE.json:1641; data/DATASET_DONE.json:1729; data/DATASET_DONE.json:2017; data/DATASET_DONE.json:2153; data/DATASET_DONE.json:2219; data/DATASET_DONE.json:2259; data/DATASET_DONE.json:2571; data/DATASET_DONE.json:2577
3693,1.0,1.0,RB-SR gate Budget multipliers (orientation / strain) 1.0 / 0.8 relative to the ridge validation proxy \\,20,CITATION.cff:10; demo/package-lock.json:78; demo/package-lock.json:94; demo/package-lock.json:110; demo/package-lock.json:126; demo/package-lock.json:142; demo/package-lock.json:158; demo/package-lock.json:174; demo/package-lock.json:190; demo/package-lock.json:206; demo/package-lock.json:222; demo/package-lock.json:238; demo/package-lock.json:254; demo/package-lock.json:270; demo/package-lock.json:288; demo/package-lock.json:304; demo/package-lock.json:320; demo/package-lock.json:341; demo/package-lock.json:348; demo/package-lock.json:735
3693,0.8,0.8,RB-SR gate Budget multipliers (orientation / strain) 1.0 / 0.8 relative to the ridge validation proxy \\,11,demo/public/bundle/certified_presets.json:1; demo/public/bundle/golden_cases.json:501; demo/src/components/Studio.jsx:78; demo/verify.mjs:225; demo/verify.mjs:437; results/rbsr_final_rerun_holdout_v1/protocol/FINAL_RERUN_HOLDOUT_POLICY_FREEZE.json:34; tests/test_rbsr_calibration.py:28; tests/test_rbsr_calibration.py:30; tests/test_rbsr_calibration.py:70; tests/test_safe_fusion.py:83; tests/test_safe_fusion.py:162
3694,0.0023080,0.0023080,RB-SR gate Training budgets (orientation / strain surrogate) 0.0023080 / 0.0065829 \\,0,
3694,0.0065829,0.0065829,RB-SR gate Training budgets (orientation / strain surrogate) 0.0023080 / 0.0065829 \\,1,demo/public/bundle/ridge_browser.json:1
3695,5,5,RB-SR test gate Mean / p95 / active fraction 0.2374 / 0.6753 / 0.1358 \\,16,data/DATASET_DONE.json:11; data/DATASET_DONE.json:17; data/DATASET_DONE.json:25; data/DATASET_DONE.json:27; data/DATASET_DONE.json:33; data/DATASET_DONE.json:41; data/DATASET_DONE.json:43; data/DATASET_DONE.json:44; data/DATASET_DONE.json:49; data/DATASET_DONE.json:51; data/DATASET_DONE.json:59; data/DATASET_DONE.json:75; data/DATASET_DONE.json:83; data/DATASET_DONE.json:91; data/DATASET_DONE.json:113; data/DATASET_DONE.json:121
3695,0.2374,0.2374,RB-SR test gate Mean / p95 / active fraction 0.2374 / 0.6753 / 0.1358 \\,0,
3695,0.6753,0.6753,RB-SR test gate Mean / p95 / active fraction 0.2374 / 0.6753 / 0.1358 \\,0,
3695,0.1358,0.1358,RB-SR test gate Mean / p95 / active fraction 0.2374 / 0.6753 / 0.1358 \\,0,
3696,0.75,0.75,Certificate Attenuation / max iterations / uniform steps 0.75 / 64 / 1001 \\,19,demo/README.md:23; demo/public/bundle/certified_browser.json:1; demo/public/bundle/certified_presets.json:1; demo/public/bundle/manifest.json:28; demo/src/App.jsx:129; demo/src/components/Studio3D.jsx:20; demo/verify.mjs:125; docs/FINAL_EXPERIMENT_MAP.md:9; reproducibility/source_snapshots/final_holdout_v1/source/rhinoform/safe_fusion.py:27; reproducibility/source_snapshots/final_holdout_v1/source/rhinoform/train.py:723; reproducibility/source_snapshots/final_holdout_v1/source/rhinoform/train.py:937; reproducibility/source_snapshots/final_holdout_v1/source/scripts/evaluation/rbsr_ridge_fold_projection.py:67; reproducibility/source_snapshots/posthoc_subunits_v1/source/rhinoform/safe_fusion.py:27; reproducibility/source_snapshots/posthoc_subunits_v1/source/rhinoform/train.py:723; reproducibility/source_snapshots/posthoc_subunits_v1/source/rhinoform/train.py:937; reproducibility/source_snapshots/supplemental_dominance_v1/source_corrected/rhinoform/train.py:723; reproducibility/source_snapshots/supplemental_dominance_v1/source_corrected/rhinoform/train.py:937; reproducibility/source_snapshots/supplemental_dominance_v1/source_pre_erratum/rhinoform/train.py:723; reproducibility/source_snapshots/supplemental_dominance_v1/source_pre_erratum/rhinoform/train.py:937
3696,64,64,Certificate Attenuation / max iterations / uniform steps 0.75 / 64 / 1001 \\,19,data/DATASET_DONE.json:251; data/DATASET_DONE.json:369; data/DATASET_DONE.json:385; data/DATASET_DONE.json:516; data/DATASET_DONE.json:545; data/DATASET_DONE.json:801; data/DATASET_DONE.json:881; data/DATASET_DONE.json:955; data/DATASET_DONE.json:1025; data/DATASET_DONE.json:1563; data/DATASET_DONE.json:1579; data/DATASET_DONE.json:1619; data/DATASET_DONE.json:2129; data/DATASET_DONE.json:2203; data/DATASET_DONE.json:2403; data/DATASET_DONE.json:2457; data/DATASET_DONE.json:2961; data/DATASET_DONE.json:3129; data/DATASET_DONE.json:3225
3696,1001,1001,Certificate Attenuation / max iterations / uniform steps 0.75 / 64 / 1001 \\,20,data/DATASET_DONE.json:865; data/manifest.json:980; demo/README.md:23; demo/public/bundle/certified_browser.json:1; demo/public/bundle/manifest.json:31; demo/src/App.jsx:129; demo/verify.mjs:127; reproducibility/source_snapshots/final_holdout_v1/source/rhinoform/safe_fusion.py:316; reproducibility/source_snapshots/final_holdout_v1/source/scripts/evaluation/rbsr_ridge_fold_projection.py:70; reproducibility/source_snapshots/posthoc_subunits_v1/source/rhinoform/safe_fusion.py:316; results/rbsr_final_rerun_holdout_v1/posthoc_subunit_analysis_v1/personalization/pair_metrics_all_variants.csv:1003; results/rbsr_final_rerun_holdout_v1/posthoc_subunit_analysis_v1/personalization/pair_metrics_all_variants.csv:5833; results/rbsr_final_rerun_holdout_v1/posthoc_subunit_analysis_v1/personalization/pair_metrics_all_variants.csv:10663; results/rbsr_final_rerun_holdout_v1/posthoc_subunit_analysis_v1/personalization/pair_metrics_all_variants.csv:15493; results/rbsr_final_rerun_holdout_v1/protocol/FINAL_RERUN_HOLDOUT_POLICY_FREEZE.json:38; results/rbsr_final_rerun_holdout_v1/rbsr/seed20260609/certified_projection_validation/RBSR_CERTIFIED_PROJECTION_FREEZE.json:34; results/rbsr_final_rerun_holdout_v1/rbsr/seed20260609/certified_projection_validation/RBSR_CERTIFIED_PROJECTION_FREEZE.json:64; results/rbsr_final_rerun_holdout_v1/rbsr/seed20260609/certified_projection_validation/RBSR_CERTIFIED_PROJECTION_FREEZE.json:120; results/rbsr_final_rerun_holdout_v1/rbsr/seed20260609/certified_projection_validation/rbsr_ridge_fold_projection_validation.json:29; results/rbsr_final_rerun_holdout_v1/rbsr/seed20260609/certified_projection_validation/rbsr_ridge_fold_projection_validation.json:55
3697,1.0,1.0,Certificate (test) Rate / mean retention / mean iterations 1.0 / 0.9921 / 13.77 \\,20,CITATION.cff:10; demo/package-lock.json:78; demo/package-lock.json:94; demo/package-lock.json:110; demo/package-lock.json:126; demo/package-lock.json:142; demo/package-lock.json:158; demo/package-lock.json:174; demo/package-lock.json:190; demo/package-lock.json:206; demo/package-lock.json:222; demo/package-lock.json:238; demo/package-lock.json:254; demo/package-lock.json:270; demo/package-lock.json:288; demo/package-lock.json:304; demo/package-lock.json:320; demo/package-lock.json:341; demo/package-lock.json:348; demo/package-lock.json:735
3697,0.9921,0.9921,Certificate (test) Rate / mean retention / mean iterations 1.0 / 0.9921 / 13.77 \\,0,
3697,13.77,13.77,Certificate (test) Rate / mean retention / mean iterations 1.0 / 0.9921 / 13.77 \\,0,
3698,20260809,20260809,Seeds Registry split/pair =20260809; training/global/bootstrap/noise =20260609 \\,10,results/rbsr_final_rerun_holdout_v1/FINAL_RESULT_FREEZE_AUDIT.json:78; results/rbsr_final_rerun_holdout_v1/protocol/FINAL_RERUN_HOLDOUT_POLICY_FREEZE.json:66; results/rbsr_final_rerun_holdout_v1/protocol/final_rerun_holdout_split_manifest.json:113; results/rbsr_final_rerun_holdout_v1/protocol/final_rerun_holdout_train_pairs.json:4066; results/rbsr_final_rerun_holdout_v1/rbsr/seed20260609/base/neural_field_metadata_cvae_ew0p1_lw0.json:28; results/rbsr_final_rerun_holdout_v1/rbsr/seed20260609/base/neural_field_metadata_cvae_ew0p1_lw0.json:101; results/rbsr_final_rerun_holdout_v1/rbsr/seed20260609/base/neural_field_summary_cvae_ew0p1_lw0.json:81; results/supplemental_rbsr_lamm_dominance_search_v1/release_evidence/protocol/final_rerun_holdout_train_pairs.json:4066; tests/test_confirmation_split.py:15; tests/test_confirmation_split.py:16
3698,20260609,20260609,Seeds Registry split/pair =20260809; training/global/bootstrap/noise =20260609 \\,20,demo/README.md:44; demo/public/bundle/manifest.json:35; docs/EVIDENCE_STATUS.md:13; docs/final_tables/FINAL_PAPER_TABLES.json:25; docs/final_tables/FINAL_PAPER_TABLES.json:26; docs/final_tables/FINAL_PAPER_TABLES.json:27; docs/final_tables/FINAL_PAPER_TABLES.json:28; experiments/lamm/README.md:20; experiments/lamm/run_lamm_facescape.py:863; experiments/lamm/run_lamm_facescape.py:1123; reproducibility/RELEASE_ASSET_MANIFEST.json:9; reproducibility/RELEASE_ASSET_MANIFEST.json:15; reproducibility/RELEASE_ASSET_MANIFEST.json:21; reproducibility/RELEASE_ASSET_MANIFEST.json:27; reproducibility/RELEASE_ASSET_MANIFEST.json:33; reproducibility/source_snapshots/final_holdout_v1/source/experiments/lamm/run_lamm_facescape.py:863; reproducibility/source_snapshots/final_holdout_v1/source/experiments/lamm/run_lamm_facescape.py:1123; reproducibility/source_snapshots/final_holdout_v1/source/scripts/evaluation/direct_paired_statistics.py:83; reproducibility/source_snapshots/posthoc_subunits_v1/source/experiments/lamm/run_lamm_facescape.py:863; reproducibility/source_snapshots/posthoc_subunits_v1/source/experiments/lamm/run_lamm_facescape.py:1123
3703,62,62,The released architecture is compact: approximately 62k CVAE parameters plus,20,data/DATASET_DONE.json:43; data/DATASET_DONE.json:121; data/DATASET_DONE.json:147; data/DATASET_DONE.json:211; data/DATASET_DONE.json:243; data/DATASET_DONE.json:500; data/DATASET_DONE.json:665; data/DATASET_DONE.json:705; data/DATASET_DONE.json:843; data/DATASET_DONE.json:907; data/DATASET_DONE.json:1115; data/DATASET_DONE.json:1153; data/DATASET_DONE.json:1435; data/DATASET_DONE.json:1457; data/DATASET_DONE.json:1585; data/DATASET_DONE.json:1723; data/DATASET_DONE.json:1857; data/DATASET_DONE.json:1873; data/DATASET_DONE.json:1929; data/DATASET_DONE.json:1931
3704,12,12,a 12k-parameter gate. The deployed synchronous object is not the,19,data/DATASET_DONE.json:9; data/DATASET_DONE.json:81; data/DATASET_DONE.json:100; data/DATASET_DONE.json:115; data/DATASET_DONE.json:187; data/DATASET_DONE.json:251; data/DATASET_DONE.json:273; data/DATASET_DONE.json:409; data/DATASET_DONE.json:417; data/DATASET_DONE.json:483; data/DATASET_DONE.json:571; data/DATASET_DONE.json:625; data/DATASET_DONE.json:667; data/DATASET_DONE.json:1673; data/DATASET_DONE.json:1689; data/DATASET_DONE.json:1771; data/DATASET_DONE.json:1851; data/DATASET_DONE.json:1865; data/DATASET_DONE.json:2105
3705,27,27,"network but an exported 27 11802 linear operator, so the browser preview",19,data/DATASET_DONE.json:49; data/DATASET_DONE.json:65; data/DATASET_DONE.json:91; data/DATASET_DONE.json:145; data/DATASET_DONE.json:220; data/DATASET_DONE.json:241; data/DATASET_DONE.json:323; data/DATASET_DONE.json:531; data/DATASET_DONE.json:691; data/DATASET_DONE.json:787; data/DATASET_DONE.json:923; data/DATASET_DONE.json:1177; data/DATASET_DONE.json:1195; data/DATASET_DONE.json:1457; data/DATASET_DONE.json:1723; data/DATASET_DONE.json:1897; data/DATASET_DONE.json:1963; data/DATASET_DONE.json:2009; data/DATASET_DONE.json:2041
3705,11802,11802,"network but an exported 27 11802 linear operator, so the browser preview",10,demo/public/bundle/manifest.json:375; demo/public/bundle/manifest.json:379; demo/public/bundle/manifest.json:382; demo/public/bundle/manifest.json:389; demo/public/bundle/manifest.json:395; demo/src/engine/uploadSource.js:156; demo/src/engine/uploadSource.js:157; roi/collar.json:1362; roi/subunits.json:2431; roi/vertices.json:1377
3717,0.9715,0.9715,the measured accuracy frontier belongs to LAMM (ROI RMSE 0.9715); certified,0,
3718,1.0599,1.0599,RB-SR at 1.0599 is descriptively 35--47\% below the geometric,0,
3718,\approx 35,35,RB-SR at 1.0599 is descriptively 35--47\% below the geometric,20,data/DATASET_DONE.json:107; data/DATASET_DONE.json:187; data/DATASET_DONE.json:249; data/DATASET_DONE.json:267; data/DATASET_DONE.json:284; data/DATASET_DONE.json:313; data/DATASET_DONE.json:345; data/DATASET_DONE.json:657; data/DATASET_DONE.json:915; data/DATASET_DONE.json:1107; data/DATASET_DONE.json:1233; data/DATASET_DONE.json:1401; data/DATASET_DONE.json:1475; data/DATASET_DONE.json:1499; data/DATASET_DONE.json:1515; data/DATASET_DONE.json:1529; data/DATASET_DONE.json:1643; data/DATASET_DONE.json:1657; data/DATASET_DONE.json:1707; data/DATASET_DONE.json:2179
3718,47\%,47%,RB-SR at 1.0599 is descriptively 35--47\% below the geometric,20,data/DATASET_DONE.json:17; data/DATASET_DONE.json:49; data/DATASET_DONE.json:59; data/DATASET_DONE.json:201; data/DATASET_DONE.json:380; data/DATASET_DONE.json:595; data/DATASET_DONE.json:779; data/DATASET_DONE.json:1089; data/DATASET_DONE.json:1105; data/DATASET_DONE.json:1145; data/DATASET_DONE.json:1147; data/DATASET_DONE.json:1169; data/DATASET_DONE.json:1203; data/DATASET_DONE.json:1275; data/DATASET_DONE.json:1323; data/DATASET_DONE.json:1489; data/DATASET_DONE.json:1601; data/DATASET_DONE.json:1619; data/DATASET_DONE.json:1761; data/DATASET_DONE.json:1809
3719,\approx 20\%,20%,baselines and 20\% below direct CVAE generation under the shared,20,data/DATASET_DONE.json:97; data/DATASET_DONE.json:99; data/DATASET_DONE.json:131; data/DATASET_DONE.json:164; data/DATASET_DONE.json:473; data/DATASET_DONE.json:561; data/DATASET_DONE.json:569; data/DATASET_DONE.json:635; data/DATASET_DONE.json:867; data/DATASET_DONE.json:881; data/DATASET_DONE.json:945; data/DATASET_DONE.json:1227; data/DATASET_DONE.json:1235; data/DATASET_DONE.json:1289; data/DATASET_DONE.json:1531; data/DATASET_DONE.json:1657; data/DATASET_DONE.json:1785; data/DATASET_DONE.json:1817; data/DATASET_DONE.json:1849; data/DATASET_DONE.json:1865
3725,-1.30\%,-1.30%,"passes---certified RB-SR beats its matched anchor on ROI RMSE (-1.30\%,",0,
3726,-0.97,-0.97,"d_z=-0.97) and target-relative new flips (-31.6\%, d_z=-2.51, 100\%",0,
3726,-31.6\%,-31.6%,"d_z=-0.97) and target-relative new flips (-31.6\%, d_z=-2.51, 100\%",0,
3726,-2.51,-2.51,"d_z=-0.97) and target-relative new flips (-31.6\%, d_z=-2.51, 100\%",1,demo/public/bundle/ridge_browser.json:1
3726,100\%,100%,"d_z=-0.97) and target-relative new flips (-31.6\%, d_z=-2.51, 100\%",20,demo/src/components/HeroCanvas.jsx:19; demo/src/components/HeroCanvas.jsx:20; demo/src/components/Studio3D.jsx:46; demo/src/components/Studio3D.jsx:47; data/DATASET_DONE.json:804; data/DATASET_DONE.json:2419; data/DATASET_DONE.json:3987; data/DATASET_DONE.json:4387; data/DATASET_DONE.json:4889; data/DATASET_DONE.json:5321; data/README.md:61; data/manifest.json:902; data/manifest.json:903; data/manifest.json:5507; data/manifest.json:5993; demo/public/bundle/manifest.json:39; demo/src/components/Studio.jsx:256; demo/src/components/Studio.jsx:279; demo/src/components/Studio.jsx:435; demo/src/components/Studio.jsx:698
3728,+0.00012,+0.00012,difference remains honestly unresolved (+0.00012). This is a justified,2,demo/public/bundle/certified_presets.json:1; demo/public/bundle/ridge_browser.json:1
3730,128,128,"LAMM the lowest error, and the post-hoc PCA-128 study indicates the certified",19,data/DATASET_DONE.json:1028; data/manifest.json:1154; data/manifest.json:1155; demo/public/bundle/manifest.json:15; demo/src/engine/certifiedLocal.js:75; demo/src/engine/certifiedLocal.js:76; demo/src/engine/certifiedLocal.js:77; demo/src/engine/certifiedLocal.js:78; demo/src/engine/certifiedLocal.js:80; demo/src/engine/certifiedLocal.js:89; demo/src/engine/certifiedLocal.js:90; demo/src/engine/certifiedLocal.js:97; demo/src/engine/certifiedLocal.js:98; demo/src/engine/certifiedLocal.js:101; demo/src/engine/certifiedLocal.js:107; demo/src/engine/certifiedLocal.js:108; demo/src/engine/certifiedLocal.js:109; demo/src/engine/certifiedLocal.js:110; demo/src/engine/certifiedLocal.js:113
3735,99.2\%,99.2%,while retaining approximately 99.2\% of the residual correction. The,0,
3740,51,51,and locks browser behaviour to the released assets through 51 conformance,19,data/DATASET_DONE.json:57; data/DATASET_DONE.json:123; data/DATASET_DONE.json:297; data/DATASET_DONE.json:321; data/DATASET_DONE.json:329; data/DATASET_DONE.json:403; data/DATASET_DONE.json:412; data/DATASET_DONE.json:539; data/DATASET_DONE.json:595; data/DATASET_DONE.json:873; data/DATASET_DONE.json:985; data/DATASET_DONE.json:1051; data/DATASET_DONE.json:1105; data/DATASET_DONE.json:1563; data/DATASET_DONE.json:1825; data/DATASET_DONE.json:2043; data/DATASET_DONE.json:2073; data/DATASET_DONE.json:2115; data/DATASET_DONE.json:2153
3783,1,1,regularity. The Stage 1 and Stage 2 validation diagnostics show that the anchor,18,README.md:66; README.md:67; README.md:92; README.md:118; README.md:121; README.md:143; README.md:167; README.md:168; configs/reproduction.example.toml:11; data/DATASET_DONE.json:9; data/DATASET_DONE.json:11; data/DATASET_DONE.json:12; data/DATASET_DONE.json:19; data/DATASET_DONE.json:25; data/DATASET_DONE.json:27; data/DATASET_DONE.json:35; data/DATASET_DONE.json:49; data/DATASET_DONE.json:51
3783,2,2,regularity. The Stage 1 and Stage 2 validation diagnostics show that the anchor,16,README.md:4; README.md:93; data/DATASET_DONE.json:9; data/DATASET_DONE.json:11; data/DATASET_DONE.json:19; data/DATASET_DONE.json:20; data/DATASET_DONE.json:25; data/DATASET_DONE.json:35; data/DATASET_DONE.json:41; data/DATASET_DONE.json:49; data/DATASET_DONE.json:57; data/DATASET_DONE.json:59; data/DATASET_DONE.json:65; data/DATASET_DONE.json:83; data/DATASET_DONE.json:107; data/DATASET_DONE.json:113
3821,128,128,single method that dominates every criterion; the post-hoc PCA-128 study,19,data/DATASET_DONE.json:1028; data/manifest.json:1154; data/manifest.json:1155; demo/public/bundle/manifest.json:15; demo/src/engine/certifiedLocal.js:75; demo/src/engine/certifiedLocal.js:76; demo/src/engine/certifiedLocal.js:77; demo/src/engine/certifiedLocal.js:78; demo/src/engine/certifiedLocal.js:80; demo/src/engine/certifiedLocal.js:89; demo/src/engine/certifiedLocal.js:90; demo/src/engine/certifiedLocal.js:97; demo/src/engine/certifiedLocal.js:98; demo/src/engine/certifiedLocal.js:101; demo/src/engine/certifiedLocal.js:107; demo/src/engine/certifiedLocal.js:108; demo/src/engine/certifiedLocal.js:109; demo/src/engine/certifiedLocal.js:110; demo/src/engine/certifiedLocal.js:113
3877,51,51,locked to the released assets through 51 conformance checks. The interface,19,data/DATASET_DONE.json:57; data/DATASET_DONE.json:123; data/DATASET_DONE.json:297; data/DATASET_DONE.json:321; data/DATASET_DONE.json:329; data/DATASET_DONE.json:403; data/DATASET_DONE.json:412; data/DATASET_DONE.json:539; data/DATASET_DONE.json:595; data/DATASET_DONE.json:873; data/DATASET_DONE.json:985; data/DATASET_DONE.json:1051; data/DATASET_DONE.json:1105; data/DATASET_DONE.json:1563; data/DATASET_DONE.json:1825; data/DATASET_DONE.json:2043; data/DATASET_DONE.json:2073; data/DATASET_DONE.json:2115; data/DATASET_DONE.json:2153
3881,3,3,it gives patients and clinicians a shared 3D reference while exposing the,18,CITATION.cff:14; README.md:5; README.md:8; README.md:55; README.md:78; README.md:94; README.md:184; data/DATASET_DONE.json:9; data/DATASET_DONE.json:25; data/DATASET_DONE.json:27; data/DATASET_DONE.json:28; data/DATASET_DONE.json:33; data/DATASET_DONE.json:35; data/DATASET_DONE.json:59; data/DATASET_DONE.json:65; data/DATASET_DONE.json:73; data/DATASET_DONE.json:75; data/DATASET_DONE.json:81
3925,100,100,The 100 test identities were excluded from final retraining but were not,18,data/DATASET_DONE.json:804; data/DATASET_DONE.json:2419; data/DATASET_DONE.json:3987; data/DATASET_DONE.json:4387; data/DATASET_DONE.json:4889; data/DATASET_DONE.json:5321; data/README.md:61; data/manifest.json:902; data/manifest.json:903; data/manifest.json:5507; data/manifest.json:5993; demo/public/bundle/manifest.json:39; demo/src/components/Studio.jsx:256; demo/src/components/Studio.jsx:279; demo/src/components/Studio.jsx:435; demo/src/components/Studio.jsx:698; demo/src/components/Studio.jsx:705; demo/src/components/Studio.jsx:762
3993,024,024,ShapeFusion would extend the comparison to,13,data/DATASET_DONE.json:569; data/DATASET_DONE.json:723; data/DATASET_DONE.json:3841; data/manifest.json:647; data/manifest.json:4328; splits/facescape_847/split_manifest.json:11185; splits/facescape_847/split_manifest.json:12909; splits/facescape_847/split_manifest.json:13149; splits/facescape_847/split_manifest.json:13764; splits/facescape_847/split_manifest.json:15414; splits/facescape_847/split_manifest.json:19044; splits/facescape_847/split_manifest.json:21699; tests/test_regional_analysis.py:11
3995,023,023,while NPHM and ImHead would,13,data/DATASET_DONE.json:393; data/DATASET_DONE.json:619; data/DATASET_DONE.json:1371; data/DATASET_DONE.json:2081; data/DATASET_DONE.json:6363; data/manifest.json:449; data/manifest.json:2348; splits/facescape_847/split_manifest.json:10119; splits/facescape_847/split_manifest.json:10990; splits/facescape_847/split_manifest.json:12400; splits/facescape_847/split_manifest.json:13419; splits/facescape_847/split_manifest.json:21760; splits/facescape_847/split_manifest.json:26888
3995,025,025,while NPHM and ImHead would,6,data/DATASET_DONE.json:2529; data/DATASET_DONE.json:6529; data/manifest.json:2852; data/manifest.json:7352; splits/facescape_847/split_manifest.json:10509; splits/facescape_847/split_manifest.json:12879
4060,62,62,"components are small (a 62,371-parameter CVAE proposer and an",20,data/DATASET_DONE.json:43; data/DATASET_DONE.json:121; data/DATASET_DONE.json:147; data/DATASET_DONE.json:211; data/DATASET_DONE.json:243; data/DATASET_DONE.json:500; data/DATASET_DONE.json:665; data/DATASET_DONE.json:705; data/DATASET_DONE.json:843; data/DATASET_DONE.json:907; data/DATASET_DONE.json:1115; data/DATASET_DONE.json:1153; data/DATASET_DONE.json:1435; data/DATASET_DONE.json:1457; data/DATASET_DONE.json:1585; data/DATASET_DONE.json:1723; data/DATASET_DONE.json:1857; data/DATASET_DONE.json:1873; data/DATASET_DONE.json:1929; data/DATASET_DONE.json:1931
4060,371,371,"components are small (a 62,371-parameter CVAE proposer and an",20,data/DATASET_DONE.json:2057; data/DATASET_DONE.json:2843; data/DATASET_DONE.json:2972; data/DATASET_DONE.json:3075; data/DATASET_DONE.json:3897; data/DATASET_DONE.json:4811; data/DATASET_DONE.json:4891; data/manifest.json:2321; data/manifest.json:3341; data/manifest.json:3342; data/manifest.json:4391; results/rbsr_final_rerun_holdout_v1/RESULT_TREE_MANIFEST.json:137; results/rbsr_final_rerun_holdout_v1/posthoc_subunit_analysis_v1/personalization/pair_metrics_all_variants.csv:373; results/rbsr_final_rerun_holdout_v1/posthoc_subunit_analysis_v1/personalization/pair_metrics_all_variants.csv:5203; results/rbsr_final_rerun_holdout_v1/posthoc_subunit_analysis_v1/personalization/pair_metrics_all_variants.csv:10033; results/rbsr_final_rerun_holdout_v1/posthoc_subunit_analysis_v1/personalization/pair_metrics_all_variants.csv:14863; results/rbsr_final_rerun_holdout_v1/protocol/final_rerun_holdout_split_manifest.json:446; results/rbsr_final_rerun_holdout_v1/protocol/final_rerun_holdout_train_pairs.json:231; results/rbsr_final_rerun_holdout_v1/protocol/final_rerun_holdout_train_pairs.json:1494; results/rbsr_final_rerun_holdout_v1/protocol/final_rerun_holdout_train_pairs.json:2843
4061,11,11,"11,905-parameter gate); the full 80-epoch gate training run completed in",19,data/DATASET_DONE.json:11; data/DATASET_DONE.json:17; data/DATASET_DONE.json:81; data/DATASET_DONE.json:89; data/DATASET_DONE.json:92; data/DATASET_DONE.json:113; data/DATASET_DONE.json:131; data/DATASET_DONE.json:281; data/DATASET_DONE.json:289; data/DATASET_DONE.json:531; data/DATASET_DONE.json:563; data/DATASET_DONE.json:627; data/DATASET_DONE.json:715; data/DATASET_DONE.json:777; data/DATASET_DONE.json:873; data/DATASET_DONE.json:899; data/DATASET_DONE.json:953; data/DATASET_DONE.json:1051; data/DATASET_DONE.json:1409
4061,905,905,"11,905-parameter gate); the full 80-epoch gate training run completed in",16,data/DATASET_DONE.json:5601; data/manifest.json:6308; reproducibility/source_snapshots/posthoc_subunits_v1/SOURCE_MANIFEST.json:100; results/rbsr_final_rerun_holdout_v1/posthoc_subunit_analysis_v1/POSTHOC_SUBUNIT_ANALYSIS_PROTOCOL_FREEZE.json:32; results/rbsr_final_rerun_holdout_v1/posthoc_subunit_analysis_v1/personalization/PERSONALIZATION_ABLATION_PROTOCOL_FREEZE.json:6; results/rbsr_final_rerun_holdout_v1/posthoc_subunit_analysis_v1/personalization/PERSONALIZATION_CANONICAL_REPLAY_AUDIT.json:4; results/rbsr_final_rerun_holdout_v1/posthoc_subunit_analysis_v1/personalization/PERSONALIZATION_CANONICAL_REPLAY_TOLERANCE_ERRATUM.json:6; results/rbsr_final_rerun_holdout_v1/posthoc_subunit_analysis_v1/personalization/pair_metrics_all_variants.csv:907; results/rbsr_final_rerun_holdout_v1/posthoc_subunit_analysis_v1/personalization/pair_metrics_all_variants.csv:5737; results/rbsr_final_rerun_holdout_v1/posthoc_subunit_analysis_v1/personalization/pair_metrics_all_variants.csv:10567; results/rbsr_final_rerun_holdout_v1/posthoc_subunit_analysis_v1/personalization/pair_metrics_all_variants.csv:15397; roi/subunits.json:4841; scripts/evaluation/posthoc_personalization_resume_erratum.py:34; splits/facescape_847/split_manifest.json:10224; splits/facescape_847/split_manifest.json:21654; tests/test_posthoc_personalization_contract.py:78
4061,80,80,"11,905-parameter gate); the full 80-epoch gate training run completed in",20,data/DATASET_DONE.json:19; data/DATASET_DONE.json:59; data/DATASET_DONE.json:211; data/DATASET_DONE.json:323; data/DATASET_DONE.json:371; data/DATASET_DONE.json:473; data/DATASET_DONE.json:531; data/DATASET_DONE.json:539; data/DATASET_DONE.json:644; data/DATASET_DONE.json:649; data/DATASET_DONE.json:667; data/DATASET_DONE.json:1137; data/DATASET_DONE.json:1161; data/DATASET_DONE.json:1529; data/DATASET_DONE.json:1585; data/DATASET_DONE.json:1699; data/DATASET_DONE.json:1921; data/DATASET_DONE.json:2163; data/DATASET_DONE.json:2297; data/DATASET_DONE.json:2385
4062,\approx 153,153,"153\,s of GPU wall-clock on a Colab CUDA runtime",20,data/DATASET_DONE.json:1228; data/DATASET_DONE.json:2299; data/DATASET_DONE.json:4459; data/DATASET_DONE.json:4601; data/manifest.json:1379; data/manifest.json:1380; data/manifest.json:5183; results/rbsr_final_rerun_holdout_v1/RESULT_TREE_MANIFEST.json:152; results/rbsr_final_rerun_holdout_v1/RESULT_TREE_MANIFEST.json:375; results/rbsr_final_rerun_holdout_v1/RESULT_TREE_MANIFEST.json:527; results/rbsr_final_rerun_holdout_v1/direct_paired_statistics/pair_metrics/identity_bootstrap_pair_metrics_hybrid.csv.sha256.json:4; results/rbsr_final_rerun_holdout_v1/posthoc_subunit_analysis_v1/personalization/pair_metrics_all_variants.csv:155; results/rbsr_final_rerun_holdout_v1/posthoc_subunit_analysis_v1/personalization/pair_metrics_all_variants.csv:4985; results/rbsr_final_rerun_holdout_v1/posthoc_subunit_analysis_v1/personalization/pair_metrics_all_variants.csv:9815; results/rbsr_final_rerun_holdout_v1/posthoc_subunit_analysis_v1/personalization/pair_metrics_all_variants.csv:14645; results/rbsr_final_rerun_holdout_v1/protocol/final_rerun_holdout_split_manifest.json:293; results/rbsr_final_rerun_holdout_v1/protocol/final_rerun_holdout_train_pairs.json:78; results/rbsr_final_rerun_holdout_v1/protocol/final_rerun_holdout_train_pairs.json:882; results/rbsr_final_rerun_holdout_v1/protocol/final_rerun_holdout_train_pairs.json:1687; results/rbsr_final_rerun_holdout_v1/protocol/final_rerun_holdout_train_pairs.json:3654
4091,15,15,rfredrawindex15,20,data/DATASET_DONE.json:81; data/DATASET_DONE.json:124; data/DATASET_DONE.json:633; data/DATASET_DONE.json:649; data/DATASET_DONE.json:675; data/DATASET_DONE.json:691; data/DATASET_DONE.json:865; data/DATASET_DONE.json:921; data/DATASET_DONE.json:945; data/DATASET_DONE.json:1065; data/DATASET_DONE.json:1147; data/DATASET_DONE.json:1313; data/DATASET_DONE.json:1641; data/DATASET_DONE.json:1729; data/DATASET_DONE.json:2017; data/DATASET_DONE.json:2153; data/DATASET_DONE.json:2219; data/DATASET_DONE.json:2259; data/DATASET_DONE.json:2571; data/DATASET_DONE.json:2577
4092,1,1,"Fig A.1 --- Six deterministic qualitative roles (REDRAW; replaces the new-paper per-case appendix figures, 4 1, plus full versions of the two roles shown in )",18,README.md:66; README.md:67; README.md:92; README.md:118; README.md:121; README.md:143; README.md:167; README.md:168; configs/reproduction.example.toml:11; data/DATASET_DONE.json:9; data/DATASET_DONE.json:11; data/DATASET_DONE.json:12; data/DATASET_DONE.json:19; data/DATASET_DONE.json:25; data/DATASET_DONE.json:27; data/DATASET_DONE.json:35; data/DATASET_DONE.json:49; data/DATASET_DONE.json:51
4092,4,4,"Fig A.1 --- Six deterministic qualitative roles (REDRAW; replaces the new-paper per-case appendix figures, 4 1, plus full versions of the two roles shown in )",14,README.md:98; data/DATASET_DONE.json:11; data/DATASET_DONE.json:19; data/DATASET_DONE.json:35; data/DATASET_DONE.json:36; data/DATASET_DONE.json:41; data/DATASET_DONE.json:43; data/DATASET_DONE.json:57; data/DATASET_DONE.json:59; data/DATASET_DONE.json:81; data/DATASET_DONE.json:89; data/DATASET_DONE.json:91; data/DATASET_DONE.json:97; data/DATASET_DONE.json:105
4092,1,1,"Fig A.1 --- Six deterministic qualitative roles (REDRAW; replaces the new-paper per-case appendix figures, 4 1, plus full versions of the two roles shown in )",18,README.md:66; README.md:67; README.md:92; README.md:118; README.md:121; README.md:143; README.md:167; README.md:168; configs/reproduction.example.toml:11; data/DATASET_DONE.json:9; data/DATASET_DONE.json:11; data/DATASET_DONE.json:12; data/DATASET_DONE.json:19; data/DATASET_DONE.json:25; data/DATASET_DONE.json:27; data/DATASET_DONE.json:35; data/DATASET_DONE.json:49; data/DATASET_DONE.json:51
4094,0,0,RMSE / control-RMS P10 / P90 / highest certificate iterations / largest,17,.github/workflows/ci.yml:19; .github/workflows/ci.yml:60; CITATION.cff:1; CITATION.cff:10; data/DATASET_DONE.json:11; data/DATASET_DONE.json:19; data/DATASET_DONE.json:25; data/DATASET_DONE.json:27; data/DATASET_DONE.json:41; data/DATASET_DONE.json:49; data/DATASET_DONE.json:51; data/DATASET_DONE.json:59; data/DATASET_DONE.json:65; data/DATASET_DONE.json:83; data/DATASET_DONE.json:91; data/DATASET_DONE.json:97; data/DATASET_DONE.json:105
4094,0,0,RMSE / control-RMS P10 / P90 / highest certificate iterations / largest,17,.github/workflows/ci.yml:19; .github/workflows/ci.yml:60; CITATION.cff:1; CITATION.cff:10; data/DATASET_DONE.json:11; data/DATASET_DONE.json:19; data/DATASET_DONE.json:25; data/DATASET_DONE.json:27; data/DATASET_DONE.json:41; data/DATASET_DONE.json:49; data/DATASET_DONE.json:51; data/DATASET_DONE.json:59; data/DATASET_DONE.json:65; data/DATASET_DONE.json:83; data/DATASET_DONE.json:91; data/DATASET_DONE.json:97; data/DATASET_DONE.json:105
4096,1,1,Style: Abrar-Rashid qualitative grid; each row 1 4 (source,18,README.md:66; README.md:67; README.md:92; README.md:118; README.md:121; README.md:143; README.md:167; README.md:168; configs/reproduction.example.toml:11; data/DATASET_DONE.json:9; data/DATASET_DONE.json:11; data/DATASET_DONE.json:12; data/DATASET_DONE.json:19; data/DATASET_DONE.json:25; data/DATASET_DONE.json:27; data/DATASET_DONE.json:35; data/DATASET_DONE.json:49; data/DATASET_DONE.json:51
4101,1,1,rendering reference final\_paper/figures/official/case\_01..06\_*.pdf.,18,README.md:66; README.md:67; README.md:92; README.md:118; README.md:121; README.md:143; README.md:167; README.md:168; configs/reproduction.example.toml:11; data/DATASET_DONE.json:9; data/DATASET_DONE.json:11; data/DATASET_DONE.json:12; data/DATASET_DONE.json:19; data/DATASET_DONE.json:25; data/DATASET_DONE.json:27; data/DATASET_DONE.json:35; data/DATASET_DONE.json:49; data/DATASET_DONE.json:51
4101,06,06,rendering reference final\_paper/figures/official/case\_01..06\_*.pdf.,18,data/DATASET_DONE.json:161; data/DATASET_DONE.json:401; data/DATASET_DONE.json:449; data/DATASET_DONE.json:481; data/DATASET_DONE.json:489; data/DATASET_DONE.json:539; data/DATASET_DONE.json:609; data/DATASET_DONE.json:633; data/DATASET_DONE.json:697; data/DATASET_DONE.json:779; data/DATASET_DONE.json:1025; data/DATASET_DONE.json:1291; data/DATASET_DONE.json:1307; data/DATASET_DONE.json:1465; data/DATASET_DONE.json:1531; data/DATASET_DONE.json:1545; data/DATASET_DONE.json:1553; data/DATASET_DONE.json:1561
4103,1,1,figure\_redraw\_inventory.md Fig A.1.,18,README.md:66; README.md:67; README.md:92; README.md:118; README.md:121; README.md:143; README.md:167; README.md:168; configs/reproduction.example.toml:11; data/DATASET_DONE.json:9; data/DATASET_DONE.json:11; data/DATASET_DONE.json:12; data/DATASET_DONE.json:19; data/DATASET_DONE.json:25; data/DATASET_DONE.json:27; data/DATASET_DONE.json:35; data/DATASET_DONE.json:49; data/DATASET_DONE.json:51
4113,16,16,rfredrawindex16,20,data/DATASET_DONE.json:57; data/DATASET_DONE.json:132; data/DATASET_DONE.json:139; data/DATASET_DONE.json:187; data/DATASET_DONE.json:257; data/DATASET_DONE.json:281; data/DATASET_DONE.json:353; data/DATASET_DONE.json:593; data/DATASET_DONE.json:721; data/DATASET_DONE.json:739; data/DATASET_DONE.json:865; data/DATASET_DONE.json:953; data/DATASET_DONE.json:979; data/DATASET_DONE.json:1049; data/DATASET_DONE.json:1177; data/DATASET_DONE.json:1233; data/DATASET_DONE.json:1273; data/DATASET_DONE.json:1281; data/DATASET_DONE.json:1361; data/DATASET_DONE.json:1585
4114,3,3,Fig A.3 --- Per-subunit edge-strain p_95 (REDRAW; absorbs new-paper subunit-strain figure),18,CITATION.cff:14; README.md:5; README.md:8; README.md:55; README.md:78; README.md:94; README.md:184; data/DATASET_DONE.json:9; data/DATASET_DONE.json:25; data/DATASET_DONE.json:27; data/DATASET_DONE.json:28; data/DATASET_DONE.json:33; data/DATASET_DONE.json:35; data/DATASET_DONE.json:59; data/DATASET_DONE.json:65; data/DATASET_DONE.json:73; data/DATASET_DONE.json:75; data/DATASET_DONE.json:81
4114,95,95,Fig A.3 --- Per-subunit edge-strain p_95 (REDRAW; absorbs new-paper subunit-strain figure),20,README.md:24; README.md:36; data/DATASET_DONE.json:107; data/DATASET_DONE.json:115; data/DATASET_DONE.json:177; data/DATASET_DONE.json:225; data/DATASET_DONE.json:273; data/DATASET_DONE.json:403; data/DATASET_DONE.json:545; data/DATASET_DONE.json:561; data/DATASET_DONE.json:601; data/DATASET_DONE.json:699; data/DATASET_DONE.json:713; data/DATASET_DONE.json:739; data/DATASET_DONE.json:755; data/DATASET_DONE.json:764; data/DATASET_DONE.json:923; data/DATASET_DONE.json:1043; data/DATASET_DONE.json:1065; data/DATASET_DONE.json:1297
4117,5.2,5.2,"Style: Abrar-Rashid grouped bars, method palette of Fig 5.2.\\",0,
4120,5,5,rendering reference official/subunits\_edge\_strain\_p95.pdf.,16,data/DATASET_DONE.json:11; data/DATASET_DONE.json:17; data/DATASET_DONE.json:25; data/DATASET_DONE.json:27; data/DATASET_DONE.json:33; data/DATASET_DONE.json:41; data/DATASET_DONE.json:43; data/DATASET_DONE.json:44; data/DATASET_DONE.json:49; data/DATASET_DONE.json:51; data/DATASET_DONE.json:59; data/DATASET_DONE.json:75; data/DATASET_DONE.json:83; data/DATASET_DONE.json:91; data/DATASET_DONE.json:113; data/DATASET_DONE.json:121
4122,3,3,Fig A.3.,18,CITATION.cff:14; README.md:5; README.md:8; README.md:55; README.md:78; README.md:94; README.md:184; data/DATASET_DONE.json:9; data/DATASET_DONE.json:25; data/DATASET_DONE.json:27; data/DATASET_DONE.json:28; data/DATASET_DONE.json:33; data/DATASET_DONE.json:35; data/DATASET_DONE.json:59; data/DATASET_DONE.json:65; data/DATASET_DONE.json:73; data/DATASET_DONE.json:75; data/DATASET_DONE.json:81
4123,95,95,"Post-hoc per-subunit edge-strain p_95 decomposition,",20,README.md:24; README.md:36; data/DATASET_DONE.json:107; data/DATASET_DONE.json:115; data/DATASET_DONE.json:177; data/DATASET_DONE.json:225; data/DATASET_DONE.json:273; data/DATASET_DONE.json:403; data/DATASET_DONE.json:545; data/DATASET_DONE.json:561; data/DATASET_DONE.json:601; data/DATASET_DONE.json:699; data/DATASET_DONE.json:713; data/DATASET_DONE.json:739; data/DATASET_DONE.json:755; data/DATASET_DONE.json:764; data/DATASET_DONE.json:923; data/DATASET_DONE.json:1043; data/DATASET_DONE.json:1065; data/DATASET_DONE.json:1297
4135,3,3,under which the localized neural 3DMM editors of,18,CITATION.cff:14; README.md:5; README.md:8; README.md:55; README.md:78; README.md:94; README.md:184; data/DATASET_DONE.json:9; data/DATASET_DONE.json:25; data/DATASET_DONE.json:27; data/DATASET_DONE.json:28; data/DATASET_DONE.json:33; data/DATASET_DONE.json:35; data/DATASET_DONE.json:59; data/DATASET_DONE.json:65; data/DATASET_DONE.json:73; data/DATASET_DONE.json:75; data/DATASET_DONE.json:81
4139,3,3,Comparability protocol for localized neural 3DMM editors,18,CITATION.cff:14; README.md:5; README.md:8; README.md:55; README.md:78; README.md:94; README.md:184; data/DATASET_DONE.json:9; data/DATASET_DONE.json:25; data/DATASET_DONE.json:27; data/DATASET_DONE.json:28; data/DATASET_DONE.json:33; data/DATASET_DONE.json:35; data/DATASET_DONE.json:59; data/DATASET_DONE.json:65; data/DATASET_DONE.json:73; data/DATASET_DONE.json:75; data/DATASET_DONE.json:81
4156,024,024,one forward pass . Retraining its autoencoder on the,13,data/DATASET_DONE.json:569; data/DATASET_DONE.json:723; data/DATASET_DONE.json:3841; data/manifest.json:647; data/manifest.json:4328; splits/facescape_847/split_manifest.json:11185; splits/facescape_847/split_manifest.json:12909; splits/facescape_847/split_manifest.json:13149; splits/facescape_847/split_manifest.json:13764; splits/facescape_847/split_manifest.json:15414; splits/facescape_847/split_manifest.json:19044; splits/facescape_847/split_manifest.json:21699; tests/test_regional_analysis.py:11
4167,024,024,region conditioned on the controls . Because,13,data/DATASET_DONE.json:569; data/DATASET_DONE.json:723; data/DATASET_DONE.json:3841; data/manifest.json:647; data/manifest.json:4328; splits/facescape_847/split_manifest.json:11185; splits/facescape_847/split_manifest.json:12909; splits/facescape_847/split_manifest.json:13149; splits/facescape_847/split_manifest.json:13764; splits/facescape_847/split_manifest.json:15414; splits/facescape_847/split_manifest.json:19044; splits/facescape_847/split_manifest.json:21699; tests/test_regional_analysis.py:11
4177,023,023,"region-latent optimisation ),",13,data/DATASET_DONE.json:393; data/DATASET_DONE.json:619; data/DATASET_DONE.json:1371; data/DATASET_DONE.json:2081; data/DATASET_DONE.json:6363; data/manifest.json:449; data/manifest.json:2348; splits/facescape_847/split_manifest.json:10119; splits/facescape_847/split_manifest.json:10990; splits/facescape_847/split_manifest.json:12400; splits/facescape_847/split_manifest.json:13419; splits/facescape_847/split_manifest.json:21760; splits/facescape_847/split_manifest.json:26888
4177,025,025,"region-latent optimisation ),",6,data/DATASET_DONE.json:2529; data/DATASET_DONE.json:6529; data/manifest.json:2852; data/manifest.json:7352; splits/facescape_847/split_manifest.json:10509; splits/facescape_847/split_manifest.json:12879
4185,120,120,"120 identities, ImHead's roughly 4K-identity corpus), so zero-shot use would",20,data/DATASET_DONE.json:353; data/DATASET_DONE.json:803; data/DATASET_DONE.json:964; data/DATASET_DONE.json:1739; data/DATASET_DONE.json:6265; data/manifest.json:404; data/manifest.json:1082; data/manifest.json:1083; data/manifest.json:7055; reproducibility/source_snapshots/final_holdout_v1/SOURCE_MANIFEST.json:88; results/rbsr_final_rerun_holdout_v1/ALL_MODELS_FROZEN_BEFORE_TEST.json:18; results/rbsr_final_rerun_holdout_v1/posthoc_subunit_analysis_v1/POSTHOC_SUBUNIT_ANALYSIS_PROTOCOL_FREEZE.json:116; results/rbsr_final_rerun_holdout_v1/posthoc_subunit_analysis_v1/figures/FIGURE_EVIDENCE.json:35; results/rbsr_final_rerun_holdout_v1/posthoc_subunit_analysis_v1/figures/spatial_diagnostics_lamm.png.sha256.json:4; results/rbsr_final_rerun_holdout_v1/posthoc_subunit_analysis_v1/personalization/pair_metrics_all_variants.csv:122; results/rbsr_final_rerun_holdout_v1/posthoc_subunit_analysis_v1/personalization/pair_metrics_all_variants.csv:4952; results/rbsr_final_rerun_holdout_v1/posthoc_subunit_analysis_v1/personalization/pair_metrics_all_variants.csv:9782; results/rbsr_final_rerun_holdout_v1/posthoc_subunit_analysis_v1/personalization/pair_metrics_all_variants.csv:14612; results/rbsr_final_rerun_holdout_v1/protocol/final_rerun_holdout_split_manifest.json:269; results/rbsr_final_rerun_holdout_v1/protocol/final_rerun_holdout_train_pairs.json:54
4185,4,4,"120 identities, ImHead's roughly 4K-identity corpus), so zero-shot use would",14,README.md:98; data/DATASET_DONE.json:11; data/DATASET_DONE.json:19; data/DATASET_DONE.json:35; data/DATASET_DONE.json:36; data/DATASET_DONE.json:41; data/DATASET_DONE.json:43; data/DATASET_DONE.json:57; data/DATASET_DONE.json:59; data/DATASET_DONE.json:81; data/DATASET_DONE.json:89; data/DATASET_DONE.json:91; data/DATASET_DONE.json:97; data/DATASET_DONE.json:105
4206,128,128,six-metric analysis and the supplementary PCA-128--versus--LAMM three-metric,19,data/DATASET_DONE.json:1028; data/manifest.json:1154; data/manifest.json:1155; demo/public/bundle/manifest.json:15; demo/src/engine/certifiedLocal.js:75; demo/src/engine/certifiedLocal.js:76; demo/src/engine/certifiedLocal.js:77; demo/src/engine/certifiedLocal.js:78; demo/src/engine/certifiedLocal.js:80; demo/src/engine/certifiedLocal.js:89; demo/src/engine/certifiedLocal.js:90; demo/src/engine/certifiedLocal.js:97; demo/src/engine/certifiedLocal.js:98; demo/src/engine/certifiedLocal.js:101; demo/src/engine/certifiedLocal.js:107; demo/src/engine/certifiedLocal.js:108; demo/src/engine/certifiedLocal.js:109; demo/src/engine/certifiedLocal.js:110; demo/src/engine/certifiedLocal.js:113
4211,51,51,"browser build is verified by demo/verify.mjs, whose 51 conformance",19,data/DATASET_DONE.json:57; data/DATASET_DONE.json:123; data/DATASET_DONE.json:297; data/DATASET_DONE.json:321; data/DATASET_DONE.json:329; data/DATASET_DONE.json:403; data/DATASET_DONE.json:412; data/DATASET_DONE.json:539; data/DATASET_DONE.json:595; data/DATASET_DONE.json:873; data/DATASET_DONE.json:985; data/DATASET_DONE.json:1051; data/DATASET_DONE.json:1105; data/DATASET_DONE.json:1563; data/DATASET_DONE.json:1825; data/DATASET_DONE.json:2043; data/DATASET_DONE.json:2073; data/DATASET_DONE.json:2115; data/DATASET_DONE.json:2153
4216,256,256,"SHA-256 sidecar, the result-tree manifest pins the complete evidence chain,",20,data/DATASET_DONE.json:9; data/DATASET_DONE.json:11; data/DATASET_DONE.json:17; data/DATASET_DONE.json:19; data/DATASET_DONE.json:25; data/DATASET_DONE.json:27; data/DATASET_DONE.json:33; data/DATASET_DONE.json:35; data/DATASET_DONE.json:41; data/DATASET_DONE.json:43; data/DATASET_DONE.json:49; data/DATASET_DONE.json:51; data/DATASET_DONE.json:57; data/DATASET_DONE.json:59; data/DATASET_DONE.json:65; data/DATASET_DONE.json:67; data/DATASET_DONE.json:73; data/DATASET_DONE.json:75; data/DATASET_DONE.json:81; data/DATASET_DONE.json:83
4221,20260609,20260609,(training/global/bootstrap/noise seed 20260609; final split/pair seed,20,demo/README.md:44; demo/public/bundle/manifest.json:35; docs/EVIDENCE_STATUS.md:13; docs/final_tables/FINAL_PAPER_TABLES.json:25; docs/final_tables/FINAL_PAPER_TABLES.json:26; docs/final_tables/FINAL_PAPER_TABLES.json:27; docs/final_tables/FINAL_PAPER_TABLES.json:28; experiments/lamm/README.md:20; experiments/lamm/run_lamm_facescape.py:863; experiments/lamm/run_lamm_facescape.py:1123; reproducibility/RELEASE_ASSET_MANIFEST.json:9; reproducibility/RELEASE_ASSET_MANIFEST.json:15; reproducibility/RELEASE_ASSET_MANIFEST.json:21; reproducibility/RELEASE_ASSET_MANIFEST.json:27; reproducibility/RELEASE_ASSET_MANIFEST.json:33; reproducibility/source_snapshots/final_holdout_v1/source/experiments/lamm/run_lamm_facescape.py:863; reproducibility/source_snapshots/final_holdout_v1/source/experiments/lamm/run_lamm_facescape.py:1123; reproducibility/source_snapshots/final_holdout_v1/source/scripts/evaluation/direct_paired_statistics.py:83; reproducibility/source_snapshots/posthoc_subunits_v1/source/experiments/lamm/run_lamm_facescape.py:863; reproducibility/source_snapshots/posthoc_subunits_v1/source/experiments/lamm/run_lamm_facescape.py:1123
4222,20260809,20260809,"20260809), and the",10,results/rbsr_final_rerun_holdout_v1/FINAL_RESULT_FREEZE_AUDIT.json:78; results/rbsr_final_rerun_holdout_v1/protocol/FINAL_RERUN_HOLDOUT_POLICY_FREEZE.json:66; results/rbsr_final_rerun_holdout_v1/protocol/final_rerun_holdout_split_manifest.json:113; results/rbsr_final_rerun_holdout_v1/protocol/final_rerun_holdout_train_pairs.json:4066; results/rbsr_final_rerun_holdout_v1/rbsr/seed20260609/base/neural_field_metadata_cvae_ew0p1_lw0.json:28; results/rbsr_final_rerun_holdout_v1/rbsr/seed20260609/base/neural_field_metadata_cvae_ew0p1_lw0.json:101; results/rbsr_final_rerun_holdout_v1/rbsr/seed20260609/base/neural_field_summary_cvae_ew0p1_lw0.json:81; results/supplemental_rbsr_lamm_dominance_search_v1/release_evidence/protocol/final_rerun_holdout_train_pairs.json:4066; tests/test_confirmation_split.py:15; tests/test_confirmation_split.py:16
4230,256,256,"tables and SHA-256 sidecars), docs/final\_tables/ (the audited",20,data/DATASET_DONE.json:9; data/DATASET_DONE.json:11; data/DATASET_DONE.json:17; data/DATASET_DONE.json:19; data/DATASET_DONE.json:25; data/DATASET_DONE.json:27; data/DATASET_DONE.json:33; data/DATASET_DONE.json:35; data/DATASET_DONE.json:41; data/DATASET_DONE.json:43; data/DATASET_DONE.json:49; data/DATASET_DONE.json:51; data/DATASET_DONE.json:57; data/DATASET_DONE.json:59; data/DATASET_DONE.json:65; data/DATASET_DONE.json:67; data/DATASET_DONE.json:73; data/DATASET_DONE.json:75; data/DATASET_DONE.json:81; data/DATASET_DONE.json:83
4237,99,99,thebibliography99,20,data/DATASET_DONE.json:113; data/DATASET_DONE.json:251; data/DATASET_DONE.json:723; data/DATASET_DONE.json:729; data/DATASET_DONE.json:796; data/DATASET_DONE.json:811; data/DATASET_DONE.json:867; data/DATASET_DONE.json:899; data/DATASET_DONE.json:995; data/DATASET_DONE.json:1097; data/DATASET_DONE.json:1107; data/DATASET_DONE.json:1137; data/DATASET_DONE.json:1169; data/DATASET_DONE.json:1217; data/DATASET_DONE.json:1251; data/DATASET_DONE.json:1281; data/DATASET_DONE.json:1443; data/DATASET_DONE.json:1577; data/DATASET_DONE.json:1691; data/DATASET_DONE.json:1841
4240,018,018,"bouaoud2018 J. Bouaoud et al., ``Functional and aesthetic",12,data/DATASET_DONE.json:2081; data/DATASET_DONE.json:4699; data/manifest.json:2348; results/rbsr_final_rerun_holdout_v1/FINAL_CONFIRMATION_EVIDENCE.json:80; results/rbsr_final_rerun_holdout_v1/RESULT_TREE_MANIFEST.json:557; results/rbsr_final_rerun_holdout_v1/posthoc_subunit_analysis_v1/qualitative/QUALITATIVE_CASE_SELECTION_FREEZE.json:106; results/rbsr_final_rerun_holdout_v1/rbsr/seed20260609/one_shot_test/projection_diagnostics_test.csv.sha256.json:4; results/rbsr_final_rerun_holdout_v1/rbsr/seed20260609/one_shot_test/rbsr_evaluation_test.json:95; splits/facescape_847/split_manifest.json:13134; splits/facescape_847/split_manifest.json:13314; splits/facescape_847/split_manifest.json:18640; splits/facescape_847/split_manifest.json:22995
4242,6,6,"Glob. Open, vol. 6, no. 9, e1884, 2018. doi:10.1097/GOX.0000000000001884.",14,.github/workflows/ci.yml:17; .github/workflows/ci.yml:20; .github/workflows/ci.yml:51; .github/workflows/ci.yml:52; THIRD_PARTY.md:26; configs/reproduction.example.toml:19; data/DATASET_DONE.json:9; data/DATASET_DONE.json:11; data/DATASET_DONE.json:25; data/DATASET_DONE.json:27; data/DATASET_DONE.json:35; data/DATASET_DONE.json:51; data/DATASET_DONE.json:52; data/DATASET_DONE.json:57
4242,9,9,"Glob. Open, vol. 6, no. 9, e1884, 2018. doi:10.1097/GOX.0000000000001884.",16,data/DATASET_DONE.json:9; data/DATASET_DONE.json:19; data/DATASET_DONE.json:35; data/DATASET_DONE.json:41; data/DATASET_DONE.json:49; data/DATASET_DONE.json:57; data/DATASET_DONE.json:76; data/DATASET_DONE.json:83; data/DATASET_DONE.json:97; data/DATASET_DONE.json:105; data/DATASET_DONE.json:121; data/DATASET_DONE.json:137; data/DATASET_DONE.json:139; data/DATASET_DONE.json:163; data/DATASET_DONE.json:169; data/DATASET_DONE.json:179
4242,884,884,"Glob. Open, vol. 6, no. 9, e1884, 2018. doi:10.1097/GOX.0000000000001884.",19,data/DATASET_DONE.json:81; data/DATASET_DONE.json:3267; data/DATASET_DONE.json:4697; data/DATASET_DONE.json:5835; data/DATASET_DONE.json:6059; data/manifest.json:98; data/manifest.json:5291; results/rbsr_final_rerun_holdout_v1/posthoc_subunit_analysis_v1/personalization/pair_metrics_all_variants.csv:886; results/rbsr_final_rerun_holdout_v1/posthoc_subunit_analysis_v1/personalization/pair_metrics_all_variants.csv:5716; results/rbsr_final_rerun_holdout_v1/posthoc_subunit_analysis_v1/personalization/pair_metrics_all_variants.csv:10546; results/rbsr_final_rerun_holdout_v1/posthoc_subunit_analysis_v1/personalization/pair_metrics_all_variants.csv:15376; roi/subunits.json:4820; splits/facescape_847/split_manifest.json:13284; splits/facescape_847/split_manifest.json:15955; splits/facescape_847/split_manifest.json:17664; splits/facescape_847/split_manifest.json:20770; splits/facescape_847/split_manifest.json:21190; splits/facescape_847/split_manifest.json:21219; splits/facescape_847/split_manifest.json:22984
4242,2018,2018,"Glob. Open, vol. 6, no. 9, e1884, 2018. doi:10.1097/GOX.0000000000001884.",10,data/DATASET_DONE.json:497; data/DATASET_DONE.json:6121; data/manifest.json:566; data/manifest.json:6893; results/rbsr_final_rerun_holdout_v1/posthoc_subunit_analysis_v1/noise/STRICT_NOISE_ROBUSTNESS_EVIDENCE.json.sha256.json:2; results/rbsr_final_rerun_holdout_v1/posthoc_subunit_analysis_v1/personalization/pair_metrics_all_variants.csv:2020; results/rbsr_final_rerun_holdout_v1/posthoc_subunit_analysis_v1/personalization/pair_metrics_all_variants.csv:6850; results/rbsr_final_rerun_holdout_v1/posthoc_subunit_analysis_v1/personalization/pair_metrics_all_variants.csv:11680; results/rbsr_final_rerun_holdout_v1/posthoc_subunit_analysis_v1/personalization/pair_metrics_all_variants.csv:16510; roi/subunits.json:773
4242,10.1097,10.1097,"Glob. Open, vol. 6, no. 9, e1884, 2018. doi:10.1097/GOX.0000000000001884.",0,
4242,0000000000001884,0000000000001884,"Glob. Open, vol. 6, no. 9, e1884, 2018. doi:10.1097/GOX.0000000000001884.",0,
4244,024,024,"dissat2024 K. Zhang, E. C. Deane, and D. G. Becker, ``Persistent",13,data/DATASET_DONE.json:569; data/DATASET_DONE.json:723; data/DATASET_DONE.json:3841; data/manifest.json:647; data/manifest.json:4328; splits/facescape_847/split_manifest.json:11185; splits/facescape_847/split_manifest.json:12909; splits/facescape_847/split_manifest.json:13149; splits/facescape_847/split_manifest.json:13764; splits/facescape_847/split_manifest.json:15414; splits/facescape_847/split_manifest.json:19044; splits/facescape_847/split_manifest.json:21699; tests/test_regional_analysis.py:11
4246,11,11,"patient,'' Plastic and Aesthetic Research, vol. 11, art. 23, 2024.",19,data/DATASET_DONE.json:11; data/DATASET_DONE.json:17; data/DATASET_DONE.json:81; data/DATASET_DONE.json:89; data/DATASET_DONE.json:92; data/DATASET_DONE.json:113; data/DATASET_DONE.json:131; data/DATASET_DONE.json:281; data/DATASET_DONE.json:289; data/DATASET_DONE.json:531; data/DATASET_DONE.json:563; data/DATASET_DONE.json:627; data/DATASET_DONE.json:715; data/DATASET_DONE.json:777; data/DATASET_DONE.json:873; data/DATASET_DONE.json:899; data/DATASET_DONE.json:953; data/DATASET_DONE.json:1051; data/DATASET_DONE.json:1409
4246,23,23,"patient,'' Plastic and Aesthetic Research, vol. 11, art. 23, 2024.",19,data/DATASET_DONE.json:25; data/DATASET_DONE.json:188; data/DATASET_DONE.json:227; data/DATASET_DONE.json:633; data/DATASET_DONE.json:713; data/DATASET_DONE.json:857; data/DATASET_DONE.json:881; data/DATASET_DONE.json:1091; data/DATASET_DONE.json:1281; data/DATASET_DONE.json:1497; data/DATASET_DONE.json:1595; data/DATASET_DONE.json:1913; data/DATASET_DONE.json:1995; data/DATASET_DONE.json:2067; data/DATASET_DONE.json:2649; data/DATASET_DONE.json:2915; data/DATASET_DONE.json:3257; data/DATASET_DONE.json:3315; data/DATASET_DONE.json:3355
4246,2024,2024,"patient,'' Plastic and Aesthetic Research, vol. 11, art. 23, 2024.",20,data/DATASET_DONE.json:4035; experiments/lamm/README.md:3; experiments/lamm/run_lamm_facescape.py:3; experiments/lamm/run_lamm_facescape.py:821; reproducibility/source_snapshots/final_holdout_v1/source/experiments/lamm/run_lamm_facescape.py:3; reproducibility/source_snapshots/final_holdout_v1/source/experiments/lamm/run_lamm_facescape.py:821; reproducibility/source_snapshots/posthoc_subunits_v1/source/experiments/lamm/run_lamm_facescape.py:3; reproducibility/source_snapshots/posthoc_subunits_v1/source/experiments/lamm/run_lamm_facescape.py:821; reproducibility/source_snapshots/posthoc_subunits_v1/source/scripts/evaluation/lamm_validation_reference.py:264; reproducibility/source_snapshots/supplemental_dominance_v1/source_corrected/scripts/evaluation/lamm_validation_reference.py:210; reproducibility/source_snapshots/supplemental_dominance_v1/source_pre_erratum/scripts/evaluation/lamm_validation_reference.py:210; results/rbsr_final_rerun_holdout_v1/lamm/seed20260609/lamm_test_summary.json:13; results/rbsr_final_rerun_holdout_v1/lamm/seed20260609/run_provenance.json:98; results/rbsr_final_rerun_holdout_v1/posthoc_subunit_analysis_v1/personalization/pair_metrics_all_variants.csv:2026; results/rbsr_final_rerun_holdout_v1/posthoc_subunit_analysis_v1/personalization/pair_metrics_all_variants.csv:6856; results/rbsr_final_rerun_holdout_v1/posthoc_subunit_analysis_v1/personalization/pair_metrics_all_variants.csv:11686; results/rbsr_final_rerun_holdout_v1/posthoc_subunit_analysis_v1/personalization/pair_metrics_all_variants.csv:16516; results/supplemental_rbsr_lamm_dominance_search_v1/release_evidence/frozen_lamm/lamm_test_summary.json:13; results/supplemental_rbsr_lamm_dominance_search_v1/release_evidence/validation/lamm_validation_summary.json:15; roi/subunits.json:779
4247,10.20517,10.20517,doi:10.20517/2347-9264.2023.111.,0,
4247,2347,2347,doi:10.20517/2347-9264.2023.111.,6,results/rbsr_final_rerun_holdout_v1/posthoc_subunit_analysis_v1/personalization/pair_metrics_all_variants.csv:2349; results/rbsr_final_rerun_holdout_v1/posthoc_subunit_analysis_v1/personalization/pair_metrics_all_variants.csv:7179; results/rbsr_final_rerun_holdout_v1/posthoc_subunit_analysis_v1/personalization/pair_metrics_all_variants.csv:12009; results/rbsr_final_rerun_holdout_v1/posthoc_subunit_analysis_v1/personalization/pair_metrics_all_variants.csv:16839; results/rbsr_final_rerun_holdout_v1/rbsr/seed20260609/one_shot_test/projection_diagnostics_test.csv:102; roi/subunits.json:3293
4247,-9264.2023,-9264.2023,doi:10.20517/2347-9264.2023.111.,0,
4247,111,111,doi:10.20517/2347-9264.2023.111.,20,data/DATASET_DONE.json:892; data/DATASET_DONE.json:4145; data/DATASET_DONE.json:4641; data/manifest.json:1001; data/manifest.json:1002; data/manifest.json:4670; data/manifest.json:5228; results/rbsr_final_rerun_holdout_v1/FINAL_CONFIRMATION_EVIDENCE.json:9; results/rbsr_final_rerun_holdout_v1/RESULT_TREE_MANIFEST.json:202; results/rbsr_final_rerun_holdout_v1/direct_paired_statistics/paired_all_vs_ridge.json.sha256.json:4; results/rbsr_final_rerun_holdout_v1/posthoc_subunit_analysis_v1/personalization/pair_metrics_all_variants.csv:113; results/rbsr_final_rerun_holdout_v1/posthoc_subunit_analysis_v1/personalization/pair_metrics_all_variants.csv:4943; results/rbsr_final_rerun_holdout_v1/posthoc_subunit_analysis_v1/personalization/pair_metrics_all_variants.csv:9773; results/rbsr_final_rerun_holdout_v1/posthoc_subunit_analysis_v1/personalization/pair_metrics_all_variants.csv:14603; results/rbsr_final_rerun_holdout_v1/protocol/final_rerun_holdout_split_manifest.json:262; results/rbsr_final_rerun_holdout_v1/protocol/final_rerun_holdout_train_pairs.json:47; results/rbsr_final_rerun_holdout_v1/protocol/final_rerun_holdout_train_pairs.json:758; results/rbsr_final_rerun_holdout_v1/protocol/final_rerun_holdout_train_pairs.json:2283; results/rbsr_final_rerun_holdout_v1/protocol/final_rerun_holdout_train_pairs.json:2950; results/supplemental_rbsr_lamm_dominance_search_v1/release_evidence/protocol/final_rerun_holdout_train_pairs.json:47
4251,116,116,"The Journal of Laryngology \ Otology, vol. 116, no. 12, pp. 1009--1013,",20,data/DATASET_DONE.json:932; data/DATASET_DONE.json:3931; data/DATASET_DONE.json:5089; data/DATASET_DONE.json:5145; data/DATASET_DONE.json:5395; data/DATASET_DONE.json:5449; data/manifest.json:1046; data/manifest.json:1047; data/manifest.json:5732; data/manifest.json:5795; data/manifest.json:6137; docs/final_tables/FINAL_PAPER_TABLES.json:23; results/rbsr_final_rerun_holdout_v1/CLASSICAL_TEST_ACCESS_RECEIPT.json:11; results/rbsr_final_rerun_holdout_v1/FINAL_CONFIRMATION_EVIDENCE.json:7; results/rbsr_final_rerun_holdout_v1/RESULT_TREE_MANIFEST.json:72; results/rbsr_final_rerun_holdout_v1/classical/classical_confirmation_test_summary.json.sha256.json:4; results/rbsr_final_rerun_holdout_v1/posthoc_subunit_analysis_v1/personalization/pair_metrics_all_variants.csv:118; results/rbsr_final_rerun_holdout_v1/posthoc_subunit_analysis_v1/personalization/pair_metrics_all_variants.csv:4948; results/rbsr_final_rerun_holdout_v1/posthoc_subunit_analysis_v1/personalization/pair_metrics_all_variants.csv:9778; results/rbsr_final_rerun_holdout_v1/posthoc_subunit_analysis_v1/personalization/pair_metrics_all_variants.csv:14608
4251,12,12,"The Journal of Laryngology \ Otology, vol. 116, no. 12, pp. 1009--1013,",19,data/DATASET_DONE.json:9; data/DATASET_DONE.json:81; data/DATASET_DONE.json:100; data/DATASET_DONE.json:115; data/DATASET_DONE.json:187; data/DATASET_DONE.json:251; data/DATASET_DONE.json:273; data/DATASET_DONE.json:409; data/DATASET_DONE.json:417; data/DATASET_DONE.json:483; data/DATASET_DONE.json:571; data/DATASET_DONE.json:625; data/DATASET_DONE.json:667; data/DATASET_DONE.json:1673; data/DATASET_DONE.json:1689; data/DATASET_DONE.json:1771; data/DATASET_DONE.json:1851; data/DATASET_DONE.json:1865; data/DATASET_DONE.json:2105
4251,1009,1009,"The Journal of Laryngology \ Otology, vol. 116, no. 12, pp. 1009--1013,",8,data/DATASET_DONE.json:5297; data/manifest.json:5966; results/rbsr_final_rerun_holdout_v1/posthoc_subunit_analysis_v1/personalization/pair_metrics_all_variants.csv:1011; results/rbsr_final_rerun_holdout_v1/posthoc_subunit_analysis_v1/personalization/pair_metrics_all_variants.csv:5841; results/rbsr_final_rerun_holdout_v1/posthoc_subunit_analysis_v1/personalization/pair_metrics_all_variants.csv:10671; results/rbsr_final_rerun_holdout_v1/posthoc_subunit_analysis_v1/personalization/pair_metrics_all_variants.csv:15501; results/supplemental_rbsr_lamm_dominance_search_v1/release_evidence/validation/RBSR_LAMM_REFERENCE_CALIBRATION_FREEZE.json:445; roi/subunits.json:7115
4251,-1013,-1013,"The Journal of Laryngology \ Otology, vol. 116, no. 12, pp. 1009--1013,",0,
4252,2002,2002,2002. doi:10.1258/002221502761698748.,5,results/rbsr_final_rerun_holdout_v1/posthoc_subunit_analysis_v1/personalization/pair_metrics_all_variants.csv:2004; results/rbsr_final_rerun_holdout_v1/posthoc_subunit_analysis_v1/personalization/pair_metrics_all_variants.csv:6834; results/rbsr_final_rerun_holdout_v1/posthoc_subunit_analysis_v1/personalization/pair_metrics_all_variants.csv:11664; results/rbsr_final_rerun_holdout_v1/posthoc_subunit_analysis_v1/personalization/pair_metrics_all_variants.csv:16494; roi/subunits.json:757
4252,10.1258,10.1258,2002. doi:10.1258/002221502761698748.,0,
4252,002221502761698748,002221502761698748,2002. doi:10.1258/002221502761698748.,0,
4254,019,019,"morph3d2019 G. Lekakis, G. Hens, P. Claes, and P. W. Hellings,",6,data/DATASET_DONE.json:2347; data/DATASET_DONE.json:4147; data/DATASET_DONE.json:4339; splits/facescape_847/split_manifest.json:14230; splits/facescape_847/split_manifest.json:17605; splits/facescape_847/split_manifest.json:17965
4256,7,7,"Plastic and Reconstructive Surgery -- Global Open, vol. 7, no. 1, e2063,",15,data/DATASET_DONE.json:9; data/DATASET_DONE.json:11; data/DATASET_DONE.json:17; data/DATASET_DONE.json:19; data/DATASET_DONE.json:25; data/DATASET_DONE.json:27; data/DATASET_DONE.json:41; data/DATASET_DONE.json:49; data/DATASET_DONE.json:51; data/DATASET_DONE.json:57; data/DATASET_DONE.json:60; data/DATASET_DONE.json:65; data/DATASET_DONE.json:81; data/DATASET_DONE.json:91; data/DATASET_DONE.json:99
4256,1,1,"Plastic and Reconstructive Surgery -- Global Open, vol. 7, no. 1, e2063,",18,README.md:66; README.md:67; README.md:92; README.md:118; README.md:121; README.md:143; README.md:167; README.md:168; configs/reproduction.example.toml:11; data/DATASET_DONE.json:9; data/DATASET_DONE.json:11; data/DATASET_DONE.json:12; data/DATASET_DONE.json:19; data/DATASET_DONE.json:25; data/DATASET_DONE.json:27; data/DATASET_DONE.json:35; data/DATASET_DONE.json:49; data/DATASET_DONE.json:51
4256,063,063,"Plastic and Reconstructive Surgery -- Global Open, vol. 7, no. 1, e2063,",7,data/DATASET_DONE.json:931; data/DATASET_DONE.json:1521; data/manifest.json:1718; splits/facescape_847/split_manifest.json:11575; splits/facescape_847/split_manifest.json:18774; splits/facescape_847/split_manifest.json:19329; splits/facescape_847/split_manifest.json:20649
4257,2019,2019,2019. doi:10.1097/GOX.0000000000002063. (PMID: 30859032).,7,data/DATASET_DONE.json:3721; data/manifest.json:4193; results/rbsr_final_rerun_holdout_v1/posthoc_subunit_analysis_v1/personalization/pair_metrics_all_variants.csv:2021; results/rbsr_final_rerun_holdout_v1/posthoc_subunit_analysis_v1/personalization/pair_metrics_all_variants.csv:6851; results/rbsr_final_rerun_holdout_v1/posthoc_subunit_analysis_v1/personalization/pair_metrics_all_variants.csv:11681; results/rbsr_final_rerun_holdout_v1/posthoc_subunit_analysis_v1/personalization/pair_metrics_all_variants.csv:16511; roi/subunits.json:774
4257,10.1097,10.1097,2019. doi:10.1097/GOX.0000000000002063. (PMID: 30859032).,0,
4257,0000000000002063,0000000000002063,2019. doi:10.1097/GOX.0000000000002063. (PMID: 30859032).,0,
4257,30859032,30859032,2019. doi:10.1097/GOX.0000000000002063. (PMID: 30859032).,0,
4259,025,025,"sim3d2025 K. Yamamichi, Y. Nakanishi, and Y.-H. Chen,",6,data/DATASET_DONE.json:2529; data/DATASET_DONE.json:6529; data/manifest.json:2852; data/manifest.json:7352; splits/facescape_847/split_manifest.json:10509; splits/facescape_847/split_manifest.json:12879
4261,10,10,"rhinoplasty,'' Aesthetic Surgery Journal Open Forum, art. ojaf110, 2025.",20,data/DATASET_DONE.json:84; data/DATASET_DONE.json:329; data/DATASET_DONE.json:353; data/DATASET_DONE.json:459; data/DATASET_DONE.json:1041; data/DATASET_DONE.json:1171; data/DATASET_DONE.json:1283; data/DATASET_DONE.json:1353; data/DATASET_DONE.json:1529; data/DATASET_DONE.json:1649; data/DATASET_DONE.json:1859; data/DATASET_DONE.json:1937; data/DATASET_DONE.json:2001; data/DATASET_DONE.json:2059; data/DATASET_DONE.json:2155; data/DATASET_DONE.json:2457; data/DATASET_DONE.json:2513; data/DATASET_DONE.json:2553; data/DATASET_DONE.json:2601; data/DATASET_DONE.json:2603
4261,2025,2025,"rhinoplasty,'' Aesthetic Surgery Journal Open Forum, art. ojaf110, 2025.",6,results/rbsr_final_rerun_holdout_v1/posthoc_subunit_analysis_v1/personalization/pair_metrics_all_variants.csv:2027; results/rbsr_final_rerun_holdout_v1/posthoc_subunit_analysis_v1/personalization/pair_metrics_all_variants.csv:6857; results/rbsr_final_rerun_holdout_v1/posthoc_subunit_analysis_v1/personalization/pair_metrics_all_variants.csv:11687; results/rbsr_final_rerun_holdout_v1/posthoc_subunit_analysis_v1/personalization/pair_metrics_all_variants.csv:16517; roi/subunits.json:780; splits/facescape_847/split_manifest.json:15954
4262,10.1093,10.1093,doi:10.1093/asjof/ojaf110. (PMID: 41048375).,0,
4262,10,10,doi:10.1093/asjof/ojaf110. (PMID: 41048375).,20,data/DATASET_DONE.json:84; data/DATASET_DONE.json:329; data/DATASET_DONE.json:353; data/DATASET_DONE.json:459; data/DATASET_DONE.json:1041; data/DATASET_DONE.json:1171; data/DATASET_DONE.json:1283; data/DATASET_DONE.json:1353; data/DATASET_DONE.json:1529; data/DATASET_DONE.json:1649; data/DATASET_DONE.json:1859; data/DATASET_DONE.json:1937; data/DATASET_DONE.json:2001; data/DATASET_DONE.json:2059; data/DATASET_DONE.json:2155; data/DATASET_DONE.json:2457; data/DATASET_DONE.json:2513; data/DATASET_DONE.json:2553; data/DATASET_DONE.json:2601; data/DATASET_DONE.json:2603
4262,41048375,41048375,doi:10.1093/asjof/ojaf110. (PMID: 41048375).,0,
4264,025,025,"awareness2025 A. Yeni ceri, N. G\""ulhan Ya sar, B. Haz r, and",6,data/DATASET_DONE.json:2529; data/DATASET_DONE.json:6529; data/manifest.json:2852; data/manifest.json:7352; splits/facescape_847/split_manifest.json:10509; splits/facescape_847/split_manifest.json:12879
4267,55,55,"Sciences, vol. 55, no. 6, pp. 1417--1423, 2025.",20,data/DATASET_DONE.json:49; data/DATASET_DONE.json:65; data/DATASET_DONE.json:195; data/DATASET_DONE.json:369; data/DATASET_DONE.json:443; data/DATASET_DONE.json:444; data/DATASET_DONE.json:579; data/DATASET_DONE.json:635; data/DATASET_DONE.json:867; data/DATASET_DONE.json:899; data/DATASET_DONE.json:1009; data/DATASET_DONE.json:1203; data/DATASET_DONE.json:1321; data/DATASET_DONE.json:1345; data/DATASET_DONE.json:1361; data/DATASET_DONE.json:1499; data/DATASET_DONE.json:1513; data/DATASET_DONE.json:1545; data/DATASET_DONE.json:1569; data/DATASET_DONE.json:1963
4267,6,6,"Sciences, vol. 55, no. 6, pp. 1417--1423, 2025.",14,.github/workflows/ci.yml:17; .github/workflows/ci.yml:20; .github/workflows/ci.yml:51; .github/workflows/ci.yml:52; THIRD_PARTY.md:26; configs/reproduction.example.toml:19; data/DATASET_DONE.json:9; data/DATASET_DONE.json:11; data/DATASET_DONE.json:25; data/DATASET_DONE.json:27; data/DATASET_DONE.json:35; data/DATASET_DONE.json:51; data/DATASET_DONE.json:52; data/DATASET_DONE.json:57
4267,1417,1417,"Sciences, vol. 55, no. 6, pp. 1417--1423, 2025.",9,results/rbsr_final_rerun_holdout_v1/posthoc_subunit_analysis_v1/personalization/pair_metrics_all_variants.csv:1419; results/rbsr_final_rerun_holdout_v1/posthoc_subunit_analysis_v1/personalization/pair_metrics_all_variants.csv:6249; results/rbsr_final_rerun_holdout_v1/posthoc_subunit_analysis_v1/personalization/pair_metrics_all_variants.csv:11079; results/rbsr_final_rerun_holdout_v1/posthoc_subunit_analysis_v1/personalization/pair_metrics_all_variants.csv:15909; roi/collar.json:48; roi/subunits.json:3144; roi/subunits.json:5766; roi/vertices.json:63; splits/facescape_847/split_manifest.json:19944
4267,-1423,-1423,"Sciences, vol. 55, no. 6, pp. 1417--1423, 2025.",0,
4267,2025,2025,"Sciences, vol. 55, no. 6, pp. 1417--1423, 2025.",6,results/rbsr_final_rerun_holdout_v1/posthoc_subunit_analysis_v1/personalization/pair_metrics_all_variants.csv:2027; results/rbsr_final_rerun_holdout_v1/posthoc_subunit_analysis_v1/personalization/pair_metrics_all_variants.csv:6857; results/rbsr_final_rerun_holdout_v1/posthoc_subunit_analysis_v1/personalization/pair_metrics_all_variants.csv:11687; results/rbsr_final_rerun_holdout_v1/posthoc_subunit_analysis_v1/personalization/pair_metrics_all_variants.csv:16517; roi/subunits.json:780; splits/facescape_847/split_manifest.json:15954
4268,10.55730,10.55730,doi:10.55730/1300-0144.6099. (PMCID: PMC12779041).,0,
4268,1300,1300,doi:10.55730/1300-0144.6099. (PMCID: PMC12779041).,7,results/rbsr_final_rerun_holdout_v1/lamm/seed20260609/ae_history.json:309; results/rbsr_final_rerun_holdout_v1/lamm/seed20260609/manipulation_history.json:361; results/rbsr_final_rerun_holdout_v1/posthoc_subunit_analysis_v1/personalization/pair_metrics_all_variants.csv:1302; results/rbsr_final_rerun_holdout_v1/posthoc_subunit_analysis_v1/personalization/pair_metrics_all_variants.csv:6132; results/rbsr_final_rerun_holdout_v1/posthoc_subunit_analysis_v1/personalization/pair_metrics_all_variants.csv:10962; results/rbsr_final_rerun_holdout_v1/posthoc_subunit_analysis_v1/personalization/pair_metrics_all_variants.csv:15792; roi/subunits.json:7349
4268,-0144.6099,-0144.6099,doi:10.55730/1300-0144.6099. (PMCID: PMC12779041).,0,
4268,2779041,2779041,doi:10.55730/1300-0144.6099. (PMCID: PMC12779041).,0,
4271,79,79,"Journal of Investigative Dermatology, vol. 79, suppl. 1, pp. 17s--20s,",20,data/DATASET_DONE.json:107; data/DATASET_DONE.json:121; data/DATASET_DONE.json:187; data/DATASET_DONE.json:281; data/DATASET_DONE.json:417; data/DATASET_DONE.json:475; data/DATASET_DONE.json:499; data/DATASET_DONE.json:529; data/DATASET_DONE.json:636; data/DATASET_DONE.json:913; data/DATASET_DONE.json:1041; data/DATASET_DONE.json:1105; data/DATASET_DONE.json:1841; data/DATASET_DONE.json:1881; data/DATASET_DONE.json:2059; data/DATASET_DONE.json:2073; data/DATASET_DONE.json:2185; data/DATASET_DONE.json:2443; data/DATASET_DONE.json:2475; data/DATASET_DONE.json:2483
4271,1,1,"Journal of Investigative Dermatology, vol. 79, suppl. 1, pp. 17s--20s,",18,README.md:66; README.md:67; README.md:92; README.md:118; README.md:121; README.md:143; README.md:167; README.md:168; configs/reproduction.example.toml:11; data/DATASET_DONE.json:9; data/DATASET_DONE.json:11; data/DATASET_DONE.json:12; data/DATASET_DONE.json:19; data/DATASET_DONE.json:25; data/DATASET_DONE.json:27; data/DATASET_DONE.json:35; data/DATASET_DONE.json:49; data/DATASET_DONE.json:51
4271,17,17,"Journal of Investigative Dermatology, vol. 79, suppl. 1, pp. 17s--20s,",20,data/DATASET_DONE.json:25; data/DATASET_DONE.json:139; data/DATASET_DONE.json:140; data/DATASET_DONE.json:249; data/DATASET_DONE.json:331; data/DATASET_DONE.json:345; data/DATASET_DONE.json:611; data/DATASET_DONE.json:683; data/DATASET_DONE.json:747; data/DATASET_DONE.json:851; data/DATASET_DONE.json:1193; data/DATASET_DONE.json:1289; data/DATASET_DONE.json:1433; data/DATASET_DONE.json:1705; data/DATASET_DONE.json:1763; data/DATASET_DONE.json:1779; data/DATASET_DONE.json:2049; data/DATASET_DONE.json:2113; data/DATASET_DONE.json:2147; data/DATASET_DONE.json:2153
4271,-20,-20,"Journal of Investigative Dermatology, vol. 79, suppl. 1, pp. 17s--20s,",2,results/rbsr_final_rerun_holdout_v1/posthoc_subunit_analysis_v1/paired_all_methods_vs_ridge.csv:154; results/rbsr_final_rerun_holdout_v1/posthoc_subunit_analysis_v1/paired_all_methods_vs_ridge.csv:155
4272,1982,1982,1982. doi:10.1038/jid.1982.4.,5,results/rbsr_final_rerun_holdout_v1/posthoc_subunit_analysis_v1/personalization/pair_metrics_all_variants.csv:1984; results/rbsr_final_rerun_holdout_v1/posthoc_subunit_analysis_v1/personalization/pair_metrics_all_variants.csv:6814; results/rbsr_final_rerun_holdout_v1/posthoc_subunit_analysis_v1/personalization/pair_metrics_all_variants.csv:11644; results/rbsr_final_rerun_holdout_v1/posthoc_subunit_analysis_v1/personalization/pair_metrics_all_variants.csv:16474; roi/subunits.json:737
4272,10.1038,10.1038,1982. doi:10.1038/jid.1982.4.,0,
4272,1982.4,1982.4,1982. doi:10.1038/jid.1982.4.,0,
4276,37,37,"Journal, vol. 37, no. 2, pp. 143--157, 2017. doi:10.1093/asj/sjw160.",20,data/DATASET_DONE.json:11; data/DATASET_DONE.json:89; data/DATASET_DONE.json:179; data/DATASET_DONE.json:281; data/DATASET_DONE.json:300; data/DATASET_DONE.json:649; data/DATASET_DONE.json:809; data/DATASET_DONE.json:851; data/DATASET_DONE.json:867; data/DATASET_DONE.json:977; data/DATASET_DONE.json:1155; data/DATASET_DONE.json:1241; data/DATASET_DONE.json:1555; data/DATASET_DONE.json:1827; data/DATASET_DONE.json:1849; data/DATASET_DONE.json:1875; data/DATASET_DONE.json:1961; data/DATASET_DONE.json:2107; data/DATASET_DONE.json:2193; data/DATASET_DONE.json:2217
4276,2,2,"Journal, vol. 37, no. 2, pp. 143--157, 2017. doi:10.1093/asj/sjw160.",16,README.md:4; README.md:93; data/DATASET_DONE.json:9; data/DATASET_DONE.json:11; data/DATASET_DONE.json:19; data/DATASET_DONE.json:20; data/DATASET_DONE.json:25; data/DATASET_DONE.json:35; data/DATASET_DONE.json:41; data/DATASET_DONE.json:49; data/DATASET_DONE.json:57; data/DATASET_DONE.json:59; data/DATASET_DONE.json:65; data/DATASET_DONE.json:83; data/DATASET_DONE.json:107; data/DATASET_DONE.json:113
4276,143,143,"Journal, vol. 37, no. 2, pp. 143--157, 2017. doi:10.1093/asj/sjw160.",20,data/DATASET_DONE.json:1148; data/manifest.json:1289; data/manifest.json:1290; docs/final_tables/FINAL_PAPER_TABLES.json:25; results/rbsr_final_rerun_holdout_v1/FINAL_CONFIRMATION_EVIDENCE.json:14; results/rbsr_final_rerun_holdout_v1/LAMM_TEST_ACCESS_RECEIPT.json:16; results/rbsr_final_rerun_holdout_v1/RESULT_TREE_MANIFEST.json:50; results/rbsr_final_rerun_holdout_v1/RESULT_TREE_MANIFEST.json:292; results/rbsr_final_rerun_holdout_v1/RESULT_TREE_MANIFEST.json:355; results/rbsr_final_rerun_holdout_v1/RESULT_TREE_MANIFEST.json:540; results/rbsr_final_rerun_holdout_v1/lamm/seed20260609/lamm_test_summary.json.sha256.json:4; results/rbsr_final_rerun_holdout_v1/posthoc_subunit_analysis_v1/personalization/PERSONALIZATION_ABLATION_EVIDENCE.json:6; results/rbsr_final_rerun_holdout_v1/posthoc_subunit_analysis_v1/personalization/fixed_control_personalization_demo.npz.sha256.json:4; results/rbsr_final_rerun_holdout_v1/posthoc_subunit_analysis_v1/personalization/pair_metrics_all_variants.csv:145; results/rbsr_final_rerun_holdout_v1/posthoc_subunit_analysis_v1/personalization/pair_metrics_all_variants.csv:4975; results/rbsr_final_rerun_holdout_v1/posthoc_subunit_analysis_v1/personalization/pair_metrics_all_variants.csv:9805; results/rbsr_final_rerun_holdout_v1/posthoc_subunit_analysis_v1/personalization/pair_metrics_all_variants.csv:14635; results/rbsr_final_rerun_holdout_v1/protocol/final_rerun_holdout_split_manifest.json:287; results/rbsr_final_rerun_holdout_v1/protocol/final_rerun_holdout_train_pairs.json:72; results/rbsr_final_rerun_holdout_v1/protocol/final_rerun_holdout_train_pairs.json:858
4276,-157,-157,"Journal, vol. 37, no. 2, pp. 143--157, 2017. doi:10.1093/asj/sjw160.",0,
4276,2017,2017,"Journal, vol. 37, no. 2, pp. 143--157, 2017. doi:10.1093/asj/sjw160.",5,results/rbsr_final_rerun_holdout_v1/posthoc_subunit_analysis_v1/personalization/pair_metrics_all_variants.csv:2019; results/rbsr_final_rerun_holdout_v1/posthoc_subunit_analysis_v1/personalization/pair_metrics_all_variants.csv:6849; results/rbsr_final_rerun_holdout_v1/posthoc_subunit_analysis_v1/personalization/pair_metrics_all_variants.csv:11679; results/rbsr_final_rerun_holdout_v1/posthoc_subunit_analysis_v1/personalization/pair_metrics_all_variants.csv:16509; roi/subunits.json:772
4276,10.1093,10.1093,"Journal, vol. 37, no. 2, pp. 143--157, 2017. doi:10.1093/asj/sjw160.",0,
4276,60,60,"Journal, vol. 37, no. 2, pp. 143--157, 2017. doi:10.1093/asj/sjw160.",19,data/DATASET_DONE.json:113; data/DATASET_DONE.json:153; data/DATASET_DONE.json:195; data/DATASET_DONE.json:275; data/DATASET_DONE.json:433; data/DATASET_DONE.json:473; data/DATASET_DONE.json:484; data/DATASET_DONE.json:555; data/DATASET_DONE.json:609; data/DATASET_DONE.json:625; data/DATASET_DONE.json:707; data/DATASET_DONE.json:891; data/DATASET_DONE.json:897; data/DATASET_DONE.json:1041; data/DATASET_DONE.json:1611; data/DATASET_DONE.json:1633; data/DATASET_DONE.json:1787; data/DATASET_DONE.json:1841; data/DATASET_DONE.json:2513
4278,999,999,"blanz1999 V. Blanz and T. Vetter, ``A morphable model for the",13,data/DATASET_DONE.json:593; data/DATASET_DONE.json:5433; data/manifest.json:674; data/manifest.json:6119; demo/package-lock.json:306; demo/public/bundle/manifest.json:360; results/rbsr_final_rerun_holdout_v1/posthoc_subunit_analysis_v1/personalization/pair_metrics_all_variants.csv:1001; results/rbsr_final_rerun_holdout_v1/posthoc_subunit_analysis_v1/personalization/pair_metrics_all_variants.csv:5831; results/rbsr_final_rerun_holdout_v1/posthoc_subunit_analysis_v1/personalization/pair_metrics_all_variants.csv:10661; results/rbsr_final_rerun_holdout_v1/posthoc_subunit_analysis_v1/personalization/pair_metrics_all_variants.csv:15491; roi/subunits.json:7105; splits/facescape_847/split_manifest.json:11109; splits/facescape_847/split_manifest.json:19899
4279,3,3,"synthesis of 3D faces,'' in Proc.\ SIGGRAPH, 1999, pp. 187--194.",18,CITATION.cff:14; README.md:5; README.md:8; README.md:55; README.md:78; README.md:94; README.md:184; data/DATASET_DONE.json:9; data/DATASET_DONE.json:25; data/DATASET_DONE.json:27; data/DATASET_DONE.json:28; data/DATASET_DONE.json:33; data/DATASET_DONE.json:35; data/DATASET_DONE.json:59; data/DATASET_DONE.json:65; data/DATASET_DONE.json:73; data/DATASET_DONE.json:75; data/DATASET_DONE.json:81
4279,1999,1999,"synthesis of 3D faces,'' in Proc.\ SIGGRAPH, 1999, pp. 187--194.",5,results/rbsr_final_rerun_holdout_v1/posthoc_subunit_analysis_v1/personalization/pair_metrics_all_variants.csv:2001; results/rbsr_final_rerun_holdout_v1/posthoc_subunit_analysis_v1/personalization/pair_metrics_all_variants.csv:6831; results/rbsr_final_rerun_holdout_v1/posthoc_subunit_analysis_v1/personalization/pair_metrics_all_variants.csv:11661; results/rbsr_final_rerun_holdout_v1/posthoc_subunit_analysis_v1/personalization/pair_metrics_all_variants.csv:16491; roi/subunits.json:754
4279,187,187,"synthesis of 3D faces,'' in Proc.\ SIGGRAPH, 1999, pp. 187--194.",20,data/DATASET_DONE.json:139; data/DATASET_DONE.json:1483; data/DATASET_DONE.json:1500; data/DATASET_DONE.json:5323; data/manifest.json:1685; data/manifest.json:1686; results/rbsr_final_rerun_holdout_v1/posthoc_subunit_analysis_v1/personalization/pair_metrics_all_variants.csv:189; results/rbsr_final_rerun_holdout_v1/posthoc_subunit_analysis_v1/personalization/pair_metrics_all_variants.csv:5019; results/rbsr_final_rerun_holdout_v1/posthoc_subunit_analysis_v1/personalization/pair_metrics_all_variants.csv:9849; results/rbsr_final_rerun_holdout_v1/posthoc_subunit_analysis_v1/personalization/pair_metrics_all_variants.csv:14679; results/rbsr_final_rerun_holdout_v1/posthoc_subunit_analysis_v1/qualitative/QUALITATIVE_CASE_SELECTION_FREEZE.json:86; results/rbsr_final_rerun_holdout_v1/protocol/final_rerun_holdout_split_manifest.json:139; roi/subunits.json:2930; splits/facescape_847/pairs/primary_chain_0_scale480.json:91; splits/facescape_847/pairs/primary_chain_0_scale480.json:683; splits/facescape_847/pairs/primary_chain_0_scale480.json:822; splits/facescape_847/pairs/primary_chain_0_scale676.json:124; splits/facescape_847/pairs/primary_chain_0_scale676.json:1150; splits/facescape_847/pairs/primary_chain_0_scale676.json:3123; splits/facescape_847/pairs/primary_chain_1_scale676.json:124
4279,-194,-194,"synthesis of 3D faces,'' in Proc.\ SIGGRAPH, 1999, pp. 187--194.",0,
4280,10.1145,10.1145,doi:10.1145/311535.311556.,0,
4280,311535.311556,311535.311556,doi:10.1145/311535.311556.,0,
4282,017,017,"li2017flame T. Li, T. Bolkart, M. J. Black, H. Li, and J. Romero,",9,data/DATASET_DONE.json:75; data/DATASET_DONE.json:587; data/DATASET_DONE.json:4369; data/DATASET_DONE.json:6083; data/manifest.json:4922; splits/facescape_847/split_manifest.json:9970; splits/facescape_847/split_manifest.json:10930; splits/facescape_847/split_manifest.json:17814; splits/facescape_847/split_manifest.json:21235
4283,4,4,"``Learning a model of facial shape and expression from 4D scans,'' ACM",14,README.md:98; data/DATASET_DONE.json:11; data/DATASET_DONE.json:19; data/DATASET_DONE.json:35; data/DATASET_DONE.json:36; data/DATASET_DONE.json:41; data/DATASET_DONE.json:43; data/DATASET_DONE.json:57; data/DATASET_DONE.json:59; data/DATASET_DONE.json:81; data/DATASET_DONE.json:89; data/DATASET_DONE.json:91; data/DATASET_DONE.json:97; data/DATASET_DONE.json:105
4284,36,36,"Trans.\ Graph., vol. 36, no. 6, art. 194, 2017.",19,data/DATASET_DONE.json:292; data/DATASET_DONE.json:313; data/DATASET_DONE.json:403; data/DATASET_DONE.json:449; data/DATASET_DONE.json:523; data/DATASET_DONE.json:737; data/DATASET_DONE.json:745; data/DATASET_DONE.json:763; data/DATASET_DONE.json:865; data/DATASET_DONE.json:891; data/DATASET_DONE.json:1017; data/DATASET_DONE.json:1043; data/DATASET_DONE.json:1171; data/DATASET_DONE.json:1377; data/DATASET_DONE.json:1619; data/DATASET_DONE.json:1649; data/DATASET_DONE.json:1673; data/DATASET_DONE.json:1737; data/DATASET_DONE.json:1795
4284,6,6,"Trans.\ Graph., vol. 36, no. 6, art. 194, 2017.",14,.github/workflows/ci.yml:17; .github/workflows/ci.yml:20; .github/workflows/ci.yml:51; .github/workflows/ci.yml:52; THIRD_PARTY.md:26; configs/reproduction.example.toml:19; data/DATASET_DONE.json:9; data/DATASET_DONE.json:11; data/DATASET_DONE.json:25; data/DATASET_DONE.json:27; data/DATASET_DONE.json:35; data/DATASET_DONE.json:51; data/DATASET_DONE.json:52; data/DATASET_DONE.json:57
4284,194,194,"Trans.\ Graph., vol. 36, no. 6, art. 194, 2017.",20,data/DATASET_DONE.json:89; data/DATASET_DONE.json:1556; data/DATASET_DONE.json:1971; data/DATASET_DONE.json:3185; data/DATASET_DONE.json:4819; data/manifest.json:107; data/manifest.json:1748; data/manifest.json:1749; data/manifest.json:3590; results/rbsr_final_rerun_holdout_v1/posthoc_subunit_analysis_v1/personalization/pair_metrics_all_variants.csv:196; results/rbsr_final_rerun_holdout_v1/posthoc_subunit_analysis_v1/personalization/pair_metrics_all_variants.csv:5026; results/rbsr_final_rerun_holdout_v1/posthoc_subunit_analysis_v1/personalization/pair_metrics_all_variants.csv:9856; results/rbsr_final_rerun_holdout_v1/posthoc_subunit_analysis_v1/personalization/pair_metrics_all_variants.csv:14686; results/rbsr_final_rerun_holdout_v1/protocol/final_rerun_holdout_split_manifest.json:319; results/rbsr_final_rerun_holdout_v1/protocol/final_rerun_holdout_train_pairs.json:104; results/rbsr_final_rerun_holdout_v1/protocol/final_rerun_holdout_train_pairs.json:986; results/rbsr_final_rerun_holdout_v1/protocol/final_rerun_holdout_train_pairs.json:1039; results/supplemental_rbsr_lamm_dominance_search_v1/release_evidence/protocol/final_rerun_holdout_train_pairs.json:104; results/supplemental_rbsr_lamm_dominance_search_v1/release_evidence/protocol/final_rerun_holdout_train_pairs.json:986; results/supplemental_rbsr_lamm_dominance_search_v1/release_evidence/protocol/final_rerun_holdout_train_pairs.json:1039
4284,2017,2017,"Trans.\ Graph., vol. 36, no. 6, art. 194, 2017.",5,results/rbsr_final_rerun_holdout_v1/posthoc_subunit_analysis_v1/personalization/pair_metrics_all_variants.csv:2019; results/rbsr_final_rerun_holdout_v1/posthoc_subunit_analysis_v1/personalization/pair_metrics_all_variants.csv:6849; results/rbsr_final_rerun_holdout_v1/posthoc_subunit_analysis_v1/personalization/pair_metrics_all_variants.csv:11679; results/rbsr_final_rerun_holdout_v1/posthoc_subunit_analysis_v1/personalization/pair_metrics_all_variants.csv:16509; roi/subunits.json:772
4285,10.1145,10.1145,doi:10.1145/3130800.3130813.,0,
4285,3130800.3130813,3130800.3130813,doi:10.1145/3130800.3130813.,0,
4287,020,020,"yang2020facescape H. Yang, H. Zhu, Y. Wang, M. Huang, Q. Shen,",16,data/DATASET_DONE.json:3121; data/DATASET_DONE.json:6187; data/DATASET_DONE.json:6443; data/manifest.json:3518; reproducibility/source_snapshots/posthoc_subunits_v1/SOURCE_MANIFEST.json:52; results/rbsr_final_rerun_holdout_v1/lamm/seed20260609/protocol_audit.json:45; results/rbsr_final_rerun_holdout_v1/lamm/seed20260609/run_provenance.json:81; results/rbsr_final_rerun_holdout_v1/posthoc_subunit_analysis_v1/POSTHOC_SUBUNIT_ANALYSIS_PROTOCOL_FREEZE.json:24; results/supplemental_rbsr_lamm_dominance_search_v1/release_evidence/validation/lamm_validation_summary.json:22; splits/facescape_847/split_manifest.json:14244; splits/facescape_847/split_manifest.json:14844; splits/facescape_847/split_manifest.json:18969; splits/facescape_847/split_manifest.json:19374; splits/facescape_847/split_manifest.json:21430; splits/facescape_847/split_manifest.json:21910; splits/facescape_847/split_manifest.json:26885
4288,3,3,"R. Yang, and X. Cao, ``FaceScape: A large-scale high quality 3D face dataset and",18,CITATION.cff:14; README.md:5; README.md:8; README.md:55; README.md:78; README.md:94; README.md:184; data/DATASET_DONE.json:9; data/DATASET_DONE.json:25; data/DATASET_DONE.json:27; data/DATASET_DONE.json:28; data/DATASET_DONE.json:33; data/DATASET_DONE.json:35; data/DATASET_DONE.json:59; data/DATASET_DONE.json:65; data/DATASET_DONE.json:73; data/DATASET_DONE.json:75; data/DATASET_DONE.json:81
4289,3,3,"detailed riggable 3D face prediction,'' in Proc.\ IEEE/CVF CVPR, 2020,",18,CITATION.cff:14; README.md:5; README.md:8; README.md:55; README.md:78; README.md:94; README.md:184; data/DATASET_DONE.json:9; data/DATASET_DONE.json:25; data/DATASET_DONE.json:27; data/DATASET_DONE.json:28; data/DATASET_DONE.json:33; data/DATASET_DONE.json:35; data/DATASET_DONE.json:59; data/DATASET_DONE.json:65; data/DATASET_DONE.json:73; data/DATASET_DONE.json:75; data/DATASET_DONE.json:81
4289,2020,2020,"detailed riggable 3D face prediction,'' in Proc.\ IEEE/CVF CVPR, 2020,",5,results/rbsr_final_rerun_holdout_v1/posthoc_subunit_analysis_v1/personalization/pair_metrics_all_variants.csv:2022; results/rbsr_final_rerun_holdout_v1/posthoc_subunit_analysis_v1/personalization/pair_metrics_all_variants.csv:6852; results/rbsr_final_rerun_holdout_v1/posthoc_subunit_analysis_v1/personalization/pair_metrics_all_variants.csv:11682; results/rbsr_final_rerun_holdout_v1/posthoc_subunit_analysis_v1/personalization/pair_metrics_all_variants.csv:16512; roi/subunits.json:775
4290,601,601,pp. 601--610. doi:10.1109/CVPR42600.2020.00068.,20,data/DATASET_DONE.json:2585; data/DATASET_DONE.json:2611; data/DATASET_DONE.json:4812; data/DATASET_DONE.json:6747; data/manifest.json:2915; data/manifest.json:5411; data/manifest.json:5412; demo/public/bundle/golden_cases.json:142; demo/public/bundle/golden_cases.json:282; results/rbsr_final_rerun_holdout_v1/posthoc_subunit_analysis_v1/personalization/pair_metrics_all_variants.csv:603; results/rbsr_final_rerun_holdout_v1/posthoc_subunit_analysis_v1/personalization/pair_metrics_all_variants.csv:5433; results/rbsr_final_rerun_holdout_v1/posthoc_subunit_analysis_v1/personalization/pair_metrics_all_variants.csv:10263; results/rbsr_final_rerun_holdout_v1/posthoc_subunit_analysis_v1/personalization/pair_metrics_all_variants.csv:15093; results/rbsr_final_rerun_holdout_v1/protocol/final_rerun_holdout_split_manifest.json:615; results/rbsr_final_rerun_holdout_v1/protocol/final_rerun_holdout_train_pairs.json:400; results/rbsr_final_rerun_holdout_v1/protocol/final_rerun_holdout_train_pairs.json:2170; results/rbsr_final_rerun_holdout_v1/protocol/final_rerun_holdout_train_pairs.json:2447; results/rbsr_final_rerun_holdout_v1/protocol/final_rerun_holdout_train_pairs.json:3326; results/rbsr_final_rerun_holdout_v1/protocol/final_rerun_holdout_train_pairs.json:3607; results/supplemental_rbsr_lamm_dominance_search_v1/release_evidence/protocol/final_rerun_holdout_train_pairs.json:400
4290,-610,-610,pp. 601--610. doi:10.1109/CVPR42600.2020.00068.,0,
4290,10.1109,10.1109,pp. 601--610. doi:10.1109/CVPR42600.2020.00068.,0,
4290,2600.2020,2600.2020,pp. 601--610. doi:10.1109/CVPR42600.2020.00068.,0,
4290,00068,00068,pp. 601--610. doi:10.1109/CVPR42600.2020.00068.,0,
4292,004,004,"sorkine2004laplacian O. Sorkine, D. Cohen-Or, Y. Lipman, M. Alexa,",20,data/DATASET_DONE.json:1067; data/DATASET_DONE.json:1819; data/DATASET_DONE.json:3315; demo/public/bundle/manifest.json:40; reproducibility/source_snapshots/posthoc_subunits_v1/source/scripts/evaluation/posthoc_preflight.py:47; results/rbsr_final_rerun_holdout_v1/ALL_MODELS_FROZEN_BEFORE_TEST.json:28; results/rbsr_final_rerun_holdout_v1/CLASSICAL_TEST_ACCESS_RECEIPT.json:7; results/rbsr_final_rerun_holdout_v1/FINAL_RESULT_FREEZE_AUDIT.json:73; results/rbsr_final_rerun_holdout_v1/LAMM_TEST_ACCESS_RECEIPT.json:12; results/rbsr_final_rerun_holdout_v1/RESULT_TREE_MANIFEST.json:372; results/rbsr_final_rerun_holdout_v1/classical/classical_confirmation_test_summary.json:74; results/rbsr_final_rerun_holdout_v1/lamm/seed20260609/protocol_audit.json:46; results/rbsr_final_rerun_holdout_v1/lamm/seed20260609/run_provenance.json:82; results/rbsr_final_rerun_holdout_v1/posthoc_subunit_analysis_v1/POSTHOC_SUBUNIT_ANALYSIS_PROTOCOL_FREEZE.json:163; results/rbsr_final_rerun_holdout_v1/posthoc_subunit_analysis_v1/figures/FIGURE_EVIDENCE.json:13; results/rbsr_final_rerun_holdout_v1/posthoc_subunit_analysis_v1/figures/case_05_largest_rbsr_gain_over_ridge.png.sha256.json:4; results/rbsr_final_rerun_holdout_v1/protocol/FINAL_RERUN_HOLDOUT_POLICY_FREEZE.json:65; results/rbsr_final_rerun_holdout_v1/protocol/final_rerun_holdout_split_manifest.json.sha256.json:4; results/rbsr_final_rerun_holdout_v1/protocol/final_rerun_holdout_train_pairs.json:4068; results/rbsr_final_rerun_holdout_v1/rbsr/seed20260609/base/neural_field_metadata_cvae_ew0p1_lw0.json:130
4294,2004,2004,"Symp.\ Geometry Processing (SGP), 2004, pp. 179--188.",5,results/rbsr_final_rerun_holdout_v1/posthoc_subunit_analysis_v1/personalization/pair_metrics_all_variants.csv:2006; results/rbsr_final_rerun_holdout_v1/posthoc_subunit_analysis_v1/personalization/pair_metrics_all_variants.csv:6836; results/rbsr_final_rerun_holdout_v1/posthoc_subunit_analysis_v1/personalization/pair_metrics_all_variants.csv:11666; results/rbsr_final_rerun_holdout_v1/posthoc_subunit_analysis_v1/personalization/pair_metrics_all_variants.csv:16496; roi/subunits.json:759
4294,179,179,"Symp.\ Geometry Processing (SGP), 2004, pp. 179--188.",20,data/DATASET_DONE.json:67; data/DATASET_DONE.json:91; data/DATASET_DONE.json:187; data/DATASET_DONE.json:1436; data/DATASET_DONE.json:2899; data/DATASET_DONE.json:3609; data/DATASET_DONE.json:3641; data/DATASET_DONE.json:5161; data/DATASET_DONE.json:6123; data/manifest.json:1613; data/manifest.json:1614; data/manifest.json:4067; data/manifest.json:4103; data/manifest.json:5813; results/rbsr_final_rerun_holdout_v1/posthoc_subunit_analysis_v1/personalization/pair_metrics_all_variants.csv:181; results/rbsr_final_rerun_holdout_v1/posthoc_subunit_analysis_v1/personalization/pair_metrics_all_variants.csv:5011; results/rbsr_final_rerun_holdout_v1/posthoc_subunit_analysis_v1/personalization/pair_metrics_all_variants.csv:9841; results/rbsr_final_rerun_holdout_v1/posthoc_subunit_analysis_v1/personalization/pair_metrics_all_variants.csv:14671; results/rbsr_final_rerun_holdout_v1/protocol/final_rerun_holdout_split_manifest.json:311; results/rbsr_final_rerun_holdout_v1/protocol/final_rerun_holdout_train_pairs.json:96
4294,-188,-188,"Symp.\ Geometry Processing (SGP), 2004, pp. 179--188.",0,
4295,10.1145,10.1145,doi:10.1145/1057432.1057456.,0,
4295,1057432.1057456,1057432.1057456,doi:10.1145/1057432.1057456.,0,
4297,008,008,"botsch2008survey M. Botsch and O. Sorkine, ``On linear variational",14,data/DATASET_DONE.json:3385; data/DATASET_DONE.json:5201; data/DATASET_DONE.json:5897; data/DATASET_DONE.json:6051; data/DATASET_DONE.json:6507; data/manifest.json:3815; data/manifest.json:5858; data/manifest.json:6641; splits/facescape_847/split_manifest.json:12309; splits/facescape_847/split_manifest.json:13989; splits/facescape_847/split_manifest.json:16959; splits/facescape_847/split_manifest.json:21084; splits/facescape_847/split_manifest.json:21175; splits/facescape_847/split_manifest.json:22030
4299,14,14,"Computer Graphics, vol. 14, no. 1, pp. 213--230, 2008.",20,README.md:118; data/DATASET_DONE.json:25; data/DATASET_DONE.json:116; data/DATASET_DONE.json:139; data/DATASET_DONE.json:339; data/DATASET_DONE.json:395; data/DATASET_DONE.json:545; data/DATASET_DONE.json:563; data/DATASET_DONE.json:593; data/DATASET_DONE.json:667; data/DATASET_DONE.json:723; data/DATASET_DONE.json:787; data/DATASET_DONE.json:811; data/DATASET_DONE.json:867; data/DATASET_DONE.json:945; data/DATASET_DONE.json:1123; data/DATASET_DONE.json:1355; data/DATASET_DONE.json:1555; data/DATASET_DONE.json:1777; data/DATASET_DONE.json:1817
4299,1,1,"Computer Graphics, vol. 14, no. 1, pp. 213--230, 2008.",18,README.md:66; README.md:67; README.md:92; README.md:118; README.md:121; README.md:143; README.md:167; README.md:168; configs/reproduction.example.toml:11; data/DATASET_DONE.json:9; data/DATASET_DONE.json:11; data/DATASET_DONE.json:12; data/DATASET_DONE.json:19; data/DATASET_DONE.json:25; data/DATASET_DONE.json:27; data/DATASET_DONE.json:35; data/DATASET_DONE.json:49; data/DATASET_DONE.json:51
4299,213,213,"Computer Graphics, vol. 14, no. 1, pp. 213--230, 2008.",20,data/DATASET_DONE.json:889; data/DATASET_DONE.json:1019; data/DATASET_DONE.json:1708; data/DATASET_DONE.json:3921; data/DATASET_DONE.json:4899; data/DATASET_DONE.json:5091; data/manifest.json:1007; data/manifest.json:1919; data/manifest.json:1920; data/manifest.json:4418; results/rbsr_final_rerun_holdout_v1/RESULT_TREE_MANIFEST.json:492; results/rbsr_final_rerun_holdout_v1/posthoc_subunit_analysis_v1/POSTHOC_SUBUNIT_ANALYSIS_EVIDENCE.json:61; results/rbsr_final_rerun_holdout_v1/posthoc_subunit_analysis_v1/personalization/pair_metrics_all_variants.csv:215; results/rbsr_final_rerun_holdout_v1/posthoc_subunit_analysis_v1/personalization/pair_metrics_all_variants.csv:5045; results/rbsr_final_rerun_holdout_v1/posthoc_subunit_analysis_v1/personalization/pair_metrics_all_variants.csv:9875; results/rbsr_final_rerun_holdout_v1/posthoc_subunit_analysis_v1/personalization/pair_metrics_all_variants.csv:14705; results/rbsr_final_rerun_holdout_v1/posthoc_subunit_analysis_v1/spatial/arap_spatial_diagnostics.npz.sha256.json:4; results/rbsr_final_rerun_holdout_v1/protocol/final_rerun_holdout_split_manifest.json:334; results/rbsr_final_rerun_holdout_v1/protocol/final_rerun_holdout_train_pairs.json:119; results/rbsr_final_rerun_holdout_v1/protocol/final_rerun_holdout_train_pairs.json:1046
4299,-230,-230,"Computer Graphics, vol. 14, no. 1, pp. 213--230, 2008.",0,
4299,2008,2008,"Computer Graphics, vol. 14, no. 1, pp. 213--230, 2008.",5,results/rbsr_final_rerun_holdout_v1/posthoc_subunit_analysis_v1/personalization/pair_metrics_all_variants.csv:2010; results/rbsr_final_rerun_holdout_v1/posthoc_subunit_analysis_v1/personalization/pair_metrics_all_variants.csv:6840; results/rbsr_final_rerun_holdout_v1/posthoc_subunit_analysis_v1/personalization/pair_metrics_all_variants.csv:11670; results/rbsr_final_rerun_holdout_v1/posthoc_subunit_analysis_v1/personalization/pair_metrics_all_variants.csv:16500; roi/subunits.json:763
4300,10.1109,10.1109,doi:10.1109/TVCG.2007.1054.,0,
4300,2007.1054,2007.1054,doi:10.1109/TVCG.2007.1054.,0,
4302,007,007,"sorkine2007arap O. Sorkine and M. Alexa, ``As-rigid-as-possible",10,data/DATASET_DONE.json:3689; data/DATASET_DONE.json:4937; data/DATASET_DONE.json:4945; data/DATASET_DONE.json:5419; data/manifest.json:4157; data/manifest.json:5561; data/manifest.json:5570; results/rbsr_final_rerun_holdout_v1/RESULT_TREE_MANIFEST.json:42; splits/facescape_847/split_manifest.json:19990; splits/facescape_847/split_manifest.json:21324
4303,2007,2007,"surface modeling,'' in Proc.\ Symp.\ Geometry Processing (SGP), 2007,",5,results/rbsr_final_rerun_holdout_v1/posthoc_subunit_analysis_v1/personalization/pair_metrics_all_variants.csv:2009; results/rbsr_final_rerun_holdout_v1/posthoc_subunit_analysis_v1/personalization/pair_metrics_all_variants.csv:6839; results/rbsr_final_rerun_holdout_v1/posthoc_subunit_analysis_v1/personalization/pair_metrics_all_variants.csv:11669; results/rbsr_final_rerun_holdout_v1/posthoc_subunit_analysis_v1/personalization/pair_metrics_all_variants.csv:16499; roi/subunits.json:762
4304,109,109,pp. 109--116. doi:10.2312/SGP/SGP07/109-116.,20,data/DATASET_DONE.json:876; data/DATASET_DONE.json:1913; data/DATASET_DONE.json:2209; data/DATASET_DONE.json:3467; data/DATASET_DONE.json:3713; data/DATASET_DONE.json:5561; data/manifest.json:983; data/manifest.json:984; data/manifest.json:2159; data/manifest.json:2492; data/manifest.json:4184; data/manifest.json:6263; results/rbsr_final_rerun_holdout_v1/posthoc_subunit_analysis_v1/personalization/pair_metrics_all_variants.csv:111; results/rbsr_final_rerun_holdout_v1/posthoc_subunit_analysis_v1/personalization/pair_metrics_all_variants.csv:4941; results/rbsr_final_rerun_holdout_v1/posthoc_subunit_analysis_v1/personalization/pair_metrics_all_variants.csv:9771; results/rbsr_final_rerun_holdout_v1/posthoc_subunit_analysis_v1/personalization/pair_metrics_all_variants.csv:14601; results/rbsr_final_rerun_holdout_v1/protocol/final_rerun_holdout_split_manifest.json:260; results/rbsr_final_rerun_holdout_v1/protocol/final_rerun_holdout_train_pairs.json:45; results/rbsr_final_rerun_holdout_v1/protocol/final_rerun_holdout_train_pairs.json:750; results/rbsr_final_rerun_holdout_v1/protocol/final_rerun_holdout_train_pairs.json:2259
4304,-116,-116,pp. 109--116. doi:10.2312/SGP/SGP07/109-116.,0,
4304,10.2312,10.2312,pp. 109--116. doi:10.2312/SGP/SGP07/109-116.,0,
4304,7,7,pp. 109--116. doi:10.2312/SGP/SGP07/109-116.,15,data/DATASET_DONE.json:9; data/DATASET_DONE.json:11; data/DATASET_DONE.json:17; data/DATASET_DONE.json:19; data/DATASET_DONE.json:25; data/DATASET_DONE.json:27; data/DATASET_DONE.json:41; data/DATASET_DONE.json:49; data/DATASET_DONE.json:51; data/DATASET_DONE.json:57; data/DATASET_DONE.json:60; data/DATASET_DONE.json:65; data/DATASET_DONE.json:81; data/DATASET_DONE.json:91; data/DATASET_DONE.json:99
4304,109,109,pp. 109--116. doi:10.2312/SGP/SGP07/109-116.,20,data/DATASET_DONE.json:876; data/DATASET_DONE.json:1913; data/DATASET_DONE.json:2209; data/DATASET_DONE.json:3467; data/DATASET_DONE.json:3713; data/DATASET_DONE.json:5561; data/manifest.json:983; data/manifest.json:984; data/manifest.json:2159; data/manifest.json:2492; data/manifest.json:4184; data/manifest.json:6263; results/rbsr_final_rerun_holdout_v1/posthoc_subunit_analysis_v1/personalization/pair_metrics_all_variants.csv:111; results/rbsr_final_rerun_holdout_v1/posthoc_subunit_analysis_v1/personalization/pair_metrics_all_variants.csv:4941; results/rbsr_final_rerun_holdout_v1/posthoc_subunit_analysis_v1/personalization/pair_metrics_all_variants.csv:9771; results/rbsr_final_rerun_holdout_v1/posthoc_subunit_analysis_v1/personalization/pair_metrics_all_variants.csv:14601; results/rbsr_final_rerun_holdout_v1/protocol/final_rerun_holdout_split_manifest.json:260; results/rbsr_final_rerun_holdout_v1/protocol/final_rerun_holdout_train_pairs.json:45; results/rbsr_final_rerun_holdout_v1/protocol/final_rerun_holdout_train_pairs.json:750; results/rbsr_final_rerun_holdout_v1/protocol/final_rerun_holdout_train_pairs.json:2259
4304,-116,-116,pp. 109--116. doi:10.2312/SGP/SGP07/109-116.,0,
4306,005,005,"botsch2005rbf M. Botsch and L. Kobbelt, ``Real-time shape editing",12,data/DATASET_DONE.json:3859; data/DATASET_DONE.json:4681; data/DATASET_DONE.json:4875; data/DATASET_DONE.json:5129; data/manifest.json:5273; data/manifest.json:5777; splits/facescape_847/split_manifest.json:15819; splits/facescape_847/split_manifest.json:17065; splits/facescape_847/split_manifest.json:18970; splits/facescape_847/split_manifest.json:20214; splits/facescape_847/split_manifest.json:22731; splits/facescape_847/split_manifest.json:23360
4308,24,24,"vol. 24, no. 3, pp. 611--621, 2005. doi:10.1111/j.1467-8659.2005.00886.x.",19,data/DATASET_DONE.json:35; data/DATASET_DONE.json:75; data/DATASET_DONE.json:155; data/DATASET_DONE.json:196; data/DATASET_DONE.json:305; data/DATASET_DONE.json:377; data/DATASET_DONE.json:619; data/DATASET_DONE.json:843; data/DATASET_DONE.json:899; data/DATASET_DONE.json:1017; data/DATASET_DONE.json:1073; data/DATASET_DONE.json:1179; data/DATASET_DONE.json:1235; data/DATASET_DONE.json:1281; data/DATASET_DONE.json:1299; data/DATASET_DONE.json:1305; data/DATASET_DONE.json:1499; data/DATASET_DONE.json:1539; data/DATASET_DONE.json:1593
4308,3,3,"vol. 24, no. 3, pp. 611--621, 2005. doi:10.1111/j.1467-8659.2005.00886.x.",18,CITATION.cff:14; README.md:5; README.md:8; README.md:55; README.md:78; README.md:94; README.md:184; data/DATASET_DONE.json:9; data/DATASET_DONE.json:25; data/DATASET_DONE.json:27; data/DATASET_DONE.json:28; data/DATASET_DONE.json:33; data/DATASET_DONE.json:35; data/DATASET_DONE.json:59; data/DATASET_DONE.json:65; data/DATASET_DONE.json:73; data/DATASET_DONE.json:75; data/DATASET_DONE.json:81
4308,611,611,"vol. 24, no. 3, pp. 611--621, 2005. doi:10.1111/j.1467-8659.2005.00886.x.",20,data/DATASET_DONE.json:1361; data/DATASET_DONE.json:4355; data/DATASET_DONE.json:4892; data/manifest.json:1538; data/manifest.json:5501; data/manifest.json:5502; results/rbsr_final_rerun_holdout_v1/FINAL_CONFIRMATION_EVIDENCE.json:6; results/rbsr_final_rerun_holdout_v1/FINAL_RESULT_FREEZE_AUDIT.json:98; results/rbsr_final_rerun_holdout_v1/RBSR_TEST_ACCESS_RECEIPT.json.sha256.json:4; results/rbsr_final_rerun_holdout_v1/RESULT_TREE_MANIFEST.json:57; results/rbsr_final_rerun_holdout_v1/posthoc_subunit_analysis_v1/noise/STRICT_NOISE_ROBUSTNESS_EVIDENCE.json:31; results/rbsr_final_rerun_holdout_v1/posthoc_subunit_analysis_v1/noise/noise_pair_metrics_seed_averaged.csv.sha256.json:4; results/rbsr_final_rerun_holdout_v1/posthoc_subunit_analysis_v1/personalization/pair_metrics_all_variants.csv:613; results/rbsr_final_rerun_holdout_v1/posthoc_subunit_analysis_v1/personalization/pair_metrics_all_variants.csv:5443; results/rbsr_final_rerun_holdout_v1/posthoc_subunit_analysis_v1/personalization/pair_metrics_all_variants.csv:10273; results/rbsr_final_rerun_holdout_v1/posthoc_subunit_analysis_v1/personalization/pair_metrics_all_variants.csv:15103; results/rbsr_final_rerun_holdout_v1/protocol/final_rerun_holdout_split_manifest.json:622; results/rbsr_final_rerun_holdout_v1/protocol/final_rerun_holdout_train_pairs.json:407; results/rbsr_final_rerun_holdout_v1/protocol/final_rerun_holdout_train_pairs.json:915; results/rbsr_final_rerun_holdout_v1/protocol/final_rerun_holdout_train_pairs.json:2198
4308,-621,-621,"vol. 24, no. 3, pp. 611--621, 2005. doi:10.1111/j.1467-8659.2005.00886.x.",0,
4308,2005,2005,"vol. 24, no. 3, pp. 611--621, 2005. doi:10.1111/j.1467-8659.2005.00886.x.",5,results/rbsr_final_rerun_holdout_v1/posthoc_subunit_analysis_v1/personalization/pair_metrics_all_variants.csv:2007; results/rbsr_final_rerun_holdout_v1/posthoc_subunit_analysis_v1/personalization/pair_metrics_all_variants.csv:6837; results/rbsr_final_rerun_holdout_v1/posthoc_subunit_analysis_v1/personalization/pair_metrics_all_variants.csv:11667; results/rbsr_final_rerun_holdout_v1/posthoc_subunit_analysis_v1/personalization/pair_metrics_all_variants.csv:16497; roi/subunits.json:760
4308,10.1111,10.1111,"vol. 24, no. 3, pp. 611--621, 2005. doi:10.1111/j.1467-8659.2005.00886.x.",0,
4308,1467,1467,"vol. 24, no. 3, pp. 611--621, 2005. doi:10.1111/j.1467-8659.2005.00886.x.",8,results/rbsr_final_rerun_holdout_v1/posthoc_subunit_analysis_v1/personalization/pair_metrics_all_variants.csv:1469; results/rbsr_final_rerun_holdout_v1/posthoc_subunit_analysis_v1/personalization/pair_metrics_all_variants.csv:6299; results/rbsr_final_rerun_holdout_v1/posthoc_subunit_analysis_v1/personalization/pair_metrics_all_variants.csv:11129; results/rbsr_final_rerun_holdout_v1/posthoc_subunit_analysis_v1/personalization/pair_metrics_all_variants.csv:15959; roi/collar.json:89; roi/subunits.json:3180; roi/subunits.json:5789; roi/vertices.json:104
4308,-8659.2005,-8659.2005,"vol. 24, no. 3, pp. 611--621, 2005. doi:10.1111/j.1467-8659.2005.00886.x.",0,
4308,00886,00886,"vol. 24, no. 3, pp. 611--621, 2005. doi:10.1111/j.1467-8659.2005.00886.x.",0,
4310,013,013,"schuller2013lim C. Sch\""uller, L. Kavan, D. Panozzo, and",17,data/DATASET_DONE.json:2387; data/DATASET_DONE.json:2673; data/DATASET_DONE.json:4801; data/DATASET_DONE.json:5105; data/DATASET_DONE.json:5161; data/DATASET_DONE.json:6553; data/DATASET_DONE.json:6705; data/manifest.json:3014; data/manifest.json:5408; data/manifest.json:5750; data/manifest.json:5813; data/manifest.json:7379; data/manifest.json:7550; demo/public/bundle/manifest.json:361; splits/facescape_847/split_manifest.json:14305; splits/facescape_847/split_manifest.json:16794; splits/facescape_847/split_manifest.json:26884
4312,32,32,"Forum (Proc.\ SGP), vol. 32, no. 5, pp. 125--135, 2013.",19,data/DATASET_DONE.json:123; data/DATASET_DONE.json:195; data/DATASET_DONE.json:260; data/DATASET_DONE.json:345; data/DATASET_DONE.json:371; data/DATASET_DONE.json:619; data/DATASET_DONE.json:689; data/DATASET_DONE.json:697; data/DATASET_DONE.json:729; data/DATASET_DONE.json:801; data/DATASET_DONE.json:1027; data/DATASET_DONE.json:1185; data/DATASET_DONE.json:1371; data/DATASET_DONE.json:1425; data/DATASET_DONE.json:1459; data/DATASET_DONE.json:1489; data/DATASET_DONE.json:1497; data/DATASET_DONE.json:1545; data/DATASET_DONE.json:1667
4312,5,5,"Forum (Proc.\ SGP), vol. 32, no. 5, pp. 125--135, 2013.",16,data/DATASET_DONE.json:11; data/DATASET_DONE.json:17; data/DATASET_DONE.json:25; data/DATASET_DONE.json:27; data/DATASET_DONE.json:33; data/DATASET_DONE.json:41; data/DATASET_DONE.json:43; data/DATASET_DONE.json:44; data/DATASET_DONE.json:49; data/DATASET_DONE.json:51; data/DATASET_DONE.json:59; data/DATASET_DONE.json:75; data/DATASET_DONE.json:83; data/DATASET_DONE.json:91; data/DATASET_DONE.json:113; data/DATASET_DONE.json:121
4312,125,125,"Forum (Proc.\ SGP), vol. 32, no. 5, pp. 125--135, 2013.",20,data/DATASET_DONE.json:803; data/DATASET_DONE.json:1004; data/DATASET_DONE.json:4273; data/manifest.json:1127; data/manifest.json:1128; data/manifest.json:4814; results/rbsr_final_rerun_holdout_v1/lamm/seed20260609/ae_history.json:27; results/rbsr_final_rerun_holdout_v1/lamm/seed20260609/manipulation_history.json:32; results/rbsr_final_rerun_holdout_v1/posthoc_subunit_analysis_v1/personalization/pair_metrics_all_variants.csv:127; results/rbsr_final_rerun_holdout_v1/posthoc_subunit_analysis_v1/personalization/pair_metrics_all_variants.csv:4957; results/rbsr_final_rerun_holdout_v1/posthoc_subunit_analysis_v1/personalization/pair_metrics_all_variants.csv:9787; results/rbsr_final_rerun_holdout_v1/posthoc_subunit_analysis_v1/personalization/pair_metrics_all_variants.csv:14617; results/rbsr_final_rerun_holdout_v1/protocol/final_rerun_holdout_split_manifest.json:274; results/rbsr_final_rerun_holdout_v1/protocol/final_rerun_holdout_train_pairs.json:59; results/rbsr_final_rerun_holdout_v1/protocol/final_rerun_holdout_train_pairs.json:806; results/rbsr_final_rerun_holdout_v1/protocol/final_rerun_holdout_train_pairs.json:1159; results/supplemental_rbsr_lamm_dominance_search_v1/release_evidence/protocol/final_rerun_holdout_train_pairs.json:59; results/supplemental_rbsr_lamm_dominance_search_v1/release_evidence/protocol/final_rerun_holdout_train_pairs.json:806; results/supplemental_rbsr_lamm_dominance_search_v1/release_evidence/protocol/final_rerun_holdout_train_pairs.json:1159; roi/subunits.json:6920
4312,-135,-135,"Forum (Proc.\ SGP), vol. 32, no. 5, pp. 125--135, 2013.",0,
4312,2013,2013,"Forum (Proc.\ SGP), vol. 32, no. 5, pp. 125--135, 2013.",5,results/rbsr_final_rerun_holdout_v1/posthoc_subunit_analysis_v1/personalization/pair_metrics_all_variants.csv:2015; results/rbsr_final_rerun_holdout_v1/posthoc_subunit_analysis_v1/personalization/pair_metrics_all_variants.csv:6845; results/rbsr_final_rerun_holdout_v1/posthoc_subunit_analysis_v1/personalization/pair_metrics_all_variants.csv:11675; results/rbsr_final_rerun_holdout_v1/posthoc_subunit_analysis_v1/personalization/pair_metrics_all_variants.csv:16505; roi/subunits.json:768
4313,10.1111,10.1111,doi:10.1111/cgf.12179.,0,
4313,12179,12179,doi:10.1111/cgf.12179.,0,
4315,016,016,"liu2016inversionfree X.-M. Fu and Y. Liu, ``Computing inversion-free",12,data/DATASET_DONE.json:2123; data/DATASET_DONE.json:2305; data/DATASET_DONE.json:3379; data/DATASET_DONE.json:5529; data/DATASET_DONE.json:5563; data/DATASET_DONE.json:5851; data/manifest.json:2600; data/manifest.json:6227; splits/facescape_847/split_manifest.json:13810; splits/facescape_847/split_manifest.json:16165; splits/facescape_847/split_manifest.json:20260; splits/facescape_847/split_manifest.json:20800
4316,35,35,"mappings by simplex assembly,'' ACM Trans.\ Graph., vol. 35, no. 6,",20,data/DATASET_DONE.json:107; data/DATASET_DONE.json:187; data/DATASET_DONE.json:249; data/DATASET_DONE.json:267; data/DATASET_DONE.json:284; data/DATASET_DONE.json:313; data/DATASET_DONE.json:345; data/DATASET_DONE.json:657; data/DATASET_DONE.json:915; data/DATASET_DONE.json:1107; data/DATASET_DONE.json:1233; data/DATASET_DONE.json:1401; data/DATASET_DONE.json:1475; data/DATASET_DONE.json:1499; data/DATASET_DONE.json:1515; data/DATASET_DONE.json:1529; data/DATASET_DONE.json:1643; data/DATASET_DONE.json:1657; data/DATASET_DONE.json:1707; data/DATASET_DONE.json:2179
4316,6,6,"mappings by simplex assembly,'' ACM Trans.\ Graph., vol. 35, no. 6,",14,.github/workflows/ci.yml:17; .github/workflows/ci.yml:20; .github/workflows/ci.yml:51; .github/workflows/ci.yml:52; THIRD_PARTY.md:26; configs/reproduction.example.toml:19; data/DATASET_DONE.json:9; data/DATASET_DONE.json:11; data/DATASET_DONE.json:25; data/DATASET_DONE.json:27; data/DATASET_DONE.json:35; data/DATASET_DONE.json:51; data/DATASET_DONE.json:52; data/DATASET_DONE.json:57
4317,216,216,"art. 216, 2016. doi:10.1145/2980179.2980231.",20,data/DATASET_DONE.json:1203; data/DATASET_DONE.json:1732; data/DATASET_DONE.json:2331; data/DATASET_DONE.json:2337; data/DATASET_DONE.json:3849; data/DATASET_DONE.json:6241; data/manifest.json:1946; data/manifest.json:1947; data/manifest.json:2636; data/manifest.json:4337; data/manifest.json:7028; results/rbsr_final_rerun_holdout_v1/posthoc_subunit_analysis_v1/personalization/pair_metrics_all_variants.csv:218; results/rbsr_final_rerun_holdout_v1/posthoc_subunit_analysis_v1/personalization/pair_metrics_all_variants.csv:5048; results/rbsr_final_rerun_holdout_v1/posthoc_subunit_analysis_v1/personalization/pair_metrics_all_variants.csv:9878; results/rbsr_final_rerun_holdout_v1/posthoc_subunit_analysis_v1/personalization/pair_metrics_all_variants.csv:14708; results/rbsr_final_rerun_holdout_v1/protocol/final_rerun_holdout_split_manifest.json:336; results/rbsr_final_rerun_holdout_v1/protocol/final_rerun_holdout_train_pairs.json:121; results/rbsr_final_rerun_holdout_v1/protocol/final_rerun_holdout_train_pairs.json:1054; results/rbsr_final_rerun_holdout_v1/protocol/final_rerun_holdout_train_pairs.json:2255; results/rbsr_final_rerun_holdout_v1/protocol/final_rerun_holdout_train_pairs.json:4054
4317,2016,2016,"art. 216, 2016. doi:10.1145/2980179.2980231.",7,data/DATASET_DONE.json:3395; results/rbsr_final_rerun_holdout_v1/posthoc_subunit_analysis_v1/personalization/pair_metrics_all_variants.csv:2018; results/rbsr_final_rerun_holdout_v1/posthoc_subunit_analysis_v1/personalization/pair_metrics_all_variants.csv:6848; results/rbsr_final_rerun_holdout_v1/posthoc_subunit_analysis_v1/personalization/pair_metrics_all_variants.csv:11678; results/rbsr_final_rerun_holdout_v1/posthoc_subunit_analysis_v1/personalization/pair_metrics_all_variants.csv:16508; roi/subunits.json:771; splits/facescape_847/split_manifest.json:16195
4317,10.1145,10.1145,"art. 216, 2016. doi:10.1145/2980179.2980231.",0,
4317,2980179.2980231,2980179.2980231,"art. 216, 2016. doi:10.1145/2980179.2980231.",0,
4319,017,017,"rabinovich2017slim M. Rabinovich, R. Poranne, D. Panozzo, and",9,data/DATASET_DONE.json:75; data/DATASET_DONE.json:587; data/DATASET_DONE.json:4369; data/DATASET_DONE.json:6083; data/manifest.json:4922; splits/facescape_847/split_manifest.json:9970; splits/facescape_847/split_manifest.json:10930; splits/facescape_847/split_manifest.json:17814; splits/facescape_847/split_manifest.json:21235
4321,36,36,"Graph., vol. 36, no. 2, art. 16, 2017. doi:10.1145/2983621.",19,data/DATASET_DONE.json:292; data/DATASET_DONE.json:313; data/DATASET_DONE.json:403; data/DATASET_DONE.json:449; data/DATASET_DONE.json:523; data/DATASET_DONE.json:737; data/DATASET_DONE.json:745; data/DATASET_DONE.json:763; data/DATASET_DONE.json:865; data/DATASET_DONE.json:891; data/DATASET_DONE.json:1017; data/DATASET_DONE.json:1043; data/DATASET_DONE.json:1171; data/DATASET_DONE.json:1377; data/DATASET_DONE.json:1619; data/DATASET_DONE.json:1649; data/DATASET_DONE.json:1673; data/DATASET_DONE.json:1737; data/DATASET_DONE.json:1795
4321,2,2,"Graph., vol. 36, no. 2, art. 16, 2017. doi:10.1145/2983621.",16,README.md:4; README.md:93; data/DATASET_DONE.json:9; data/DATASET_DONE.json:11; data/DATASET_DONE.json:19; data/DATASET_DONE.json:20; data/DATASET_DONE.json:25; data/DATASET_DONE.json:35; data/DATASET_DONE.json:41; data/DATASET_DONE.json:49; data/DATASET_DONE.json:57; data/DATASET_DONE.json:59; data/DATASET_DONE.json:65; data/DATASET_DONE.json:83; data/DATASET_DONE.json:107; data/DATASET_DONE.json:113
4321,16,16,"Graph., vol. 36, no. 2, art. 16, 2017. doi:10.1145/2983621.",20,data/DATASET_DONE.json:57; data/DATASET_DONE.json:132; data/DATASET_DONE.json:139; data/DATASET_DONE.json:187; data/DATASET_DONE.json:257; data/DATASET_DONE.json:281; data/DATASET_DONE.json:353; data/DATASET_DONE.json:593; data/DATASET_DONE.json:721; data/DATASET_DONE.json:739; data/DATASET_DONE.json:865; data/DATASET_DONE.json:953; data/DATASET_DONE.json:979; data/DATASET_DONE.json:1049; data/DATASET_DONE.json:1177; data/DATASET_DONE.json:1233; data/DATASET_DONE.json:1273; data/DATASET_DONE.json:1281; data/DATASET_DONE.json:1361; data/DATASET_DONE.json:1585
4321,2017,2017,"Graph., vol. 36, no. 2, art. 16, 2017. doi:10.1145/2983621.",5,results/rbsr_final_rerun_holdout_v1/posthoc_subunit_analysis_v1/personalization/pair_metrics_all_variants.csv:2019; results/rbsr_final_rerun_holdout_v1/posthoc_subunit_analysis_v1/personalization/pair_metrics_all_variants.csv:6849; results/rbsr_final_rerun_holdout_v1/posthoc_subunit_analysis_v1/personalization/pair_metrics_all_variants.csv:11679; results/rbsr_final_rerun_holdout_v1/posthoc_subunit_analysis_v1/personalization/pair_metrics_all_variants.csv:16509; roi/subunits.json:772
4321,10.1145,10.1145,"Graph., vol. 36, no. 2, art. 16, 2017. doi:10.1145/2983621.",0,
4321,2983621,2983621,"Graph., vol. 36, no. 2, art. 16, 2017. doi:10.1145/2983621.",0,
4323,022,022,"aigerman2022njf N. Aigerman, K. Gupta, V. G. Kim, S. Chaudhuri,",9,data/DATASET_DONE.json:2641; data/DATASET_DONE.json:3035; data/DATASET_DONE.json:3273; data/manifest.json:2978; data/manifest.json:3689; splits/facescape_847/split_manifest.json:14919; splits/facescape_847/split_manifest.json:15520; splits/facescape_847/split_manifest.json:19269; splits/facescape_847/split_manifest.json:26887
4325,41,41,"of arbitrary meshes,'' ACM Trans.\ Graph., vol. 41, no. 4, art. 109,",20,data/DATASET_DONE.json:19; data/DATASET_DONE.json:97; data/DATASET_DONE.json:227; data/DATASET_DONE.json:299; data/DATASET_DONE.json:332; data/DATASET_DONE.json:419; data/DATASET_DONE.json:459; data/DATASET_DONE.json:675; data/DATASET_DONE.json:827; data/DATASET_DONE.json:891; data/DATASET_DONE.json:1099; data/DATASET_DONE.json:1417; data/DATASET_DONE.json:1699; data/DATASET_DONE.json:1753; data/DATASET_DONE.json:1913; data/DATASET_DONE.json:2065; data/DATASET_DONE.json:2147; data/DATASET_DONE.json:2195; data/DATASET_DONE.json:2283; data/DATASET_DONE.json:2297
4325,4,4,"of arbitrary meshes,'' ACM Trans.\ Graph., vol. 41, no. 4, art. 109,",14,README.md:98; data/DATASET_DONE.json:11; data/DATASET_DONE.json:19; data/DATASET_DONE.json:35; data/DATASET_DONE.json:36; data/DATASET_DONE.json:41; data/DATASET_DONE.json:43; data/DATASET_DONE.json:57; data/DATASET_DONE.json:59; data/DATASET_DONE.json:81; data/DATASET_DONE.json:89; data/DATASET_DONE.json:91; data/DATASET_DONE.json:97; data/DATASET_DONE.json:105
4325,109,109,"of arbitrary meshes,'' ACM Trans.\ Graph., vol. 41, no. 4, art. 109,",20,data/DATASET_DONE.json:876; data/DATASET_DONE.json:1913; data/DATASET_DONE.json:2209; data/DATASET_DONE.json:3467; data/DATASET_DONE.json:3713; data/DATASET_DONE.json:5561; data/manifest.json:983; data/manifest.json:984; data/manifest.json:2159; data/manifest.json:2492; data/manifest.json:4184; data/manifest.json:6263; results/rbsr_final_rerun_holdout_v1/posthoc_subunit_analysis_v1/personalization/pair_metrics_all_variants.csv:111; results/rbsr_final_rerun_holdout_v1/posthoc_subunit_analysis_v1/personalization/pair_metrics_all_variants.csv:4941; results/rbsr_final_rerun_holdout_v1/posthoc_subunit_analysis_v1/personalization/pair_metrics_all_variants.csv:9771; results/rbsr_final_rerun_holdout_v1/posthoc_subunit_analysis_v1/personalization/pair_metrics_all_variants.csv:14601; results/rbsr_final_rerun_holdout_v1/protocol/final_rerun_holdout_split_manifest.json:260; results/rbsr_final_rerun_holdout_v1/protocol/final_rerun_holdout_train_pairs.json:45; results/rbsr_final_rerun_holdout_v1/protocol/final_rerun_holdout_train_pairs.json:750; results/rbsr_final_rerun_holdout_v1/protocol/final_rerun_holdout_train_pairs.json:2259
4326,2022,2022,2022. doi:10.1145/3528223.3530141.,7,data/DATASET_DONE.json:1387; results/rbsr_final_rerun_holdout_v1/posthoc_subunit_analysis_v1/personalization/pair_metrics_all_variants.csv:2024; results/rbsr_final_rerun_holdout_v1/posthoc_subunit_analysis_v1/personalization/pair_metrics_all_variants.csv:6854; results/rbsr_final_rerun_holdout_v1/posthoc_subunit_analysis_v1/personalization/pair_metrics_all_variants.csv:11684; results/rbsr_final_rerun_holdout_v1/posthoc_subunit_analysis_v1/personalization/pair_metrics_all_variants.csv:16514; roi/subunits.json:777; splits/facescape_847/split_manifest.json:12430
4326,10.1145,10.1145,2022. doi:10.1145/3528223.3530141.,0,
4326,3528223.3530141,3528223.3530141,2022. doi:10.1145/3528223.3530141.,0,
4328,014,014,"kingma2014vae D. P. Kingma and M. Welling, ``Auto-encoding variational",9,data/DATASET_DONE.json:1787; data/DATASET_DONE.json:2737; data/DATASET_DONE.json:3187; data/manifest.json:3086; reproducibility/source_snapshots/posthoc_subunits_v1/SOURCE_MANIFEST.json:16; results/rbsr_final_rerun_holdout_v1/posthoc_subunit_analysis_v1/POSTHOC_SUBUNIT_ANALYSIS_PROTOCOL_FREEZE.json:18; splits/facescape_847/split_manifest.json:13179; splits/facescape_847/split_manifest.json:13180; splits/facescape_847/split_manifest.json:15805
4329,2014,2014,"Bayes,'' in Proc.\ ICLR, 2014. arXiv:1312.6114.",7,data/DATASET_DONE.json:4715; results/rbsr_final_rerun_holdout_v1/posthoc_subunit_analysis_v1/personalization/pair_metrics_all_variants.csv:2016; results/rbsr_final_rerun_holdout_v1/posthoc_subunit_analysis_v1/personalization/pair_metrics_all_variants.csv:6846; results/rbsr_final_rerun_holdout_v1/posthoc_subunit_analysis_v1/personalization/pair_metrics_all_variants.csv:11676; results/rbsr_final_rerun_holdout_v1/posthoc_subunit_analysis_v1/personalization/pair_metrics_all_variants.csv:16506; roi/subunits.json:769; splits/facescape_847/split_manifest.json:18670
4329,1312.6114,1312.6114,"Bayes,'' in Proc.\ ICLR, 2014. arXiv:1312.6114.",0,
4331,015,015,"sohn2015cvae K. Sohn, H. Lee, and X. Yan, ``Learning structured output",9,data/DATASET_DONE.json:4835; data/DATASET_DONE.json:5209; data/DATASET_DONE.json:5545; data/DATASET_DONE.json:6243; data/manifest.json:5867; data/manifest.json:6245; results/rbsr_final_rerun_holdout_v1/RESULT_TREE_MANIFEST.json:487; splits/facescape_847/split_manifest.json:18895; splits/facescape_847/split_manifest.json:21535
4333,2015,2015,"NeurIPS, 2015, pp. 3483--3491.",5,results/rbsr_final_rerun_holdout_v1/posthoc_subunit_analysis_v1/personalization/pair_metrics_all_variants.csv:2017; results/rbsr_final_rerun_holdout_v1/posthoc_subunit_analysis_v1/personalization/pair_metrics_all_variants.csv:6847; results/rbsr_final_rerun_holdout_v1/posthoc_subunit_analysis_v1/personalization/pair_metrics_all_variants.csv:11677; results/rbsr_final_rerun_holdout_v1/posthoc_subunit_analysis_v1/personalization/pair_metrics_all_variants.csv:16507; roi/subunits.json:770
4333,3483,3483,"NeurIPS, 2015, pp. 3483--3491.",5,results/rbsr_final_rerun_holdout_v1/posthoc_subunit_analysis_v1/personalization/pair_metrics_all_variants.csv:3485; results/rbsr_final_rerun_holdout_v1/posthoc_subunit_analysis_v1/personalization/pair_metrics_all_variants.csv:8315; results/rbsr_final_rerun_holdout_v1/posthoc_subunit_analysis_v1/personalization/pair_metrics_all_variants.csv:13145; results/rbsr_final_rerun_holdout_v1/posthoc_subunit_analysis_v1/personalization/pair_metrics_all_variants.csv:17975; roi/subunits.json:966
4333,-3491,-3491,"NeurIPS, 2015, pp. 3483--3491.",0,
4335,018,018,"ranjan2018coma A. Ranjan, T. Bolkart, S. Sanyal, and M. J. Black,",12,data/DATASET_DONE.json:2081; data/DATASET_DONE.json:4699; data/manifest.json:2348; results/rbsr_final_rerun_holdout_v1/FINAL_CONFIRMATION_EVIDENCE.json:80; results/rbsr_final_rerun_holdout_v1/RESULT_TREE_MANIFEST.json:557; results/rbsr_final_rerun_holdout_v1/posthoc_subunit_analysis_v1/qualitative/QUALITATIVE_CASE_SELECTION_FREEZE.json:106; results/rbsr_final_rerun_holdout_v1/rbsr/seed20260609/one_shot_test/projection_diagnostics_test.csv.sha256.json:4; results/rbsr_final_rerun_holdout_v1/rbsr/seed20260609/one_shot_test/rbsr_evaluation_test.json:95; splits/facescape_847/split_manifest.json:13134; splits/facescape_847/split_manifest.json:13314; splits/facescape_847/split_manifest.json:18640; splits/facescape_847/split_manifest.json:22995
4336,3,3,"``Generating 3D faces using convolutional mesh autoencoders,'' in Proc.\",18,CITATION.cff:14; README.md:5; README.md:8; README.md:55; README.md:78; README.md:94; README.md:184; data/DATASET_DONE.json:9; data/DATASET_DONE.json:25; data/DATASET_DONE.json:27; data/DATASET_DONE.json:28; data/DATASET_DONE.json:33; data/DATASET_DONE.json:35; data/DATASET_DONE.json:59; data/DATASET_DONE.json:65; data/DATASET_DONE.json:73; data/DATASET_DONE.json:75; data/DATASET_DONE.json:81
4337,2018,2018,"ECCV, 2018, pp. 704--720. doi:10.1007/978-3-030-01219-9\_43.",10,data/DATASET_DONE.json:497; data/DATASET_DONE.json:6121; data/manifest.json:566; data/manifest.json:6893; results/rbsr_final_rerun_holdout_v1/posthoc_subunit_analysis_v1/noise/STRICT_NOISE_ROBUSTNESS_EVIDENCE.json.sha256.json:2; results/rbsr_final_rerun_holdout_v1/posthoc_subunit_analysis_v1/personalization/pair_metrics_all_variants.csv:2020; results/rbsr_final_rerun_holdout_v1/posthoc_subunit_analysis_v1/personalization/pair_metrics_all_variants.csv:6850; results/rbsr_final_rerun_holdout_v1/posthoc_subunit_analysis_v1/personalization/pair_metrics_all_variants.csv:11680; results/rbsr_final_rerun_holdout_v1/posthoc_subunit_analysis_v1/personalization/pair_metrics_all_variants.csv:16510; roi/subunits.json:773
4337,704,704,"ECCV, 2018, pp. 704--720. doi:10.1007/978-3-030-01219-9\_43.",20,data/DATASET_DONE.json:2883; data/DATASET_DONE.json:3329; data/DATASET_DONE.json:5411; data/DATASET_DONE.json:5636; data/manifest.json:3752; data/manifest.json:6338; data/manifest.json:6339; results/rbsr_final_rerun_holdout_v1/FINAL_CONFIRMATION_EVIDENCE.json:6; results/rbsr_final_rerun_holdout_v1/FINAL_RESULT_FREEZE_AUDIT.json:98; results/rbsr_final_rerun_holdout_v1/RBSR_TEST_ACCESS_RECEIPT.json.sha256.json:4; results/rbsr_final_rerun_holdout_v1/RESULT_TREE_MANIFEST.json:57; results/rbsr_final_rerun_holdout_v1/posthoc_subunit_analysis_v1/personalization/pair_metrics_all_variants.csv:706; results/rbsr_final_rerun_holdout_v1/posthoc_subunit_analysis_v1/personalization/pair_metrics_all_variants.csv:5536; results/rbsr_final_rerun_holdout_v1/posthoc_subunit_analysis_v1/personalization/pair_metrics_all_variants.csv:10366; results/rbsr_final_rerun_holdout_v1/posthoc_subunit_analysis_v1/personalization/pair_metrics_all_variants.csv:15196; results/rbsr_final_rerun_holdout_v1/protocol/final_rerun_holdout_split_manifest.json:692; results/rbsr_final_rerun_holdout_v1/protocol/final_rerun_holdout_train_pairs.json:477; results/rbsr_final_rerun_holdout_v1/protocol/final_rerun_holdout_train_pairs.json:2303; results/rbsr_final_rerun_holdout_v1/protocol/final_rerun_holdout_train_pairs.json:2478; results/rbsr_final_rerun_holdout_v1/protocol/final_rerun_holdout_train_pairs.json:3299
4337,-720,-720,"ECCV, 2018, pp. 704--720. doi:10.1007/978-3-030-01219-9\_43.",0,
4337,10.1007,10.1007,"ECCV, 2018, pp. 704--720. doi:10.1007/978-3-030-01219-9\_43.",0,
4337,978,978,"ECCV, 2018, pp. 704--720. doi:10.1007/978-3-030-01219-9\_43.",10,data/DATASET_DONE.json:4657; data/manifest.json:5246; results/rbsr_final_rerun_holdout_v1/posthoc_subunit_analysis_v1/figures/FIGURE_EVIDENCE.json:33; results/rbsr_final_rerun_holdout_v1/posthoc_subunit_analysis_v1/figures/spatial_diagnostics_hybrid.png.sha256.json:4; results/rbsr_final_rerun_holdout_v1/posthoc_subunit_analysis_v1/personalization/pair_metrics_all_variants.csv:980; results/rbsr_final_rerun_holdout_v1/posthoc_subunit_analysis_v1/personalization/pair_metrics_all_variants.csv:5810; results/rbsr_final_rerun_holdout_v1/posthoc_subunit_analysis_v1/personalization/pair_metrics_all_variants.csv:10640; results/rbsr_final_rerun_holdout_v1/posthoc_subunit_analysis_v1/personalization/pair_metrics_all_variants.csv:15470; roi/subunits.json:4904; splits/facescape_847/split_manifest.json:20679
4337,-3,-3,"ECCV, 2018, pp. 704--720. doi:10.1007/978-3-030-01219-9\_43.",13,CITATION.cff:12; THIRD_PARTY.md:3; THIRD_PARTY.md:10; THIRD_PARTY.md:12; demo/ASSET_NOTICE.md:3; demo/ASSET_NOTICE.md:14; demo/ASSET_NOTICE.md:15; demo/package-lock.json:777; demo/public/bundle/certified_presets.json:1; demo/public/bundle/ridge_browser.json:1; demo/src/components/Studio3D.jsx:59; demo/verify.mjs:213; demo/verify.mjs:313
4337,-030,-030,"ECCV, 2018, pp. 704--720. doi:10.1007/978-3-030-01219-9\_43.",0,
4337,-01219,-01219,"ECCV, 2018, pp. 704--720. doi:10.1007/978-3-030-01219-9\_43.",0,
4337,-9,-9,"ECCV, 2018, pp. 704--720. doi:10.1007/978-3-030-01219-9\_43.",14,demo/package-lock.json:112; demo/public/bundle/certified_presets.json:1; demo/public/bundle/ridge_browser.json:1; demo/verify.mjs:247; demo/verify.mjs:294; demo/verify.mjs:295; reproducibility/source_snapshots/final_holdout_v1/source/rhinoform/safe_fusion.py:528; reproducibility/source_snapshots/final_holdout_v1/source/rhinoform/safe_fusion.py:570; reproducibility/source_snapshots/final_holdout_v1/source/rhinoform/safe_fusion.py:572; reproducibility/source_snapshots/final_holdout_v1/source/rhinoform/safe_fusion.py:591; reproducibility/source_snapshots/final_holdout_v1/source/rhinoform/safe_fusion.py:592; reproducibility/source_snapshots/posthoc_subunits_v1/source/rhinoform/safe_fusion.py:528; reproducibility/source_snapshots/posthoc_subunits_v1/source/rhinoform/safe_fusion.py:570; reproducibility/source_snapshots/posthoc_subunits_v1/source/rhinoform/safe_fusion.py:572
4337,3,3,"ECCV, 2018, pp. 704--720. doi:10.1007/978-3-030-01219-9\_43.",18,CITATION.cff:14; README.md:5; README.md:8; README.md:55; README.md:78; README.md:94; README.md:184; data/DATASET_DONE.json:9; data/DATASET_DONE.json:25; data/DATASET_DONE.json:27; data/DATASET_DONE.json:28; data/DATASET_DONE.json:33; data/DATASET_DONE.json:35; data/DATASET_DONE.json:59; data/DATASET_DONE.json:65; data/DATASET_DONE.json:73; data/DATASET_DONE.json:75; data/DATASET_DONE.json:81
4339,020,020,"egger2020survey B. Egger, W. A. P. Smith, A. Tewari, S. Wuhrer,",16,data/DATASET_DONE.json:3121; data/DATASET_DONE.json:6187; data/DATASET_DONE.json:6443; data/manifest.json:3518; reproducibility/source_snapshots/posthoc_subunits_v1/SOURCE_MANIFEST.json:52; results/rbsr_final_rerun_holdout_v1/lamm/seed20260609/protocol_audit.json:45; results/rbsr_final_rerun_holdout_v1/lamm/seed20260609/run_provenance.json:81; results/rbsr_final_rerun_holdout_v1/posthoc_subunit_analysis_v1/POSTHOC_SUBUNIT_ANALYSIS_PROTOCOL_FREEZE.json:24; results/supplemental_rbsr_lamm_dominance_search_v1/release_evidence/validation/lamm_validation_summary.json:22; splits/facescape_847/split_manifest.json:14244; splits/facescape_847/split_manifest.json:14844; splits/facescape_847/split_manifest.json:18969; splits/facescape_847/split_manifest.json:19374; splits/facescape_847/split_manifest.json:21430; splits/facescape_847/split_manifest.json:21910; splits/facescape_847/split_manifest.json:26885
4341,3,3,"C. Theobalt, V. Blanz, and T. Vetter, ``3D morphable face models---past,",18,CITATION.cff:14; README.md:5; README.md:8; README.md:55; README.md:78; README.md:94; README.md:184; data/DATASET_DONE.json:9; data/DATASET_DONE.json:25; data/DATASET_DONE.json:27; data/DATASET_DONE.json:28; data/DATASET_DONE.json:33; data/DATASET_DONE.json:35; data/DATASET_DONE.json:59; data/DATASET_DONE.json:65; data/DATASET_DONE.json:73; data/DATASET_DONE.json:75; data/DATASET_DONE.json:81
4342,39,39,"present, and future,'' ACM Transactions on Graphics, vol. 39, no. 5,",20,data/DATASET_DONE.json:83; data/DATASET_DONE.json:171; data/DATASET_DONE.json:177; data/DATASET_DONE.json:316; data/DATASET_DONE.json:379; data/DATASET_DONE.json:419; data/DATASET_DONE.json:835; data/DATASET_DONE.json:1027; data/DATASET_DONE.json:1547; data/DATASET_DONE.json:1827; data/DATASET_DONE.json:1875; data/DATASET_DONE.json:2145; data/DATASET_DONE.json:2217; data/DATASET_DONE.json:2259; data/DATASET_DONE.json:2393; data/DATASET_DONE.json:2441; data/DATASET_DONE.json:2449; data/DATASET_DONE.json:2521; data/DATASET_DONE.json:2539; data/DATASET_DONE.json:2665
4342,5,5,"present, and future,'' ACM Transactions on Graphics, vol. 39, no. 5,",16,data/DATASET_DONE.json:11; data/DATASET_DONE.json:17; data/DATASET_DONE.json:25; data/DATASET_DONE.json:27; data/DATASET_DONE.json:33; data/DATASET_DONE.json:41; data/DATASET_DONE.json:43; data/DATASET_DONE.json:44; data/DATASET_DONE.json:49; data/DATASET_DONE.json:51; data/DATASET_DONE.json:59; data/DATASET_DONE.json:75; data/DATASET_DONE.json:83; data/DATASET_DONE.json:91; data/DATASET_DONE.json:113; data/DATASET_DONE.json:121
4343,1,1,"pp. 1--38, 2020. doi:10.1145/3395208.",18,README.md:66; README.md:67; README.md:92; README.md:118; README.md:121; README.md:143; README.md:167; README.md:168; configs/reproduction.example.toml:11; data/DATASET_DONE.json:9; data/DATASET_DONE.json:11; data/DATASET_DONE.json:12; data/DATASET_DONE.json:19; data/DATASET_DONE.json:25; data/DATASET_DONE.json:27; data/DATASET_DONE.json:35; data/DATASET_DONE.json:49; data/DATASET_DONE.json:51
4343,-38,-38,"pp. 1--38, 2020. doi:10.1145/3395208.",0,
4343,2020,2020,"pp. 1--38, 2020. doi:10.1145/3395208.",5,results/rbsr_final_rerun_holdout_v1/posthoc_subunit_analysis_v1/personalization/pair_metrics_all_variants.csv:2022; results/rbsr_final_rerun_holdout_v1/posthoc_subunit_analysis_v1/personalization/pair_metrics_all_variants.csv:6852; results/rbsr_final_rerun_holdout_v1/posthoc_subunit_analysis_v1/personalization/pair_metrics_all_variants.csv:11682; results/rbsr_final_rerun_holdout_v1/posthoc_subunit_analysis_v1/personalization/pair_metrics_all_variants.csv:16512; roi/subunits.json:775
4343,10.1145,10.1145,"pp. 1--38, 2020. doi:10.1145/3395208.",0,
4343,3395208,3395208,"pp. 1--38, 2020. doi:10.1145/3395208.",0,
4345,011,011,"tena2011interactive J. R. Tena, F. De la Torre, and I. Matthews,",14,data/DATASET_DONE.json:555; data/DATASET_DONE.json:3715; data/DATASET_DONE.json:4345; data/DATASET_DONE.json:5721; data/manifest.json:4895; data/manifest.json:6443; results/rbsr_final_rerun_holdout_v1/RESULT_TREE_MANIFEST.json:167; results/rbsr_final_rerun_holdout_v1/RESULT_TREE_MANIFEST.json:287; splits/facescape_847/split_manifest.json:10870; splits/facescape_847/split_manifest.json:11274; splits/facescape_847/split_manifest.json:14574; splits/facescape_847/split_manifest.json:16795; splits/facescape_847/split_manifest.json:21234; splits/facescape_847/split_manifest.json:26882
4346,3,3,"``Interactive region-based linear 3D face models,'' ACM Transactions on",18,CITATION.cff:14; README.md:5; README.md:8; README.md:55; README.md:78; README.md:94; README.md:184; data/DATASET_DONE.json:9; data/DATASET_DONE.json:25; data/DATASET_DONE.json:27; data/DATASET_DONE.json:28; data/DATASET_DONE.json:33; data/DATASET_DONE.json:35; data/DATASET_DONE.json:59; data/DATASET_DONE.json:65; data/DATASET_DONE.json:73; data/DATASET_DONE.json:75; data/DATASET_DONE.json:81
4347,30,30,"Graphics (SIGGRAPH), vol. 30, no. 4, pp. 1--10, 2011. doi:10.1145/2010324.1964971.",20,data/DATASET_DONE.json:99; data/DATASET_DONE.json:171; data/DATASET_DONE.json:241; data/DATASET_DONE.json:244; data/DATASET_DONE.json:273; data/DATASET_DONE.json:291; data/DATASET_DONE.json:387; data/DATASET_DONE.json:515; data/DATASET_DONE.json:601; data/DATASET_DONE.json:611; data/DATASET_DONE.json:665; data/DATASET_DONE.json:697; data/DATASET_DONE.json:809; data/DATASET_DONE.json:955; data/DATASET_DONE.json:1025; data/DATASET_DONE.json:1043; data/DATASET_DONE.json:1193; data/DATASET_DONE.json:1249; data/DATASET_DONE.json:1337; data/DATASET_DONE.json:1361
4347,4,4,"Graphics (SIGGRAPH), vol. 30, no. 4, pp. 1--10, 2011. doi:10.1145/2010324.1964971.",14,README.md:98; data/DATASET_DONE.json:11; data/DATASET_DONE.json:19; data/DATASET_DONE.json:35; data/DATASET_DONE.json:36; data/DATASET_DONE.json:41; data/DATASET_DONE.json:43; data/DATASET_DONE.json:57; data/DATASET_DONE.json:59; data/DATASET_DONE.json:81; data/DATASET_DONE.json:89; data/DATASET_DONE.json:91; data/DATASET_DONE.json:97; data/DATASET_DONE.json:105
4347,1,1,"Graphics (SIGGRAPH), vol. 30, no. 4, pp. 1--10, 2011. doi:10.1145/2010324.1964971.",18,README.md:66; README.md:67; README.md:92; README.md:118; README.md:121; README.md:143; README.md:167; README.md:168; configs/reproduction.example.toml:11; data/DATASET_DONE.json:9; data/DATASET_DONE.json:11; data/DATASET_DONE.json:12; data/DATASET_DONE.json:19; data/DATASET_DONE.json:25; data/DATASET_DONE.json:27; data/DATASET_DONE.json:35; data/DATASET_DONE.json:49; data/DATASET_DONE.json:51
4347,-10,-10,"Graphics (SIGGRAPH), vol. 30, no. 4, pp. 1--10, 2011. doi:10.1145/2010324.1964971.",20,docs/final_tables/primary_rbsr_vs_ridge_statistics.csv:4; reproducibility/source_snapshots/final_holdout_v1/source/rhinoform/safe_fusion.py:226; reproducibility/source_snapshots/final_holdout_v1/source/rhinoform/safe_fusion.py:227; reproducibility/source_snapshots/final_holdout_v1/source/rhinoform/safe_fusion.py:228; reproducibility/source_snapshots/final_holdout_v1/source/rhinoform/safe_fusion.py:232; reproducibility/source_snapshots/final_holdout_v1/source/rhinoform/safe_fusion.py:235; reproducibility/source_snapshots/posthoc_subunits_v1/source/rhinoform/safe_fusion.py:226; reproducibility/source_snapshots/posthoc_subunits_v1/source/rhinoform/safe_fusion.py:227; reproducibility/source_snapshots/posthoc_subunits_v1/source/rhinoform/safe_fusion.py:228; reproducibility/source_snapshots/posthoc_subunits_v1/source/rhinoform/safe_fusion.py:232; reproducibility/source_snapshots/posthoc_subunits_v1/source/rhinoform/safe_fusion.py:235; results/rbsr_final_rerun_holdout_v1/direct_paired_statistics/paired_all_vs_ridge.csv:4; results/rbsr_final_rerun_holdout_v1/direct_paired_statistics/paired_all_vs_ridge.json:46; results/rbsr_final_rerun_holdout_v1/direct_paired_statistics/paired_primary_rbsr_vs_ridge.csv:4; results/rbsr_final_rerun_holdout_v1/direct_paired_statistics/paired_primary_rbsr_vs_ridge.json:46; results/rbsr_final_rerun_holdout_v1/direct_paired_statistics/paired_rbsr_vs_lamm.csv:4; results/rbsr_final_rerun_holdout_v1/direct_paired_statistics/paired_rbsr_vs_lamm.json:46; results/rbsr_final_rerun_holdout_v1/direct_paired_statistics/paired_rbsr_vs_lamm.json:55; results/rbsr_final_rerun_holdout_v1/posthoc_subunit_analysis_v1/paired_all_methods_vs_ridge.csv:3; results/rbsr_final_rerun_holdout_v1/posthoc_subunit_analysis_v1/paired_all_methods_vs_ridge.csv:22
4347,2011,2011,"Graphics (SIGGRAPH), vol. 30, no. 4, pp. 1--10, 2011. doi:10.1145/2010324.1964971.",5,results/rbsr_final_rerun_holdout_v1/posthoc_subunit_analysis_v1/personalization/pair_metrics_all_variants.csv:2013; results/rbsr_final_rerun_holdout_v1/posthoc_subunit_analysis_v1/personalization/pair_metrics_all_variants.csv:6843; results/rbsr_final_rerun_holdout_v1/posthoc_subunit_analysis_v1/personalization/pair_metrics_all_variants.csv:11673; results/rbsr_final_rerun_holdout_v1/posthoc_subunit_analysis_v1/personalization/pair_metrics_all_variants.csv:16503; roi/subunits.json:766
4347,10.1145,10.1145,"Graphics (SIGGRAPH), vol. 30, no. 4, pp. 1--10, 2011. doi:10.1145/2010324.1964971.",0,
4347,2010324.1964971,2010324.1964971,"Graphics (SIGGRAPH), vol. 30, no. 4, pp. 1--10, 2011. doi:10.1145/2010324.1964971.",0,
4349,013,013,"neumann2013splocs T. Neumann, K. Varanasi, S. Wenger, M. Wacker,",17,data/DATASET_DONE.json:2387; data/DATASET_DONE.json:2673; data/DATASET_DONE.json:4801; data/DATASET_DONE.json:5105; data/DATASET_DONE.json:5161; data/DATASET_DONE.json:6553; data/DATASET_DONE.json:6705; data/manifest.json:3014; data/manifest.json:5408; data/manifest.json:5750; data/manifest.json:5813; data/manifest.json:7379; data/manifest.json:7550; demo/public/bundle/manifest.json:361; splits/facescape_847/split_manifest.json:14305; splits/facescape_847/split_manifest.json:16794; splits/facescape_847/split_manifest.json:26884
4351,32,32,"ACM Transactions on Graphics (SIGGRAPH Asia), vol. 32, no. 6, pp. 1--10,",19,data/DATASET_DONE.json:123; data/DATASET_DONE.json:195; data/DATASET_DONE.json:260; data/DATASET_DONE.json:345; data/DATASET_DONE.json:371; data/DATASET_DONE.json:619; data/DATASET_DONE.json:689; data/DATASET_DONE.json:697; data/DATASET_DONE.json:729; data/DATASET_DONE.json:801; data/DATASET_DONE.json:1027; data/DATASET_DONE.json:1185; data/DATASET_DONE.json:1371; data/DATASET_DONE.json:1425; data/DATASET_DONE.json:1459; data/DATASET_DONE.json:1489; data/DATASET_DONE.json:1497; data/DATASET_DONE.json:1545; data/DATASET_DONE.json:1667
4351,6,6,"ACM Transactions on Graphics (SIGGRAPH Asia), vol. 32, no. 6, pp. 1--10,",14,.github/workflows/ci.yml:17; .github/workflows/ci.yml:20; .github/workflows/ci.yml:51; .github/workflows/ci.yml:52; THIRD_PARTY.md:26; configs/reproduction.example.toml:19; data/DATASET_DONE.json:9; data/DATASET_DONE.json:11; data/DATASET_DONE.json:25; data/DATASET_DONE.json:27; data/DATASET_DONE.json:35; data/DATASET_DONE.json:51; data/DATASET_DONE.json:52; data/DATASET_DONE.json:57
4351,1,1,"ACM Transactions on Graphics (SIGGRAPH Asia), vol. 32, no. 6, pp. 1--10,",18,README.md:66; README.md:67; README.md:92; README.md:118; README.md:121; README.md:143; README.md:167; README.md:168; configs/reproduction.example.toml:11; data/DATASET_DONE.json:9; data/DATASET_DONE.json:11; data/DATASET_DONE.json:12; data/DATASET_DONE.json:19; data/DATASET_DONE.json:25; data/DATASET_DONE.json:27; data/DATASET_DONE.json:35; data/DATASET_DONE.json:49; data/DATASET_DONE.json:51
4351,-10,-10,"ACM Transactions on Graphics (SIGGRAPH Asia), vol. 32, no. 6, pp. 1--10,",20,docs/final_tables/primary_rbsr_vs_ridge_statistics.csv:4; reproducibility/source_snapshots/final_holdout_v1/source/rhinoform/safe_fusion.py:226; reproducibility/source_snapshots/final_holdout_v1/source/rhinoform/safe_fusion.py:227; reproducibility/source_snapshots/final_holdout_v1/source/rhinoform/safe_fusion.py:228; reproducibility/source_snapshots/final_holdout_v1/source/rhinoform/safe_fusion.py:232; reproducibility/source_snapshots/final_holdout_v1/source/rhinoform/safe_fusion.py:235; reproducibility/source_snapshots/posthoc_subunits_v1/source/rhinoform/safe_fusion.py:226; reproducibility/source_snapshots/posthoc_subunits_v1/source/rhinoform/safe_fusion.py:227; reproducibility/source_snapshots/posthoc_subunits_v1/source/rhinoform/safe_fusion.py:228; reproducibility/source_snapshots/posthoc_subunits_v1/source/rhinoform/safe_fusion.py:232; reproducibility/source_snapshots/posthoc_subunits_v1/source/rhinoform/safe_fusion.py:235; results/rbsr_final_rerun_holdout_v1/direct_paired_statistics/paired_all_vs_ridge.csv:4; results/rbsr_final_rerun_holdout_v1/direct_paired_statistics/paired_all_vs_ridge.json:46; results/rbsr_final_rerun_holdout_v1/direct_paired_statistics/paired_primary_rbsr_vs_ridge.csv:4; results/rbsr_final_rerun_holdout_v1/direct_paired_statistics/paired_primary_rbsr_vs_ridge.json:46; results/rbsr_final_rerun_holdout_v1/direct_paired_statistics/paired_rbsr_vs_lamm.csv:4; results/rbsr_final_rerun_holdout_v1/direct_paired_statistics/paired_rbsr_vs_lamm.json:46; results/rbsr_final_rerun_holdout_v1/direct_paired_statistics/paired_rbsr_vs_lamm.json:55; results/rbsr_final_rerun_holdout_v1/posthoc_subunit_analysis_v1/paired_all_methods_vs_ridge.csv:3; results/rbsr_final_rerun_holdout_v1/posthoc_subunit_analysis_v1/paired_all_methods_vs_ridge.csv:22
4352,2013,2013,2013. doi:10.1145/2508363.2508417.,5,results/rbsr_final_rerun_holdout_v1/posthoc_subunit_analysis_v1/personalization/pair_metrics_all_variants.csv:2015; results/rbsr_final_rerun_holdout_v1/posthoc_subunit_analysis_v1/personalization/pair_metrics_all_variants.csv:6845; results/rbsr_final_rerun_holdout_v1/posthoc_subunit_analysis_v1/personalization/pair_metrics_all_variants.csv:11675; results/rbsr_final_rerun_holdout_v1/posthoc_subunit_analysis_v1/personalization/pair_metrics_all_variants.csv:16505; roi/subunits.json:768
4352,10.1145,10.1145,2013. doi:10.1145/2508363.2508417.,0,
4352,2508363.2508417,2508363.2508417,2013. doi:10.1145/2508363.2508417.,0,
4354,016,016,"wu2016anatomical C. Wu, D. Bradley, M. Gross, and T. Beeler, ``An",12,data/DATASET_DONE.json:2123; data/DATASET_DONE.json:2305; data/DATASET_DONE.json:3379; data/DATASET_DONE.json:5529; data/DATASET_DONE.json:5563; data/DATASET_DONE.json:5851; data/manifest.json:2600; data/manifest.json:6227; splits/facescape_847/split_manifest.json:13810; splits/facescape_847/split_manifest.json:16165; splits/facescape_847/split_manifest.json:20260; splits/facescape_847/split_manifest.json:20800
4356,35,35,"ACM Transactions on Graphics (SIGGRAPH), vol. 35, no. 4, pp. 1--12, 2016.",20,data/DATASET_DONE.json:107; data/DATASET_DONE.json:187; data/DATASET_DONE.json:249; data/DATASET_DONE.json:267; data/DATASET_DONE.json:284; data/DATASET_DONE.json:313; data/DATASET_DONE.json:345; data/DATASET_DONE.json:657; data/DATASET_DONE.json:915; data/DATASET_DONE.json:1107; data/DATASET_DONE.json:1233; data/DATASET_DONE.json:1401; data/DATASET_DONE.json:1475; data/DATASET_DONE.json:1499; data/DATASET_DONE.json:1515; data/DATASET_DONE.json:1529; data/DATASET_DONE.json:1643; data/DATASET_DONE.json:1657; data/DATASET_DONE.json:1707; data/DATASET_DONE.json:2179
4356,4,4,"ACM Transactions on Graphics (SIGGRAPH), vol. 35, no. 4, pp. 1--12, 2016.",14,README.md:98; data/DATASET_DONE.json:11; data/DATASET_DONE.json:19; data/DATASET_DONE.json:35; data/DATASET_DONE.json:36; data/DATASET_DONE.json:41; data/DATASET_DONE.json:43; data/DATASET_DONE.json:57; data/DATASET_DONE.json:59; data/DATASET_DONE.json:81; data/DATASET_DONE.json:89; data/DATASET_DONE.json:91; data/DATASET_DONE.json:97; data/DATASET_DONE.json:105
4356,1,1,"ACM Transactions on Graphics (SIGGRAPH), vol. 35, no. 4, pp. 1--12, 2016.",18,README.md:66; README.md:67; README.md:92; README.md:118; README.md:121; README.md:143; README.md:167; README.md:168; configs/reproduction.example.toml:11; data/DATASET_DONE.json:9; data/DATASET_DONE.json:11; data/DATASET_DONE.json:12; data/DATASET_DONE.json:19; data/DATASET_DONE.json:25; data/DATASET_DONE.json:27; data/DATASET_DONE.json:35; data/DATASET_DONE.json:49; data/DATASET_DONE.json:51
4356,-12,-12,"ACM Transactions on Graphics (SIGGRAPH), vol. 35, no. 4, pp. 1--12, 2016.",20,README.md:66; demo/public/bundle/certified_presets.json:1; demo/public/bundle/manifest.json:3; demo/src/engine/certifiedLocal.js:170; demo/src/engine/certifiedLocal.js:323; demo/src/engine/certifiedLocal.js:400; demo/src/engine/certifiedLocal.js:401; reproducibility/README.md:47; reproducibility/README.md:48; reproducibility/README.md:105; reproducibility/RELEASE_ASSET_VERIFICATION_2026-08-12.json:4; reproducibility/RELEASE_ASSET_VERIFICATION_2026-08-12.json.sha256.json:2; reproducibility/source_snapshots/final_holdout_v1/source/rhinoform/baselines.py:133; reproducibility/source_snapshots/final_holdout_v1/source/rhinoform/safe_fusion.py:100; reproducibility/source_snapshots/final_holdout_v1/source/rhinoform/safe_fusion.py:104; reproducibility/source_snapshots/final_holdout_v1/source/rhinoform/safe_fusion.py:105; reproducibility/source_snapshots/final_holdout_v1/source/rhinoform/safe_fusion.py:122; reproducibility/source_snapshots/final_holdout_v1/source/rhinoform/safe_fusion.py:124; reproducibility/source_snapshots/final_holdout_v1/source/rhinoform/safe_fusion.py:131; reproducibility/source_snapshots/final_holdout_v1/source/rhinoform/safe_fusion.py:199
4356,2016,2016,"ACM Transactions on Graphics (SIGGRAPH), vol. 35, no. 4, pp. 1--12, 2016.",7,data/DATASET_DONE.json:3395; results/rbsr_final_rerun_holdout_v1/posthoc_subunit_analysis_v1/personalization/pair_metrics_all_variants.csv:2018; results/rbsr_final_rerun_holdout_v1/posthoc_subunit_analysis_v1/personalization/pair_metrics_all_variants.csv:6848; results/rbsr_final_rerun_holdout_v1/posthoc_subunit_analysis_v1/personalization/pair_metrics_all_variants.csv:11678; results/rbsr_final_rerun_holdout_v1/posthoc_subunit_analysis_v1/personalization/pair_metrics_all_variants.csv:16508; roi/subunits.json:771; splits/facescape_847/split_manifest.json:16195
4357,10.1145,10.1145,doi:10.1145/2897824.2925882.,0,
4357,2897824.2925882,2897824.2925882,doi:10.1145/2897824.2925882.,0,
4359,019,019,"bouritsas2019neural3dmm G. Bouritsas, S. Bokhnyak, S. Ploumpis,",6,data/DATASET_DONE.json:2347; data/DATASET_DONE.json:4147; data/DATASET_DONE.json:4339; splits/facescape_847/split_manifest.json:14230; splits/facescape_847/split_manifest.json:17605; splits/facescape_847/split_manifest.json:17965
4360,3,3,"M. Bronstein, and S. Zafeiriou, ``Neural 3D morphable models: Spiral",18,CITATION.cff:14; README.md:5; README.md:8; README.md:55; README.md:78; README.md:94; README.md:184; data/DATASET_DONE.json:9; data/DATASET_DONE.json:25; data/DATASET_DONE.json:27; data/DATASET_DONE.json:28; data/DATASET_DONE.json:33; data/DATASET_DONE.json:35; data/DATASET_DONE.json:59; data/DATASET_DONE.json:65; data/DATASET_DONE.json:73; data/DATASET_DONE.json:75; data/DATASET_DONE.json:81
4361,3,3,"convolutional networks for 3D shape representation learning and generation,'' in",18,CITATION.cff:14; README.md:5; README.md:8; README.md:55; README.md:78; README.md:94; README.md:184; data/DATASET_DONE.json:9; data/DATASET_DONE.json:25; data/DATASET_DONE.json:27; data/DATASET_DONE.json:28; data/DATASET_DONE.json:33; data/DATASET_DONE.json:35; data/DATASET_DONE.json:59; data/DATASET_DONE.json:65; data/DATASET_DONE.json:73; data/DATASET_DONE.json:75; data/DATASET_DONE.json:81
4362,2019,2019,"Proc.\ ICCV, 2019, pp. 7213--7222.",7,data/DATASET_DONE.json:3721; data/manifest.json:4193; results/rbsr_final_rerun_holdout_v1/posthoc_subunit_analysis_v1/personalization/pair_metrics_all_variants.csv:2021; results/rbsr_final_rerun_holdout_v1/posthoc_subunit_analysis_v1/personalization/pair_metrics_all_variants.csv:6851; results/rbsr_final_rerun_holdout_v1/posthoc_subunit_analysis_v1/personalization/pair_metrics_all_variants.csv:11681; results/rbsr_final_rerun_holdout_v1/posthoc_subunit_analysis_v1/personalization/pair_metrics_all_variants.csv:16511; roi/subunits.json:774
4362,7213,7213,"Proc.\ ICCV, 2019, pp. 7213--7222.",0,
4362,-7222,-7222,"Proc.\ ICCV, 2019, pp. 7213--7222.",0,
4364,024,024,"tarasiou2024lamm M. Tarasiou, R. A. Potamias, E. O'Sullivan,",13,data/DATASET_DONE.json:569; data/DATASET_DONE.json:723; data/DATASET_DONE.json:3841; data/manifest.json:647; data/manifest.json:4328; splits/facescape_847/split_manifest.json:11185; splits/facescape_847/split_manifest.json:12909; splits/facescape_847/split_manifest.json:13149; splits/facescape_847/split_manifest.json:13764; splits/facescape_847/split_manifest.json:15414; splits/facescape_847/split_manifest.json:19044; splits/facescape_847/split_manifest.json:21699; tests/test_regional_analysis.py:11
4365,3,3,"S. Ploumpis, and S. Zafeiriou, ``Locally adaptive neural 3D morphable models,''",18,CITATION.cff:14; README.md:5; README.md:8; README.md:55; README.md:78; README.md:94; README.md:184; data/DATASET_DONE.json:9; data/DATASET_DONE.json:25; data/DATASET_DONE.json:27; data/DATASET_DONE.json:28; data/DATASET_DONE.json:33; data/DATASET_DONE.json:35; data/DATASET_DONE.json:59; data/DATASET_DONE.json:65; data/DATASET_DONE.json:73; data/DATASET_DONE.json:75; data/DATASET_DONE.json:81
4366,2024,2024,"in Proc.\ CVPR, 2024. arXiv:2401.02937.",20,data/DATASET_DONE.json:4035; experiments/lamm/README.md:3; experiments/lamm/run_lamm_facescape.py:3; experiments/lamm/run_lamm_facescape.py:821; reproducibility/source_snapshots/final_holdout_v1/source/experiments/lamm/run_lamm_facescape.py:3; reproducibility/source_snapshots/final_holdout_v1/source/experiments/lamm/run_lamm_facescape.py:821; reproducibility/source_snapshots/posthoc_subunits_v1/source/experiments/lamm/run_lamm_facescape.py:3; reproducibility/source_snapshots/posthoc_subunits_v1/source/experiments/lamm/run_lamm_facescape.py:821; reproducibility/source_snapshots/posthoc_subunits_v1/source/scripts/evaluation/lamm_validation_reference.py:264; reproducibility/source_snapshots/supplemental_dominance_v1/source_corrected/scripts/evaluation/lamm_validation_reference.py:210; reproducibility/source_snapshots/supplemental_dominance_v1/source_pre_erratum/scripts/evaluation/lamm_validation_reference.py:210; results/rbsr_final_rerun_holdout_v1/lamm/seed20260609/lamm_test_summary.json:13; results/rbsr_final_rerun_holdout_v1/lamm/seed20260609/run_provenance.json:98; results/rbsr_final_rerun_holdout_v1/posthoc_subunit_analysis_v1/personalization/pair_metrics_all_variants.csv:2026; results/rbsr_final_rerun_holdout_v1/posthoc_subunit_analysis_v1/personalization/pair_metrics_all_variants.csv:6856; results/rbsr_final_rerun_holdout_v1/posthoc_subunit_analysis_v1/personalization/pair_metrics_all_variants.csv:11686; results/rbsr_final_rerun_holdout_v1/posthoc_subunit_analysis_v1/personalization/pair_metrics_all_variants.csv:16516; results/supplemental_rbsr_lamm_dominance_search_v1/release_evidence/frozen_lamm/lamm_test_summary.json:13; results/supplemental_rbsr_lamm_dominance_search_v1/release_evidence/validation/lamm_validation_summary.json:15; roi/subunits.json:779
4366,2401.02937,2401.02937,"in Proc.\ CVPR, 2024. arXiv:2401.02937.",0,
4368,024,024,"potamias2024shapefusion R. A. Potamias, M. Tarasiou, S. Ploumpis, and",13,data/DATASET_DONE.json:569; data/DATASET_DONE.json:723; data/DATASET_DONE.json:3841; data/manifest.json:647; data/manifest.json:4328; splits/facescape_847/split_manifest.json:11185; splits/facescape_847/split_manifest.json:12909; splits/facescape_847/split_manifest.json:13149; splits/facescape_847/split_manifest.json:13764; splits/facescape_847/split_manifest.json:15414; splits/facescape_847/split_manifest.json:19044; splits/facescape_847/split_manifest.json:21699; tests/test_regional_analysis.py:11
4369,3,3,"S. Zafeiriou, ``ShapeFusion: A 3D diffusion model for localized shape editing,''",18,CITATION.cff:14; README.md:5; README.md:8; README.md:55; README.md:78; README.md:94; README.md:184; data/DATASET_DONE.json:9; data/DATASET_DONE.json:25; data/DATASET_DONE.json:27; data/DATASET_DONE.json:28; data/DATASET_DONE.json:33; data/DATASET_DONE.json:35; data/DATASET_DONE.json:59; data/DATASET_DONE.json:65; data/DATASET_DONE.json:73; data/DATASET_DONE.json:75; data/DATASET_DONE.json:81
4370,15072,15072,"in Proc.\ ECCV, ser.\ LNCS, vol. 15072, 2024, pp. 72--89.",0,
4370,2024,2024,"in Proc.\ ECCV, ser.\ LNCS, vol. 15072, 2024, pp. 72--89.",20,data/DATASET_DONE.json:4035; experiments/lamm/README.md:3; experiments/lamm/run_lamm_facescape.py:3; experiments/lamm/run_lamm_facescape.py:821; reproducibility/source_snapshots/final_holdout_v1/source/experiments/lamm/run_lamm_facescape.py:3; reproducibility/source_snapshots/final_holdout_v1/source/experiments/lamm/run_lamm_facescape.py:821; reproducibility/source_snapshots/posthoc_subunits_v1/source/experiments/lamm/run_lamm_facescape.py:3; reproducibility/source_snapshots/posthoc_subunits_v1/source/experiments/lamm/run_lamm_facescape.py:821; reproducibility/source_snapshots/posthoc_subunits_v1/source/scripts/evaluation/lamm_validation_reference.py:264; reproducibility/source_snapshots/supplemental_dominance_v1/source_corrected/scripts/evaluation/lamm_validation_reference.py:210; reproducibility/source_snapshots/supplemental_dominance_v1/source_pre_erratum/scripts/evaluation/lamm_validation_reference.py:210; results/rbsr_final_rerun_holdout_v1/lamm/seed20260609/lamm_test_summary.json:13; results/rbsr_final_rerun_holdout_v1/lamm/seed20260609/run_provenance.json:98; results/rbsr_final_rerun_holdout_v1/posthoc_subunit_analysis_v1/personalization/pair_metrics_all_variants.csv:2026; results/rbsr_final_rerun_holdout_v1/posthoc_subunit_analysis_v1/personalization/pair_metrics_all_variants.csv:6856; results/rbsr_final_rerun_holdout_v1/posthoc_subunit_analysis_v1/personalization/pair_metrics_all_variants.csv:11686; results/rbsr_final_rerun_holdout_v1/posthoc_subunit_analysis_v1/personalization/pair_metrics_all_variants.csv:16516; results/supplemental_rbsr_lamm_dominance_search_v1/release_evidence/frozen_lamm/lamm_test_summary.json:13; results/supplemental_rbsr_lamm_dominance_search_v1/release_evidence/validation/lamm_validation_summary.json:15; roi/subunits.json:779
4370,72,72,"in Proc.\ ECCV, ser.\ LNCS, vol. 15072, 2024, pp. 72--89.",20,data/DATASET_DONE.json:145; data/DATASET_DONE.json:209; data/DATASET_DONE.json:219; data/DATASET_DONE.json:227; data/DATASET_DONE.json:323; data/DATASET_DONE.json:385; data/DATASET_DONE.json:580; data/DATASET_DONE.json:841; data/DATASET_DONE.json:1225; data/DATASET_DONE.json:1299; data/DATASET_DONE.json:1473; data/DATASET_DONE.json:2115; data/DATASET_DONE.json:2187; data/DATASET_DONE.json:2217; data/DATASET_DONE.json:2443; data/DATASET_DONE.json:2529; data/DATASET_DONE.json:2665; data/DATASET_DONE.json:2739; data/DATASET_DONE.json:2931; data/DATASET_DONE.json:3209
4370,-89,-89,"in Proc.\ ECCV, ser.\ LNCS, vol. 15072, 2024, pp. 72--89.",0,
4371,10.1007,10.1007,doi:10.1007/978-3-031-72630-9\_5.,0,
4371,978,978,doi:10.1007/978-3-031-72630-9\_5.,10,data/DATASET_DONE.json:4657; data/manifest.json:5246; results/rbsr_final_rerun_holdout_v1/posthoc_subunit_analysis_v1/figures/FIGURE_EVIDENCE.json:33; results/rbsr_final_rerun_holdout_v1/posthoc_subunit_analysis_v1/figures/spatial_diagnostics_hybrid.png.sha256.json:4; results/rbsr_final_rerun_holdout_v1/posthoc_subunit_analysis_v1/personalization/pair_metrics_all_variants.csv:980; results/rbsr_final_rerun_holdout_v1/posthoc_subunit_analysis_v1/personalization/pair_metrics_all_variants.csv:5810; results/rbsr_final_rerun_holdout_v1/posthoc_subunit_analysis_v1/personalization/pair_metrics_all_variants.csv:10640; results/rbsr_final_rerun_holdout_v1/posthoc_subunit_analysis_v1/personalization/pair_metrics_all_variants.csv:15470; roi/subunits.json:4904; splits/facescape_847/split_manifest.json:20679
4371,-3,-3,doi:10.1007/978-3-031-72630-9\_5.,13,CITATION.cff:12; THIRD_PARTY.md:3; THIRD_PARTY.md:10; THIRD_PARTY.md:12; demo/ASSET_NOTICE.md:3; demo/ASSET_NOTICE.md:14; demo/ASSET_NOTICE.md:15; demo/package-lock.json:777; demo/public/bundle/certified_presets.json:1; demo/public/bundle/ridge_browser.json:1; demo/src/components/Studio3D.jsx:59; demo/verify.mjs:213; demo/verify.mjs:313
4371,-031,-031,doi:10.1007/978-3-031-72630-9\_5.,0,
4371,-72630,-72630,doi:10.1007/978-3-031-72630-9\_5.,0,
4371,-9,-9,doi:10.1007/978-3-031-72630-9\_5.,14,demo/package-lock.json:112; demo/public/bundle/certified_presets.json:1; demo/public/bundle/ridge_browser.json:1; demo/verify.mjs:247; demo/verify.mjs:294; demo/verify.mjs:295; reproducibility/source_snapshots/final_holdout_v1/source/rhinoform/safe_fusion.py:528; reproducibility/source_snapshots/final_holdout_v1/source/rhinoform/safe_fusion.py:570; reproducibility/source_snapshots/final_holdout_v1/source/rhinoform/safe_fusion.py:572; reproducibility/source_snapshots/final_holdout_v1/source/rhinoform/safe_fusion.py:591; reproducibility/source_snapshots/final_holdout_v1/source/rhinoform/safe_fusion.py:592; reproducibility/source_snapshots/posthoc_subunits_v1/source/rhinoform/safe_fusion.py:528; reproducibility/source_snapshots/posthoc_subunits_v1/source/rhinoform/safe_fusion.py:570; reproducibility/source_snapshots/posthoc_subunits_v1/source/rhinoform/safe_fusion.py:572
4373,023,023,"giebenhain2023nphm S. Giebenhain, T. Kirschstein, M. Georgopoulos,",13,data/DATASET_DONE.json:393; data/DATASET_DONE.json:619; data/DATASET_DONE.json:1371; data/DATASET_DONE.json:2081; data/DATASET_DONE.json:6363; data/manifest.json:449; data/manifest.json:2348; splits/facescape_847/split_manifest.json:10119; splits/facescape_847/split_manifest.json:10990; splits/facescape_847/split_manifest.json:12400; splits/facescape_847/split_manifest.json:13419; splits/facescape_847/split_manifest.json:21760; splits/facescape_847/split_manifest.json:26888
4375,2023,2023,"models,'' in Proc.\ CVPR, 2023, pp. 21003--21012.",7,data/DATASET_DONE.json:5355; results/rbsr_final_rerun_holdout_v1/posthoc_subunit_analysis_v1/personalization/pair_metrics_all_variants.csv:2025; results/rbsr_final_rerun_holdout_v1/posthoc_subunit_analysis_v1/personalization/pair_metrics_all_variants.csv:6855; results/rbsr_final_rerun_holdout_v1/posthoc_subunit_analysis_v1/personalization/pair_metrics_all_variants.csv:11685; results/rbsr_final_rerun_holdout_v1/posthoc_subunit_analysis_v1/personalization/pair_metrics_all_variants.csv:16515; roi/subunits.json:778; splits/facescape_847/split_manifest.json:19870
4375,21003,21003,"models,'' in Proc.\ CVPR, 2023, pp. 21003--21012.",0,
4375,-21012,-21012,"models,'' in Proc.\ CVPR, 2023, pp. 21003--21012.",0,
4377,025,025,"potamias2025imhead R. A. Potamias, S. Galanakis, J. Deng,",6,data/DATASET_DONE.json:2529; data/DATASET_DONE.json:6529; data/manifest.json:2852; data/manifest.json:7352; splits/facescape_847/split_manifest.json:10509; splits/facescape_847/split_manifest.json:12879
4379,2025,2025,"model for localized head modeling,'' in Proc.\ ICCV, 2025.",6,results/rbsr_final_rerun_holdout_v1/posthoc_subunit_analysis_v1/personalization/pair_metrics_all_variants.csv:2027; results/rbsr_final_rerun_holdout_v1/posthoc_subunit_analysis_v1/personalization/pair_metrics_all_variants.csv:6857; results/rbsr_final_rerun_holdout_v1/posthoc_subunit_analysis_v1/personalization/pair_metrics_all_variants.csv:11687; results/rbsr_final_rerun_holdout_v1/posthoc_subunit_analysis_v1/personalization/pair_metrics_all_variants.csv:16517; roi/subunits.json:780; splits/facescape_847/split_manifest.json:15954
4380,2510.10793,2510.10793,arXiv:2510.10793.,0,
4382,3,3,"vectra Canfield Scientific, ``VECTRA XT 3D imaging system,''",18,CITATION.cff:14; README.md:5; README.md:8; README.md:55; README.md:78; README.md:94; README.md:184; data/DATASET_DONE.json:9; data/DATASET_DONE.json:25; data/DATASET_DONE.json:27; data/DATASET_DONE.json:28; data/DATASET_DONE.json:33; data/DATASET_DONE.json:35; data/DATASET_DONE.json:59; data/DATASET_DONE.json:65; data/DATASET_DONE.json:73; data/DATASET_DONE.json:75; data/DATASET_DONE.json:81
4383,3,3,https://www.canfieldsci.com/imaging-systems/vectra-xt-3d-imaging-system/,18,CITATION.cff:14; README.md:5; README.md:8; README.md:55; README.md:78; README.md:94; README.md:184; data/DATASET_DONE.json:9; data/DATASET_DONE.json:25; data/DATASET_DONE.json:27; data/DATASET_DONE.json:28; data/DATASET_DONE.json:33; data/DATASET_DONE.json:35; data/DATASET_DONE.json:59; data/DATASET_DONE.json:65; data/DATASET_DONE.json:73; data/DATASET_DONE.json:75; data/DATASET_DONE.json:81
4384,2026,2026,(accessed 2026).,20,CITATION.cff:11; demo/public/bundle/certified_presets.json:1; demo/public/bundle/manifest.json:3; reproducibility/README.md:47; reproducibility/README.md:48; reproducibility/RELEASE_ASSET_VERIFICATION_2026-08-12.json:4; reproducibility/RELEASE_ASSET_VERIFICATION_2026-08-12.json.sha256.json:2; reproducibility/source_snapshots/final_holdout_v1/SOURCE_MANIFEST.json:2; reproducibility/source_snapshots/final_holdout_v1/source/rhinoform/baselines.py:170; reproducibility/source_snapshots/final_holdout_v1/source/rhinoform/train_rbsr_gate.py:31; reproducibility/source_snapshots/posthoc_subunits_v1/SOURCE_MANIFEST.json:2; reproducibility/source_snapshots/posthoc_subunits_v1/source/rhinoform/baselines.py:170; reproducibility/source_snapshots/posthoc_subunits_v1/source/rhinoform/data.py:294; reproducibility/source_snapshots/posthoc_subunits_v1/source/rhinoform/repro.py:309; reproducibility/source_snapshots/posthoc_subunits_v1/source/rhinoform/train_rbsr_gate.py:37; reproducibility/source_snapshots/supplemental_dominance_v1/SOURCE_MANIFEST.json:2; reproducibility/source_snapshots/supplemental_dominance_v1/source_corrected/rhinoform/train_rbsr_gate.py:37; reproducibility/source_snapshots/supplemental_dominance_v1/source_pre_erratum/rhinoform/train_rbsr_gate.py:37; results/rbsr_final_rerun_holdout_v1/CLASSICAL_TEST_ACCESS_RECEIPT.json:5; results/rbsr_final_rerun_holdout_v1/CLASSICAL_TEST_ACCESS_RECEIPT.json:8
4386,3,3,"mirrorme3d MirrorMe3D, ``3D patient assessment and surgical planning,''",18,CITATION.cff:14; README.md:5; README.md:8; README.md:55; README.md:78; README.md:94; README.md:184; data/DATASET_DONE.json:9; data/DATASET_DONE.json:25; data/DATASET_DONE.json:27; data/DATASET_DONE.json:28; data/DATASET_DONE.json:33; data/DATASET_DONE.json:35; data/DATASET_DONE.json:59; data/DATASET_DONE.json:65; data/DATASET_DONE.json:73; data/DATASET_DONE.json:75; data/DATASET_DONE.json:81
4387,2026,2026,https://www.mirrorme3d.com/ (accessed 2026).,20,CITATION.cff:11; demo/public/bundle/certified_presets.json:1; demo/public/bundle/manifest.json:3; reproducibility/README.md:47; reproducibility/README.md:48; reproducibility/RELEASE_ASSET_VERIFICATION_2026-08-12.json:4; reproducibility/RELEASE_ASSET_VERIFICATION_2026-08-12.json.sha256.json:2; reproducibility/source_snapshots/final_holdout_v1/SOURCE_MANIFEST.json:2; reproducibility/source_snapshots/final_holdout_v1/source/rhinoform/baselines.py:170; reproducibility/source_snapshots/final_holdout_v1/source/rhinoform/train_rbsr_gate.py:31; reproducibility/source_snapshots/posthoc_subunits_v1/SOURCE_MANIFEST.json:2; reproducibility/source_snapshots/posthoc_subunits_v1/source/rhinoform/baselines.py:170; reproducibility/source_snapshots/posthoc_subunits_v1/source/rhinoform/data.py:294; reproducibility/source_snapshots/posthoc_subunits_v1/source/rhinoform/repro.py:309; reproducibility/source_snapshots/posthoc_subunits_v1/source/rhinoform/train_rbsr_gate.py:37; reproducibility/source_snapshots/supplemental_dominance_v1/SOURCE_MANIFEST.json:2; reproducibility/source_snapshots/supplemental_dominance_v1/source_corrected/rhinoform/train_rbsr_gate.py:37; reproducibility/source_snapshots/supplemental_dominance_v1/source_pre_erratum/rhinoform/train_rbsr_gate.py:37; results/rbsr_final_rerun_holdout_v1/CLASSICAL_TEST_ACCESS_RECEIPT.json:5; results/rbsr_final_rerun_holdout_v1/CLASSICAL_TEST_ACCESS_RECEIPT.json:8
4389,3,3,"threedmd 3dMD, ``3dMD announces new 3D visualization and simulation",18,CITATION.cff:14; README.md:5; README.md:8; README.md:55; README.md:78; README.md:94; README.md:184; data/DATASET_DONE.json:9; data/DATASET_DONE.json:25; data/DATASET_DONE.json:27; data/DATASET_DONE.json:28; data/DATASET_DONE.json:33; data/DATASET_DONE.json:35; data/DATASET_DONE.json:59; data/DATASET_DONE.json:65; data/DATASET_DONE.json:73; data/DATASET_DONE.json:75; data/DATASET_DONE.json:81
4389,3,3,"threedmd 3dMD, ``3dMD announces new 3D visualization and simulation",18,CITATION.cff:14; README.md:5; README.md:8; README.md:55; README.md:78; README.md:94; README.md:184; data/DATASET_DONE.json:9; data/DATASET_DONE.json:25; data/DATASET_DONE.json:27; data/DATASET_DONE.json:28; data/DATASET_DONE.json:33; data/DATASET_DONE.json:35; data/DATASET_DONE.json:59; data/DATASET_DONE.json:65; data/DATASET_DONE.json:73; data/DATASET_DONE.json:75; data/DATASET_DONE.json:81
4389,3,3,"threedmd 3dMD, ``3dMD announces new 3D visualization and simulation",18,CITATION.cff:14; README.md:5; README.md:8; README.md:55; README.md:78; README.md:94; README.md:184; data/DATASET_DONE.json:9; data/DATASET_DONE.json:25; data/DATASET_DONE.json:27; data/DATASET_DONE.json:28; data/DATASET_DONE.json:33; data/DATASET_DONE.json:35; data/DATASET_DONE.json:59; data/DATASET_DONE.json:65; data/DATASET_DONE.json:73; data/DATASET_DONE.json:75; data/DATASET_DONE.json:81
4390,3,3,"software,'' https://3dmd.com/2007/05/18/3dmd-announces-new-3d-visualization-and-simulation-software/",18,CITATION.cff:14; README.md:5; README.md:8; README.md:55; README.md:78; README.md:94; README.md:184; data/DATASET_DONE.json:9; data/DATASET_DONE.json:25; data/DATASET_DONE.json:27; data/DATASET_DONE.json:28; data/DATASET_DONE.json:33; data/DATASET_DONE.json:35; data/DATASET_DONE.json:59; data/DATASET_DONE.json:65; data/DATASET_DONE.json:73; data/DATASET_DONE.json:75; data/DATASET_DONE.json:81
4390,2007,2007,"software,'' https://3dmd.com/2007/05/18/3dmd-announces-new-3d-visualization-and-simulation-software/",5,results/rbsr_final_rerun_holdout_v1/posthoc_subunit_analysis_v1/personalization/pair_metrics_all_variants.csv:2009; results/rbsr_final_rerun_holdout_v1/posthoc_subunit_analysis_v1/personalization/pair_metrics_all_variants.csv:6839; results/rbsr_final_rerun_holdout_v1/posthoc_subunit_analysis_v1/personalization/pair_metrics_all_variants.csv:11669; results/rbsr_final_rerun_holdout_v1/posthoc_subunit_analysis_v1/personalization/pair_metrics_all_variants.csv:16499; roi/subunits.json:762
4390,05,05,"software,'' https://3dmd.com/2007/05/18/3dmd-announces-new-3d-visualization-and-simulation-software/",18,THIRD_PARTY.md:26; configs/reproduction.example.toml:19; data/DATASET_DONE.json:177; data/DATASET_DONE.json:203; data/DATASET_DONE.json:507; data/DATASET_DONE.json:521; data/DATASET_DONE.json:849; data/DATASET_DONE.json:857; data/DATASET_DONE.json:897; data/DATASET_DONE.json:929; data/DATASET_DONE.json:1033; data/DATASET_DONE.json:1315; data/DATASET_DONE.json:1539; data/DATASET_DONE.json:1579; data/DATASET_DONE.json:1585; data/DATASET_DONE.json:1595; data/DATASET_DONE.json:1705; data/DATASET_DONE.json:1875
4390,18,18,"software,'' https://3dmd.com/2007/05/18/3dmd-announces-new-3d-visualization-and-simulation-software/",20,data/DATASET_DONE.json:25; data/DATASET_DONE.json:115; data/DATASET_DONE.json:148; data/DATASET_DONE.json:209; data/DATASET_DONE.json:451; data/DATASET_DONE.json:507; data/DATASET_DONE.json:569; data/DATASET_DONE.json:811; data/DATASET_DONE.json:875; data/DATASET_DONE.json:923; data/DATASET_DONE.json:1035; data/DATASET_DONE.json:1059; data/DATASET_DONE.json:1129; data/DATASET_DONE.json:1201; data/DATASET_DONE.json:1355; data/DATASET_DONE.json:1395; data/DATASET_DONE.json:1403; data/DATASET_DONE.json:1499; data/DATASET_DONE.json:1507; data/DATASET_DONE.json:1529
4390,3,3,"software,'' https://3dmd.com/2007/05/18/3dmd-announces-new-3d-visualization-and-simulation-software/",18,CITATION.cff:14; README.md:5; README.md:8; README.md:55; README.md:78; README.md:94; README.md:184; data/DATASET_DONE.json:9; data/DATASET_DONE.json:25; data/DATASET_DONE.json:27; data/DATASET_DONE.json:28; data/DATASET_DONE.json:33; data/DATASET_DONE.json:35; data/DATASET_DONE.json:59; data/DATASET_DONE.json:65; data/DATASET_DONE.json:73; data/DATASET_DONE.json:75; data/DATASET_DONE.json:81
4390,3,3,"software,'' https://3dmd.com/2007/05/18/3dmd-announces-new-3d-visualization-and-simulation-software/",18,CITATION.cff:14; README.md:5; README.md:8; README.md:55; README.md:78; README.md:94; README.md:184; data/DATASET_DONE.json:9; data/DATASET_DONE.json:25; data/DATASET_DONE.json:27; data/DATASET_DONE.json:28; data/DATASET_DONE.json:33; data/DATASET_DONE.json:35; data/DATASET_DONE.json:59; data/DATASET_DONE.json:65; data/DATASET_DONE.json:73; data/DATASET_DONE.json:75; data/DATASET_DONE.json:81
4391,2026,2026,(accessed 2026).,20,CITATION.cff:11; demo/public/bundle/certified_presets.json:1; demo/public/bundle/manifest.json:3; reproducibility/README.md:47; reproducibility/README.md:48; reproducibility/RELEASE_ASSET_VERIFICATION_2026-08-12.json:4; reproducibility/RELEASE_ASSET_VERIFICATION_2026-08-12.json.sha256.json:2; reproducibility/source_snapshots/final_holdout_v1/SOURCE_MANIFEST.json:2; reproducibility/source_snapshots/final_holdout_v1/source/rhinoform/baselines.py:170; reproducibility/source_snapshots/final_holdout_v1/source/rhinoform/train_rbsr_gate.py:31; reproducibility/source_snapshots/posthoc_subunits_v1/SOURCE_MANIFEST.json:2; reproducibility/source_snapshots/posthoc_subunits_v1/source/rhinoform/baselines.py:170; reproducibility/source_snapshots/posthoc_subunits_v1/source/rhinoform/data.py:294; reproducibility/source_snapshots/posthoc_subunits_v1/source/rhinoform/repro.py:309; reproducibility/source_snapshots/posthoc_subunits_v1/source/rhinoform/train_rbsr_gate.py:37; reproducibility/source_snapshots/supplemental_dominance_v1/SOURCE_MANIFEST.json:2; reproducibility/source_snapshots/supplemental_dominance_v1/source_corrected/rhinoform/train_rbsr_gate.py:37; reproducibility/source_snapshots/supplemental_dominance_v1/source_pre_erratum/rhinoform/train_rbsr_gate.py:37; results/rbsr_final_rerun_holdout_v1/CLASSICAL_TEST_ACCESS_RECEIPT.json:5; results/rbsr_final_rerun_holdout_v1/CLASSICAL_TEST_ACCESS_RECEIPT.json:8
4393,3,3,"lifeviz QuantifiCare, ``LifeViz Mini 3D photography system,''",18,CITATION.cff:14; README.md:5; README.md:8; README.md:55; README.md:78; README.md:94; README.md:184; data/DATASET_DONE.json:9; data/DATASET_DONE.json:25; data/DATASET_DONE.json:27; data/DATASET_DONE.json:28; data/DATASET_DONE.json:33; data/DATASET_DONE.json:35; data/DATASET_DONE.json:59; data/DATASET_DONE.json:65; data/DATASET_DONE.json:73; data/DATASET_DONE.json:75; data/DATASET_DONE.json:81
4394,3,3,https://www.quantificare.com/3d-photography-systems-old/lifeviz-mini/,18,CITATION.cff:14; README.md:5; README.md:8; README.md:55; README.md:78; README.md:94; README.md:184; data/DATASET_DONE.json:9; data/DATASET_DONE.json:25; data/DATASET_DONE.json:27; data/DATASET_DONE.json:28; data/DATASET_DONE.json:33; data/DATASET_DONE.json:35; data/DATASET_DONE.json:59; data/DATASET_DONE.json:65; data/DATASET_DONE.json:73; data/DATASET_DONE.json:75; data/DATASET_DONE.json:81
4395,2026,2026,(accessed 2026).,20,CITATION.cff:11; demo/public/bundle/certified_presets.json:1; demo/public/bundle/manifest.json:3; reproducibility/README.md:47; reproducibility/README.md:48; reproducibility/RELEASE_ASSET_VERIFICATION_2026-08-12.json:4; reproducibility/RELEASE_ASSET_VERIFICATION_2026-08-12.json.sha256.json:2; reproducibility/source_snapshots/final_holdout_v1/SOURCE_MANIFEST.json:2; reproducibility/source_snapshots/final_holdout_v1/source/rhinoform/baselines.py:170; reproducibility/source_snapshots/final_holdout_v1/source/rhinoform/train_rbsr_gate.py:31; reproducibility/source_snapshots/posthoc_subunits_v1/SOURCE_MANIFEST.json:2; reproducibility/source_snapshots/posthoc_subunits_v1/source/rhinoform/baselines.py:170; reproducibility/source_snapshots/posthoc_subunits_v1/source/rhinoform/data.py:294; reproducibility/source_snapshots/posthoc_subunits_v1/source/rhinoform/repro.py:309; reproducibility/source_snapshots/posthoc_subunits_v1/source/rhinoform/train_rbsr_gate.py:37; reproducibility/source_snapshots/supplemental_dominance_v1/SOURCE_MANIFEST.json:2; reproducibility/source_snapshots/supplemental_dominance_v1/source_corrected/rhinoform/train_rbsr_gate.py:37; reproducibility/source_snapshots/supplemental_dominance_v1/source_pre_erratum/rhinoform/train_rbsr_gate.py:37; results/rbsr_final_rerun_holdout_v1/CLASSICAL_TEST_ACCESS_RECEIPT.json:5; results/rbsr_final_rerun_holdout_v1/CLASSICAL_TEST_ACCESS_RECEIPT.json:8
4397,3,3,"crisalix Crisalix SA, ``Crisalix: 3D/4D aesthetic simulation,''",18,CITATION.cff:14; README.md:5; README.md:8; README.md:55; README.md:78; README.md:94; README.md:184; data/DATASET_DONE.json:9; data/DATASET_DONE.json:25; data/DATASET_DONE.json:27; data/DATASET_DONE.json:28; data/DATASET_DONE.json:33; data/DATASET_DONE.json:35; data/DATASET_DONE.json:59; data/DATASET_DONE.json:65; data/DATASET_DONE.json:73; data/DATASET_DONE.json:75; data/DATASET_DONE.json:81
4397,4,4,"crisalix Crisalix SA, ``Crisalix: 3D/4D aesthetic simulation,''",14,README.md:98; data/DATASET_DONE.json:11; data/DATASET_DONE.json:19; data/DATASET_DONE.json:35; data/DATASET_DONE.json:36; data/DATASET_DONE.json:41; data/DATASET_DONE.json:43; data/DATASET_DONE.json:57; data/DATASET_DONE.json:59; data/DATASET_DONE.json:81; data/DATASET_DONE.json:89; data/DATASET_DONE.json:91; data/DATASET_DONE.json:97; data/DATASET_DONE.json:105
4398,2026,2026,https://www.crisalix.com/ (accessed 2026).,20,CITATION.cff:11; demo/public/bundle/certified_presets.json:1; demo/public/bundle/manifest.json:3; reproducibility/README.md:47; reproducibility/README.md:48; reproducibility/RELEASE_ASSET_VERIFICATION_2026-08-12.json:4; reproducibility/RELEASE_ASSET_VERIFICATION_2026-08-12.json.sha256.json:2; reproducibility/source_snapshots/final_holdout_v1/SOURCE_MANIFEST.json:2; reproducibility/source_snapshots/final_holdout_v1/source/rhinoform/baselines.py:170; reproducibility/source_snapshots/final_holdout_v1/source/rhinoform/train_rbsr_gate.py:31; reproducibility/source_snapshots/posthoc_subunits_v1/SOURCE_MANIFEST.json:2; reproducibility/source_snapshots/posthoc_subunits_v1/source/rhinoform/baselines.py:170; reproducibility/source_snapshots/posthoc_subunits_v1/source/rhinoform/data.py:294; reproducibility/source_snapshots/posthoc_subunits_v1/source/rhinoform/repro.py:309; reproducibility/source_snapshots/posthoc_subunits_v1/source/rhinoform/train_rbsr_gate.py:37; reproducibility/source_snapshots/supplemental_dominance_v1/SOURCE_MANIFEST.json:2; reproducibility/source_snapshots/supplemental_dominance_v1/source_corrected/rhinoform/train_rbsr_gate.py:37; reproducibility/source_snapshots/supplemental_dominance_v1/source_pre_erratum/rhinoform/train_rbsr_gate.py:37; results/rbsr_final_rerun_holdout_v1/CLASSICAL_TEST_ACCESS_RECEIPT.json:5; results/rbsr_final_rerun_holdout_v1/CLASSICAL_TEST_ACCESS_RECEIPT.json:8
4401,2026,2026,https://www.banuba.com/ (accessed 2026).,20,CITATION.cff:11; demo/public/bundle/certified_presets.json:1; demo/public/bundle/manifest.json:3; reproducibility/README.md:47; reproducibility/README.md:48; reproducibility/RELEASE_ASSET_VERIFICATION_2026-08-12.json:4; reproducibility/RELEASE_ASSET_VERIFICATION_2026-08-12.json.sha256.json:2; reproducibility/source_snapshots/final_holdout_v1/SOURCE_MANIFEST.json:2; reproducibility/source_snapshots/final_holdout_v1/source/rhinoform/baselines.py:170; reproducibility/source_snapshots/final_holdout_v1/source/rhinoform/train_rbsr_gate.py:31; reproducibility/source_snapshots/posthoc_subunits_v1/SOURCE_MANIFEST.json:2; reproducibility/source_snapshots/posthoc_subunits_v1/source/rhinoform/baselines.py:170; reproducibility/source_snapshots/posthoc_subunits_v1/source/rhinoform/data.py:294; reproducibility/source_snapshots/posthoc_subunits_v1/source/rhinoform/repro.py:309; reproducibility/source_snapshots/posthoc_subunits_v1/source/rhinoform/train_rbsr_gate.py:37; reproducibility/source_snapshots/supplemental_dominance_v1/SOURCE_MANIFEST.json:2; reproducibility/source_snapshots/supplemental_dominance_v1/source_corrected/rhinoform/train_rbsr_gate.py:37; reproducibility/source_snapshots/supplemental_dominance_v1/source_pre_erratum/rhinoform/train_rbsr_gate.py:37; results/rbsr_final_rerun_holdout_v1/CLASSICAL_TEST_ACCESS_RECEIPT.json:5; results/rbsr_final_rerun_holdout_v1/CLASSICAL_TEST_ACCESS_RECEIPT.json:8
4404,2026,2026,https://www.facetouchup.com/ (accessed 2026).,20,CITATION.cff:11; demo/public/bundle/certified_presets.json:1; demo/public/bundle/manifest.json:3; reproducibility/README.md:47; reproducibility/README.md:48; reproducibility/RELEASE_ASSET_VERIFICATION_2026-08-12.json:4; reproducibility/RELEASE_ASSET_VERIFICATION_2026-08-12.json.sha256.json:2; reproducibility/source_snapshots/final_holdout_v1/SOURCE_MANIFEST.json:2; reproducibility/source_snapshots/final_holdout_v1/source/rhinoform/baselines.py:170; reproducibility/source_snapshots/final_holdout_v1/source/rhinoform/train_rbsr_gate.py:31; reproducibility/source_snapshots/posthoc_subunits_v1/SOURCE_MANIFEST.json:2; reproducibility/source_snapshots/posthoc_subunits_v1/source/rhinoform/baselines.py:170; reproducibility/source_snapshots/posthoc_subunits_v1/source/rhinoform/data.py:294; reproducibility/source_snapshots/posthoc_subunits_v1/source/rhinoform/repro.py:309; reproducibility/source_snapshots/posthoc_subunits_v1/source/rhinoform/train_rbsr_gate.py:37; reproducibility/source_snapshots/supplemental_dominance_v1/SOURCE_MANIFEST.json:2; reproducibility/source_snapshots/supplemental_dominance_v1/source_corrected/rhinoform/train_rbsr_gate.py:37; reproducibility/source_snapshots/supplemental_dominance_v1/source_pre_erratum/rhinoform/train_rbsr_gate.py:37; results/rbsr_final_rerun_holdout_v1/CLASSICAL_TEST_ACCESS_RECEIPT.json:5; results/rbsr_final_rerun_holdout_v1/CLASSICAL_TEST_ACCESS_RECEIPT.json:8
4407,2026,2026,(accessed 2026).,20,CITATION.cff:11; demo/public/bundle/certified_presets.json:1; demo/public/bundle/manifest.json:3; reproducibility/README.md:47; reproducibility/README.md:48; reproducibility/RELEASE_ASSET_VERIFICATION_2026-08-12.json:4; reproducibility/RELEASE_ASSET_VERIFICATION_2026-08-12.json.sha256.json:2; reproducibility/source_snapshots/final_holdout_v1/SOURCE_MANIFEST.json:2; reproducibility/source_snapshots/final_holdout_v1/source/rhinoform/baselines.py:170; reproducibility/source_snapshots/final_holdout_v1/source/rhinoform/train_rbsr_gate.py:31; reproducibility/source_snapshots/posthoc_subunits_v1/SOURCE_MANIFEST.json:2; reproducibility/source_snapshots/posthoc_subunits_v1/source/rhinoform/baselines.py:170; reproducibility/source_snapshots/posthoc_subunits_v1/source/rhinoform/data.py:294; reproducibility/source_snapshots/posthoc_subunits_v1/source/rhinoform/repro.py:309; reproducibility/source_snapshots/posthoc_subunits_v1/source/rhinoform/train_rbsr_gate.py:37; reproducibility/source_snapshots/supplemental_dominance_v1/SOURCE_MANIFEST.json:2; reproducibility/source_snapshots/supplemental_dominance_v1/source_corrected/rhinoform/train_rbsr_gate.py:37; reproducibility/source_snapshots/supplemental_dominance_v1/source_pre_erratum/rhinoform/train_rbsr_gate.py:37; results/rbsr_final_rerun_holdout_v1/CLASSICAL_TEST_ACCESS_RECEIPT.json:5; results/rbsr_final_rerun_holdout_v1/CLASSICAL_TEST_ACCESS_RECEIPT.json:8
4409,3,3,"arbrea Arbrea Labs, ``Arbrea 3D aesthetic simulation,''",18,CITATION.cff:14; README.md:5; README.md:8; README.md:55; README.md:78; README.md:94; README.md:184; data/DATASET_DONE.json:9; data/DATASET_DONE.json:25; data/DATASET_DONE.json:27; data/DATASET_DONE.json:28; data/DATASET_DONE.json:33; data/DATASET_DONE.json:35; data/DATASET_DONE.json:59; data/DATASET_DONE.json:65; data/DATASET_DONE.json:73; data/DATASET_DONE.json:75; data/DATASET_DONE.json:81
4410,2026,2026,https://arbrea-labs.com/ (accessed 2026).,20,CITATION.cff:11; demo/public/bundle/certified_presets.json:1; demo/public/bundle/manifest.json:3; reproducibility/README.md:47; reproducibility/README.md:48; reproducibility/RELEASE_ASSET_VERIFICATION_2026-08-12.json:4; reproducibility/RELEASE_ASSET_VERIFICATION_2026-08-12.json.sha256.json:2; reproducibility/source_snapshots/final_holdout_v1/SOURCE_MANIFEST.json:2; reproducibility/source_snapshots/final_holdout_v1/source/rhinoform/baselines.py:170; reproducibility/source_snapshots/final_holdout_v1/source/rhinoform/train_rbsr_gate.py:31; reproducibility/source_snapshots/posthoc_subunits_v1/SOURCE_MANIFEST.json:2; reproducibility/source_snapshots/posthoc_subunits_v1/source/rhinoform/baselines.py:170; reproducibility/source_snapshots/posthoc_subunits_v1/source/rhinoform/data.py:294; reproducibility/source_snapshots/posthoc_subunits_v1/source/rhinoform/repro.py:309; reproducibility/source_snapshots/posthoc_subunits_v1/source/rhinoform/train_rbsr_gate.py:37; reproducibility/source_snapshots/supplemental_dominance_v1/SOURCE_MANIFEST.json:2; reproducibility/source_snapshots/supplemental_dominance_v1/source_corrected/rhinoform/train_rbsr_gate.py:37; reproducibility/source_snapshots/supplemental_dominance_v1/source_pre_erratum/rhinoform/train_rbsr_gate.py:37; results/rbsr_final_rerun_holdout_v1/CLASSICAL_TEST_ACCESS_RECEIPT.json:5; results/rbsr_final_rerun_holdout_v1/CLASSICAL_TEST_ACCESS_RECEIPT.json:8
4412,020,020,"topsakal2020 O. Topsakal, M. I. Akbas, D. Demirel, R. Nunez,",16,data/DATASET_DONE.json:3121; data/DATASET_DONE.json:6187; data/DATASET_DONE.json:6443; data/manifest.json:3518; reproducibility/source_snapshots/posthoc_subunits_v1/SOURCE_MANIFEST.json:52; results/rbsr_final_rerun_holdout_v1/lamm/seed20260609/protocol_audit.json:45; results/rbsr_final_rerun_holdout_v1/lamm/seed20260609/run_provenance.json:81; results/rbsr_final_rerun_holdout_v1/posthoc_subunit_analysis_v1/POSTHOC_SUBUNIT_ANALYSIS_PROTOCOL_FREEZE.json:24; results/supplemental_rbsr_lamm_dominance_search_v1/release_evidence/validation/lamm_validation_summary.json:22; splits/facescape_847/split_manifest.json:14244; splits/facescape_847/split_manifest.json:14844; splits/facescape_847/split_manifest.json:18969; splits/facescape_847/split_manifest.json:19374; splits/facescape_847/split_manifest.json:21430; splits/facescape_847/split_manifest.json:21910; splits/facescape_847/split_manifest.json:26885
4416,15,15,"Assisted Radiology and Surgery, vol. 15, no. 11, pp. 1941--1950, 2020.",20,data/DATASET_DONE.json:81; data/DATASET_DONE.json:124; data/DATASET_DONE.json:633; data/DATASET_DONE.json:649; data/DATASET_DONE.json:675; data/DATASET_DONE.json:691; data/DATASET_DONE.json:865; data/DATASET_DONE.json:921; data/DATASET_DONE.json:945; data/DATASET_DONE.json:1065; data/DATASET_DONE.json:1147; data/DATASET_DONE.json:1313; data/DATASET_DONE.json:1641; data/DATASET_DONE.json:1729; data/DATASET_DONE.json:2017; data/DATASET_DONE.json:2153; data/DATASET_DONE.json:2219; data/DATASET_DONE.json:2259; data/DATASET_DONE.json:2571; data/DATASET_DONE.json:2577
4416,11,11,"Assisted Radiology and Surgery, vol. 15, no. 11, pp. 1941--1950, 2020.",19,data/DATASET_DONE.json:11; data/DATASET_DONE.json:17; data/DATASET_DONE.json:81; data/DATASET_DONE.json:89; data/DATASET_DONE.json:92; data/DATASET_DONE.json:113; data/DATASET_DONE.json:131; data/DATASET_DONE.json:281; data/DATASET_DONE.json:289; data/DATASET_DONE.json:531; data/DATASET_DONE.json:563; data/DATASET_DONE.json:627; data/DATASET_DONE.json:715; data/DATASET_DONE.json:777; data/DATASET_DONE.json:873; data/DATASET_DONE.json:899; data/DATASET_DONE.json:953; data/DATASET_DONE.json:1051; data/DATASET_DONE.json:1409
4416,1941,1941,"Assisted Radiology and Surgery, vol. 15, no. 11, pp. 1941--1950, 2020.",5,results/rbsr_final_rerun_holdout_v1/posthoc_subunit_analysis_v1/personalization/pair_metrics_all_variants.csv:1943; results/rbsr_final_rerun_holdout_v1/posthoc_subunit_analysis_v1/personalization/pair_metrics_all_variants.csv:6773; results/rbsr_final_rerun_holdout_v1/posthoc_subunit_analysis_v1/personalization/pair_metrics_all_variants.csv:11603; results/rbsr_final_rerun_holdout_v1/posthoc_subunit_analysis_v1/personalization/pair_metrics_all_variants.csv:16433; roi/subunits.json:701
4416,-1950,-1950,"Assisted Radiology and Surgery, vol. 15, no. 11, pp. 1941--1950, 2020.",0,
4416,2020,2020,"Assisted Radiology and Surgery, vol. 15, no. 11, pp. 1941--1950, 2020.",5,results/rbsr_final_rerun_holdout_v1/posthoc_subunit_analysis_v1/personalization/pair_metrics_all_variants.csv:2022; results/rbsr_final_rerun_holdout_v1/posthoc_subunit_analysis_v1/personalization/pair_metrics_all_variants.csv:6852; results/rbsr_final_rerun_holdout_v1/posthoc_subunit_analysis_v1/personalization/pair_metrics_all_variants.csv:11682; results/rbsr_final_rerun_holdout_v1/posthoc_subunit_analysis_v1/personalization/pair_metrics_all_variants.csv:16512; roi/subunits.json:775
4417,10.1007,10.1007,doi:10.1007/s11548-020-02251-7.,0,
4417,1548,1548,doi:10.1007/s11548-020-02251-7.,10,results/rbsr_final_rerun_holdout_v1/RESULT_TREE_MANIFEST.json:210; results/rbsr_final_rerun_holdout_v1/direct_paired_statistics/paired_primary_rbsr_vs_ridge.csv.sha256.json:2; results/rbsr_final_rerun_holdout_v1/posthoc_subunit_analysis_v1/personalization/pair_metrics_all_variants.csv:1550; results/rbsr_final_rerun_holdout_v1/posthoc_subunit_analysis_v1/personalization/pair_metrics_all_variants.csv:6380; results/rbsr_final_rerun_holdout_v1/posthoc_subunit_analysis_v1/personalization/pair_metrics_all_variants.csv:11210; results/rbsr_final_rerun_holdout_v1/posthoc_subunit_analysis_v1/personalization/pair_metrics_all_variants.csv:16040; roi/collar.json:139; roi/subunits.json:1799; roi/subunits.json:5832; roi/vertices.json:154
4417,-020,-020,doi:10.1007/s11548-020-02251-7.,0,
4417,-02251,-02251,doi:10.1007/s11548-020-02251-7.,0,
4417,-7,-7,doi:10.1007/s11548-020-02251-7.,7,demo/public/bundle/certified_presets.json:1; experiments/lamm/run_lamm_facescape.py:1022; reproducibility/source_snapshots/final_holdout_v1/source/experiments/lamm/run_lamm_facescape.py:1022; reproducibility/source_snapshots/posthoc_subunits_v1/source/experiments/lamm/run_lamm_facescape.py:1022; scripts/evaluation/posthoc_personalization_resume_erratum.py:38; tests/test_posthoc_personalization_contract.py:63; tests/test_posthoc_strict_noise_contract.py:63
4419,021,021,"sobral2021 D. S. Sobral, D. W. Duarte, R. F. V. Dornelles, and",19,data/DATASET_DONE.json:4721; data/manifest.json:5318; results/rbsr_final_rerun_holdout_v1/LAMM_TEST_ACCESS_RECEIPT.json:10; results/rbsr_final_rerun_holdout_v1/RESULT_TREE_MANIFEST.json:162; results/rbsr_final_rerun_holdout_v1/RESULT_TREE_MANIFEST.json:282; results/rbsr_final_rerun_holdout_v1/direct_paired_statistics/pair_metrics/identity_bootstrap_pair_metrics_lamm.csv.sha256.json:4; results/rbsr_final_rerun_holdout_v1/lamm/seed20260609/identity_bootstrap_pair_metrics_lamm.csv.sha256.json:4; results/rbsr_final_rerun_holdout_v1/lamm/seed20260609/lamm_test_summary.json:15; results/rbsr_final_rerun_holdout_v1/lamm/seed20260609/run_provenance.json:100; results/rbsr_final_rerun_holdout_v1/posthoc_subunit_analysis_v1/qualitative/QUALITATIVE_CASE_SELECTION_FREEZE.json:105; results/supplemental_rbsr_lamm_dominance_search_v1/release_evidence/RELEASE_MANIFEST.json:27; results/supplemental_rbsr_lamm_dominance_search_v1/release_evidence/analysis/RBSR_VS_LAMM_CORE_DOMINANCE_VERDICT.json:6; results/supplemental_rbsr_lamm_dominance_search_v1/release_evidence/analysis/rbsr_vs_lamm_core_paired_statistics.json:5; results/supplemental_rbsr_lamm_dominance_search_v1/release_evidence/frozen_lamm/lamm_test_summary.json:15; results/supplemental_rbsr_lamm_dominance_search_v1/release_evidence/pair_metrics/identity_bootstrap_pair_metrics_lamm.csv.sha256.json:4; results/supplemental_rbsr_lamm_dominance_search_v1/release_evidence/protocol/RBSR_LAMM_DOMINANCE_SEARCH_PROTOCOL_FREEZE.json:32; splits/facescape_847/split_manifest.json:19839; splits/facescape_847/split_manifest.json:21144; splits/facescape_847/split_manifest.json:26886
4420,3,3,"C. Moraes, ``3D virtual planning for rhinoplasty using a free add-on for",18,CITATION.cff:14; README.md:5; README.md:8; README.md:55; README.md:78; README.md:94; README.md:184; data/DATASET_DONE.json:9; data/DATASET_DONE.json:25; data/DATASET_DONE.json:27; data/DATASET_DONE.json:28; data/DATASET_DONE.json:33; data/DATASET_DONE.json:35; data/DATASET_DONE.json:59; data/DATASET_DONE.json:65; data/DATASET_DONE.json:73; data/DATASET_DONE.json:75; data/DATASET_DONE.json:81
4421,41,41,"open-source software,'' Aesthetic Surgery Journal, vol. 41, no. 8,",20,data/DATASET_DONE.json:19; data/DATASET_DONE.json:97; data/DATASET_DONE.json:227; data/DATASET_DONE.json:299; data/DATASET_DONE.json:332; data/DATASET_DONE.json:419; data/DATASET_DONE.json:459; data/DATASET_DONE.json:675; data/DATASET_DONE.json:827; data/DATASET_DONE.json:891; data/DATASET_DONE.json:1099; data/DATASET_DONE.json:1417; data/DATASET_DONE.json:1699; data/DATASET_DONE.json:1753; data/DATASET_DONE.json:1913; data/DATASET_DONE.json:2065; data/DATASET_DONE.json:2147; data/DATASET_DONE.json:2195; data/DATASET_DONE.json:2283; data/DATASET_DONE.json:2297
4421,8,8,"open-source software,'' Aesthetic Surgery Journal, vol. 41, no. 8,",14,THIRD_PARTY.md:26; configs/reproduction.example.toml:19; data/DATASET_DONE.json:11; data/DATASET_DONE.json:17; data/DATASET_DONE.json:27; data/DATASET_DONE.json:33; data/DATASET_DONE.json:41; data/DATASET_DONE.json:51; data/DATASET_DONE.json:59; data/DATASET_DONE.json:65; data/DATASET_DONE.json:67; data/DATASET_DONE.json:68; data/DATASET_DONE.json:75; data/DATASET_DONE.json:91
4422,024,024,"pp. NP1024--NP1032, 2021. doi:10.1093/asj/sjab085.",13,data/DATASET_DONE.json:569; data/DATASET_DONE.json:723; data/DATASET_DONE.json:3841; data/manifest.json:647; data/manifest.json:4328; splits/facescape_847/split_manifest.json:11185; splits/facescape_847/split_manifest.json:12909; splits/facescape_847/split_manifest.json:13149; splits/facescape_847/split_manifest.json:13764; splits/facescape_847/split_manifest.json:15414; splits/facescape_847/split_manifest.json:19044; splits/facescape_847/split_manifest.json:21699; tests/test_regional_analysis.py:11
4422,032,032,"pp. NP1024--NP1032, 2021. doi:10.1093/asj/sjab085.",12,data/DATASET_DONE.json:3929; data/DATASET_DONE.json:5507; data/DATASET_DONE.json:6443; data/manifest.json:4427; results/rbsr_final_rerun_holdout_v1/RESULT_TREE_MANIFEST.json:457; results/supplemental_rbsr_lamm_dominance_search_v1/release_evidence/validation/RBSR_LAMM_REFERENCE_CALIBRATION_FREEZE.json:349; splits/facescape_847/split_manifest.json:12144; splits/facescape_847/split_manifest.json:13344; splits/facescape_847/split_manifest.json:20155; splits/facescape_847/split_manifest.json:21910; splits/facescape_847/split_manifest.json:22449; splits/facescape_847/split_manifest.json:26891
4422,2021,2021,"pp. NP1024--NP1032, 2021. doi:10.1093/asj/sjab085.",5,results/rbsr_final_rerun_holdout_v1/posthoc_subunit_analysis_v1/personalization/pair_metrics_all_variants.csv:2023; results/rbsr_final_rerun_holdout_v1/posthoc_subunit_analysis_v1/personalization/pair_metrics_all_variants.csv:6853; results/rbsr_final_rerun_holdout_v1/posthoc_subunit_analysis_v1/personalization/pair_metrics_all_variants.csv:11683; results/rbsr_final_rerun_holdout_v1/posthoc_subunit_analysis_v1/personalization/pair_metrics_all_variants.csv:16513; roi/subunits.json:776
4422,10.1093,10.1093,"pp. NP1024--NP1032, 2021. doi:10.1093/asj/sjab085.",0,
4422,85,85,"pp. NP1024--NP1032, 2021. doi:10.1093/asj/sjab085.",20,data/DATASET_DONE.json:145; data/DATASET_DONE.json:217; data/DATASET_DONE.json:684; data/DATASET_DONE.json:777; data/DATASET_DONE.json:859; data/DATASET_DONE.json:939; data/DATASET_DONE.json:1051; data/DATASET_DONE.json:1075; data/DATASET_DONE.json:1107; data/DATASET_DONE.json:1131; data/DATASET_DONE.json:1169; data/DATASET_DONE.json:1305; data/DATASET_DONE.json:1435; data/DATASET_DONE.json:1545; data/DATASET_DONE.json:1561; data/DATASET_DONE.json:1585; data/DATASET_DONE.json:1659; data/DATASET_DONE.json:1747; data/DATASET_DONE.json:1891; data/DATASET_DONE.json:2001
4424,010,010,"liao2010laplacian S.-h. Liao, R.-f. Tong, J.-P. Geng, and M. Tang,",18,data/DATASET_DONE.json:353; data/DATASET_DONE.json:3099; data/DATASET_DONE.json:6345; data/DATASET_DONE.json:6609; data/manifest.json:404; data/manifest.json:7145; data/manifest.json:7442; reproducibility/source_snapshots/posthoc_subunits_v1/SOURCE_MANIFEST.json:46; reproducibility/source_snapshots/posthoc_subunits_v1/source/scripts/evaluation/posthoc_preflight.py:41; reproducibility/source_snapshots/supplemental_dominance_v1/SOURCE_MANIFEST.json:19; results/rbsr_final_rerun_holdout_v1/posthoc_subunit_analysis_v1/POSTHOC_SUBUNIT_ANALYSIS_PROTOCOL_FREEZE.json:23; results/rbsr_final_rerun_holdout_v1/posthoc_subunit_analysis_v1/figures/FIGURE_EVIDENCE.json:32; results/rbsr_final_rerun_holdout_v1/posthoc_subunit_analysis_v1/figures/spatial_diagnostics_hybrid.pdf.sha256.json:4; results/rbsr_final_rerun_holdout_v1/posthoc_subunit_analysis_v1/noise/STRICT_NOISE_ROBUSTNESS_PROTOCOL_FREEZE.json:36; results/supplemental_rbsr_lamm_dominance_search_v1/release_evidence/protocol/RBSR_CALIBRATION_EXACT_CONTROL_ERRATUM.json:25; scripts/evaluation/posthoc_preflight.py:41; splits/facescape_847/split_manifest.json:10404; splits/facescape_847/split_manifest.json:15640
4426,21,21,"simulation system,'' Computer Animation and Virtual Worlds, vol. 21,",20,data/DATASET_DONE.json:9; data/DATASET_DONE.json:59; data/DATASET_DONE.json:81; data/DATASET_DONE.json:172; data/DATASET_DONE.json:313; data/DATASET_DONE.json:411; data/DATASET_DONE.json:465; data/DATASET_DONE.json:521; data/DATASET_DONE.json:563; data/DATASET_DONE.json:569; data/DATASET_DONE.json:593; data/DATASET_DONE.json:643; data/DATASET_DONE.json:801; data/DATASET_DONE.json:851; data/DATASET_DONE.json:873; data/DATASET_DONE.json:971; data/DATASET_DONE.json:993; data/DATASET_DONE.json:1129; data/DATASET_DONE.json:1313; data/DATASET_DONE.json:1377
4427,3,3,"no. 3--4, pp. 331--341, 2010. doi:10.1002/cav.347.",18,CITATION.cff:14; README.md:5; README.md:8; README.md:55; README.md:78; README.md:94; README.md:184; data/DATASET_DONE.json:9; data/DATASET_DONE.json:25; data/DATASET_DONE.json:27; data/DATASET_DONE.json:28; data/DATASET_DONE.json:33; data/DATASET_DONE.json:35; data/DATASET_DONE.json:59; data/DATASET_DONE.json:65; data/DATASET_DONE.json:73; data/DATASET_DONE.json:75; data/DATASET_DONE.json:81
4427,-4,-4,"no. 3--4, pp. 331--341, 2010. doi:10.1002/cav.347.",12,demo/public/bundle/certified_presets.json:1; demo/public/bundle/ridge_browser.json:1; demo/src/engine/certifiedLocal.js:1; experiments/lamm/README.md:30; experiments/lamm/run_lamm_facescape.py:595; experiments/lamm/run_lamm_facescape.py:644; reproducibility/source_snapshots/final_holdout_v1/source/experiments/lamm/run_lamm_facescape.py:595; reproducibility/source_snapshots/final_holdout_v1/source/experiments/lamm/run_lamm_facescape.py:644; reproducibility/source_snapshots/final_holdout_v1/source/rhinoform/train.py:319; reproducibility/source_snapshots/final_holdout_v1/source/rhinoform/train.py:715; reproducibility/source_snapshots/final_holdout_v1/source/rhinoform/train_rbsr_gate.py:120; reproducibility/source_snapshots/final_holdout_v1/source/rhinoform/train_rbsr_gate.py:400
4427,331,331,"no. 3--4, pp. 331--341, 2010. doi:10.1002/cav.347.",20,data/DATASET_DONE.json:955; data/DATASET_DONE.json:1585; data/DATASET_DONE.json:2652; data/DATASET_DONE.json:3089; data/DATASET_DONE.json:4417; data/manifest.json:1790; data/manifest.json:2981; data/manifest.json:2982; data/manifest.json:3482; data/manifest.json:4976; results/rbsr_final_rerun_holdout_v1/FINAL_CONFIRMATION_EVIDENCE.json:10; results/rbsr_final_rerun_holdout_v1/RESULT_TREE_MANIFEST.json:212; results/rbsr_final_rerun_holdout_v1/direct_paired_statistics/paired_primary_rbsr_vs_ridge.csv.sha256.json:4; results/rbsr_final_rerun_holdout_v1/posthoc_subunit_analysis_v1/personalization/pair_metrics_all_variants.csv:333; results/rbsr_final_rerun_holdout_v1/posthoc_subunit_analysis_v1/personalization/pair_metrics_all_variants.csv:5163; results/rbsr_final_rerun_holdout_v1/posthoc_subunit_analysis_v1/personalization/pair_metrics_all_variants.csv:9993; results/rbsr_final_rerun_holdout_v1/posthoc_subunit_analysis_v1/personalization/pair_metrics_all_variants.csv:14823; results/rbsr_final_rerun_holdout_v1/protocol/final_rerun_holdout_split_manifest.json:423; results/rbsr_final_rerun_holdout_v1/protocol/final_rerun_holdout_train_pairs.json:208; results/rbsr_final_rerun_holdout_v1/protocol/final_rerun_holdout_train_pairs.json:1267
4427,-341,-341,"no. 3--4, pp. 331--341, 2010. doi:10.1002/cav.347.",0,
4427,2010,2010,"no. 3--4, pp. 331--341, 2010. doi:10.1002/cav.347.",5,results/rbsr_final_rerun_holdout_v1/posthoc_subunit_analysis_v1/personalization/pair_metrics_all_variants.csv:2012; results/rbsr_final_rerun_holdout_v1/posthoc_subunit_analysis_v1/personalization/pair_metrics_all_variants.csv:6842; results/rbsr_final_rerun_holdout_v1/posthoc_subunit_analysis_v1/personalization/pair_metrics_all_variants.csv:11672; results/rbsr_final_rerun_holdout_v1/posthoc_subunit_analysis_v1/personalization/pair_metrics_all_variants.csv:16502; roi/subunits.json:765
4427,10.1002,10.1002,"no. 3--4, pp. 331--341, 2010. doi:10.1002/cav.347.",0,
4427,347,347,"no. 3--4, pp. 331--341, 2010. doi:10.1002/cav.347.",20,data/DATASET_DONE.json:2780; data/DATASET_DONE.json:2905; data/DATASET_DONE.json:3355; data/DATASET_DONE.json:6209; data/manifest.json:3125; data/manifest.json:3126; data/manifest.json:3275; data/manifest.json:6992; results/rbsr_final_rerun_holdout_v1/posthoc_subunit_analysis_v1/personalization/pair_metrics_all_variants.csv:349; results/rbsr_final_rerun_holdout_v1/posthoc_subunit_analysis_v1/personalization/pair_metrics_all_variants.csv:5179; results/rbsr_final_rerun_holdout_v1/posthoc_subunit_analysis_v1/personalization/pair_metrics_all_variants.csv:10009; results/rbsr_final_rerun_holdout_v1/posthoc_subunit_analysis_v1/personalization/pair_metrics_all_variants.csv:14839; results/rbsr_final_rerun_holdout_v1/protocol/final_rerun_holdout_split_manifest.json:74; roi/subunits.json:581; splits/facescape_847/split_manifest.json:12669; splits/facescape_847/split_manifest.json:13479; splits/facescape_847/split_manifest.json:14799; splits/facescape_847/split_manifest.json:15032; splits/facescape_847/split_manifest.json:15041; splits/facescape_847/split_manifest.json:16120
4429,023,023,"rao2023 Z. Rao, S. Sun, M. Li, X. Ji, and J. Huang, ``3D facial",13,data/DATASET_DONE.json:393; data/DATASET_DONE.json:619; data/DATASET_DONE.json:1371; data/DATASET_DONE.json:2081; data/DATASET_DONE.json:6363; data/manifest.json:449; data/manifest.json:2348; splits/facescape_847/split_manifest.json:10119; splits/facescape_847/split_manifest.json:10990; splits/facescape_847/split_manifest.json:12400; splits/facescape_847/split_manifest.json:13419; splits/facescape_847/split_manifest.json:21760; splits/facescape_847/split_manifest.json:26888
4429,3,3,"rao2023 Z. Rao, S. Sun, M. Li, X. Ji, and J. Huang, ``3D facial",18,CITATION.cff:14; README.md:5; README.md:8; README.md:55; README.md:78; README.md:94; README.md:184; data/DATASET_DONE.json:9; data/DATASET_DONE.json:25; data/DATASET_DONE.json:27; data/DATASET_DONE.json:28; data/DATASET_DONE.json:33; data/DATASET_DONE.json:35; data/DATASET_DONE.json:59; data/DATASET_DONE.json:65; data/DATASET_DONE.json:73; data/DATASET_DONE.json:75; data/DATASET_DONE.json:81
4431,13,13,"Sciences, vol. 13, no. 1, art. 659, 2023. doi:10.3390/app13010659.",20,data/DATASET_DONE.json:19; data/DATASET_DONE.json:105; data/DATASET_DONE.json:108; data/DATASET_DONE.json:179; data/DATASET_DONE.json:417; data/DATASET_DONE.json:507; data/DATASET_DONE.json:539; data/DATASET_DONE.json:691; data/DATASET_DONE.json:833; data/DATASET_DONE.json:1081; data/DATASET_DONE.json:1193; data/DATASET_DONE.json:1257; data/DATASET_DONE.json:1307; data/DATASET_DONE.json:1339; data/DATASET_DONE.json:1355; data/DATASET_DONE.json:1521; data/DATASET_DONE.json:1611; data/DATASET_DONE.json:1801; data/DATASET_DONE.json:2025; data/DATASET_DONE.json:2083
4431,1,1,"Sciences, vol. 13, no. 1, art. 659, 2023. doi:10.3390/app13010659.",18,README.md:66; README.md:67; README.md:92; README.md:118; README.md:121; README.md:143; README.md:167; README.md:168; configs/reproduction.example.toml:11; data/DATASET_DONE.json:9; data/DATASET_DONE.json:11; data/DATASET_DONE.json:12; data/DATASET_DONE.json:19; data/DATASET_DONE.json:25; data/DATASET_DONE.json:27; data/DATASET_DONE.json:35; data/DATASET_DONE.json:49; data/DATASET_DONE.json:51
4431,659,659,"Sciences, vol. 13, no. 1, art. 659, 2023. doi:10.3390/app13010659.",20,data/DATASET_DONE.json:2385; data/DATASET_DONE.json:5276; data/manifest.json:2690; data/manifest.json:5933; data/manifest.json:5934; results/rbsr_final_rerun_holdout_v1/RESULT_TREE_MANIFEST.json:337; results/rbsr_final_rerun_holdout_v1/posthoc_subunit_analysis_v1/personalization/pair_metrics_all_variants.csv:661; results/rbsr_final_rerun_holdout_v1/posthoc_subunit_analysis_v1/personalization/pair_metrics_all_variants.csv:5491; results/rbsr_final_rerun_holdout_v1/posthoc_subunit_analysis_v1/personalization/pair_metrics_all_variants.csv:10321; results/rbsr_final_rerun_holdout_v1/posthoc_subunit_analysis_v1/personalization/pair_metrics_all_variants.csv:15151; results/rbsr_final_rerun_holdout_v1/protocol/final_rerun_holdout_split_manifest.json:658; results/rbsr_final_rerun_holdout_v1/protocol/final_rerun_holdout_train_pairs.json:443; results/rbsr_final_rerun_holdout_v1/protocol/final_rerun_holdout_train_pairs.json:2311; results/rbsr_final_rerun_holdout_v1/protocol/final_rerun_holdout_train_pairs.json:2342; results/rbsr_final_rerun_holdout_v1/protocol/final_rerun_holdout_train_pairs.json:3435; results/supplemental_rbsr_lamm_dominance_search_v1/release_evidence/protocol/final_rerun_holdout_train_pairs.json:443; results/supplemental_rbsr_lamm_dominance_search_v1/release_evidence/protocol/final_rerun_holdout_train_pairs.json:2311; results/supplemental_rbsr_lamm_dominance_search_v1/release_evidence/protocol/final_rerun_holdout_train_pairs.json:2342; results/supplemental_rbsr_lamm_dominance_search_v1/release_evidence/protocol/final_rerun_holdout_train_pairs.json:3435; roi/subunits.json:2997
4431,2023,2023,"Sciences, vol. 13, no. 1, art. 659, 2023. doi:10.3390/app13010659.",7,data/DATASET_DONE.json:5355; results/rbsr_final_rerun_holdout_v1/posthoc_subunit_analysis_v1/personalization/pair_metrics_all_variants.csv:2025; results/rbsr_final_rerun_holdout_v1/posthoc_subunit_analysis_v1/personalization/pair_metrics_all_variants.csv:6855; results/rbsr_final_rerun_holdout_v1/posthoc_subunit_analysis_v1/personalization/pair_metrics_all_variants.csv:11685; results/rbsr_final_rerun_holdout_v1/posthoc_subunit_analysis_v1/personalization/pair_metrics_all_variants.csv:16515; roi/subunits.json:778; splits/facescape_847/split_manifest.json:19870
4431,10.3390,10.3390,"Sciences, vol. 13, no. 1, art. 659, 2023. doi:10.3390/app13010659.",0,
4431,3010659,3010659,"Sciences, vol. 13, no. 1, art. 659, 2023. doi:10.3390/app13010659.",0,
4433,021,021,"alrashidi2021 Y. AlRashidi, S. Toloza, H. Denys, J. Gattuso,",19,data/DATASET_DONE.json:4721; data/manifest.json:5318; results/rbsr_final_rerun_holdout_v1/LAMM_TEST_ACCESS_RECEIPT.json:10; results/rbsr_final_rerun_holdout_v1/RESULT_TREE_MANIFEST.json:162; results/rbsr_final_rerun_holdout_v1/RESULT_TREE_MANIFEST.json:282; results/rbsr_final_rerun_holdout_v1/direct_paired_statistics/pair_metrics/identity_bootstrap_pair_metrics_lamm.csv.sha256.json:4; results/rbsr_final_rerun_holdout_v1/lamm/seed20260609/identity_bootstrap_pair_metrics_lamm.csv.sha256.json:4; results/rbsr_final_rerun_holdout_v1/lamm/seed20260609/lamm_test_summary.json:15; results/rbsr_final_rerun_holdout_v1/lamm/seed20260609/run_provenance.json:100; results/rbsr_final_rerun_holdout_v1/posthoc_subunit_analysis_v1/qualitative/QUALITATIVE_CASE_SELECTION_FREEZE.json:105; results/supplemental_rbsr_lamm_dominance_search_v1/release_evidence/RELEASE_MANIFEST.json:27; results/supplemental_rbsr_lamm_dominance_search_v1/release_evidence/analysis/RBSR_VS_LAMM_CORE_DOMINANCE_VERDICT.json:6; results/supplemental_rbsr_lamm_dominance_search_v1/release_evidence/analysis/rbsr_vs_lamm_core_paired_statistics.json:5; results/supplemental_rbsr_lamm_dominance_search_v1/release_evidence/frozen_lamm/lamm_test_summary.json:15; results/supplemental_rbsr_lamm_dominance_search_v1/release_evidence/pair_metrics/identity_bootstrap_pair_metrics_lamm.csv.sha256.json:4; results/supplemental_rbsr_lamm_dominance_search_v1/release_evidence/protocol/RBSR_LAMM_DOMINANCE_SEARCH_PROTOCOL_FREEZE.json:32; splits/facescape_847/split_manifest.json:19839; splits/facescape_847/split_manifest.json:21144; splits/facescape_847/split_manifest.json:26886
4434,3,3,"E. Nunez, and M. I. Akbas, ``Aiding rhinoplasty surgeons with 3D imaging and a",18,CITATION.cff:14; README.md:5; README.md:8; README.md:55; README.md:78; README.md:94; README.md:184; data/DATASET_DONE.json:9; data/DATASET_DONE.json:25; data/DATASET_DONE.json:27; data/DATASET_DONE.json:28; data/DATASET_DONE.json:33; data/DATASET_DONE.json:35; data/DATASET_DONE.json:59; data/DATASET_DONE.json:65; data/DATASET_DONE.json:73; data/DATASET_DONE.json:75; data/DATASET_DONE.json:81
4435,2021,2021,"rule-based adjustment algorithm,'' in Proc.\ IEEE SoutheastCon, 2021,",5,results/rbsr_final_rerun_holdout_v1/posthoc_subunit_analysis_v1/personalization/pair_metrics_all_variants.csv:2023; results/rbsr_final_rerun_holdout_v1/posthoc_subunit_analysis_v1/personalization/pair_metrics_all_variants.csv:6853; results/rbsr_final_rerun_holdout_v1/posthoc_subunit_analysis_v1/personalization/pair_metrics_all_variants.csv:11683; results/rbsr_final_rerun_holdout_v1/posthoc_subunit_analysis_v1/personalization/pair_metrics_all_variants.csv:16513; roi/subunits.json:776
4436,1,1,pp. 1--6. doi:10.1109/SoutheastCon45413.2021.9401814.,18,README.md:66; README.md:67; README.md:92; README.md:118; README.md:121; README.md:143; README.md:167; README.md:168; configs/reproduction.example.toml:11; data/DATASET_DONE.json:9; data/DATASET_DONE.json:11; data/DATASET_DONE.json:12; data/DATASET_DONE.json:19; data/DATASET_DONE.json:25; data/DATASET_DONE.json:27; data/DATASET_DONE.json:35; data/DATASET_DONE.json:49; data/DATASET_DONE.json:51
4436,-6,-6,pp. 1--6. doi:10.1109/SoutheastCon45413.2021.9401814.,18,demo/public/bundle/certified_presets.json:1; demo/public/bundle/ridge_browser.json:1; demo/src/engine/certified.js:19; demo/src/engine/geometry.js:231; demo/src/engine/geometry.js:282; demo/src/engine/geometry.js:326; demo/verify.mjs:157; experiments/lamm/run_lamm_facescape.py:502; reproducibility/source_snapshots/final_holdout_v1/source/experiments/lamm/run_lamm_facescape.py:502; reproducibility/source_snapshots/final_holdout_v1/source/rhinoform/baselines.py:223; reproducibility/source_snapshots/final_holdout_v1/source/rhinoform/geometry.py:216; reproducibility/source_snapshots/final_holdout_v1/source/rhinoform/train.py:87; reproducibility/source_snapshots/final_holdout_v1/source/rhinoform/train.py:92; reproducibility/source_snapshots/final_holdout_v1/source/rhinoform/train.py:145; reproducibility/source_snapshots/final_holdout_v1/source/rhinoform/train.py:848; reproducibility/source_snapshots/final_holdout_v1/source/rhinoform/train_rbsr_gate.py:146; reproducibility/source_snapshots/posthoc_subunits_v1/source/experiments/lamm/run_lamm_facescape.py:502; reproducibility/source_snapshots/posthoc_subunits_v1/source/rhinoform/baselines.py:223
4436,10.1109,10.1109,pp. 1--6. doi:10.1109/SoutheastCon45413.2021.9401814.,0,
4436,5413.2021,5413.2021,pp. 1--6. doi:10.1109/SoutheastCon45413.2021.9401814.,0,
4436,9401814,9401814,pp. 1--6. doi:10.1109/SoutheastCon45413.2021.9401814.,0,
4440,2026,2026,https://github.com/dreamlessx/LandmarkDiff-public (accessed 2026).,20,CITATION.cff:11; demo/public/bundle/certified_presets.json:1; demo/public/bundle/manifest.json:3; reproducibility/README.md:47; reproducibility/README.md:48; reproducibility/RELEASE_ASSET_VERIFICATION_2026-08-12.json:4; reproducibility/RELEASE_ASSET_VERIFICATION_2026-08-12.json.sha256.json:2; reproducibility/source_snapshots/final_holdout_v1/SOURCE_MANIFEST.json:2; reproducibility/source_snapshots/final_holdout_v1/source/rhinoform/baselines.py:170; reproducibility/source_snapshots/final_holdout_v1/source/rhinoform/train_rbsr_gate.py:31; reproducibility/source_snapshots/posthoc_subunits_v1/SOURCE_MANIFEST.json:2; reproducibility/source_snapshots/posthoc_subunits_v1/source/rhinoform/baselines.py:170; reproducibility/source_snapshots/posthoc_subunits_v1/source/rhinoform/data.py:294; reproducibility/source_snapshots/posthoc_subunits_v1/source/rhinoform/repro.py:309; reproducibility/source_snapshots/posthoc_subunits_v1/source/rhinoform/train_rbsr_gate.py:37; reproducibility/source_snapshots/supplemental_dominance_v1/SOURCE_MANIFEST.json:2; reproducibility/source_snapshots/supplemental_dominance_v1/source_corrected/rhinoform/train_rbsr_gate.py:37; reproducibility/source_snapshots/supplemental_dominance_v1/source_pre_erratum/rhinoform/train_rbsr_gate.py:37; results/rbsr_final_rerun_holdout_v1/CLASSICAL_TEST_ACCESS_RECEIPT.json:5; results/rbsr_final_rerun_holdout_v1/CLASSICAL_TEST_ACCESS_RECEIPT.json:8
4445,46,46,"Plastic Surgery, vol. 46, no. 5, pp. 2368--2377, 2022.",20,data/DATASET_DONE.json:17; data/DATASET_DONE.json:65; data/DATASET_DONE.json:129; data/DATASET_DONE.json:139; data/DATASET_DONE.json:209; data/DATASET_DONE.json:251; data/DATASET_DONE.json:321; data/DATASET_DONE.json:353; data/DATASET_DONE.json:372; data/DATASET_DONE.json:409; data/DATASET_DONE.json:617; data/DATASET_DONE.json:761; data/DATASET_DONE.json:841; data/DATASET_DONE.json:905; data/DATASET_DONE.json:969; data/DATASET_DONE.json:1009; data/DATASET_DONE.json:1323; data/DATASET_DONE.json:1329; data/DATASET_DONE.json:1345; data/DATASET_DONE.json:1499
4445,5,5,"Plastic Surgery, vol. 46, no. 5, pp. 2368--2377, 2022.",16,data/DATASET_DONE.json:11; data/DATASET_DONE.json:17; data/DATASET_DONE.json:25; data/DATASET_DONE.json:27; data/DATASET_DONE.json:33; data/DATASET_DONE.json:41; data/DATASET_DONE.json:43; data/DATASET_DONE.json:44; data/DATASET_DONE.json:49; data/DATASET_DONE.json:51; data/DATASET_DONE.json:59; data/DATASET_DONE.json:75; data/DATASET_DONE.json:83; data/DATASET_DONE.json:91; data/DATASET_DONE.json:113; data/DATASET_DONE.json:121
4445,2368,2368,"Plastic Surgery, vol. 46, no. 5, pp. 2368--2377, 2022.",5,results/rbsr_final_rerun_holdout_v1/posthoc_subunit_analysis_v1/personalization/pair_metrics_all_variants.csv:2370; results/rbsr_final_rerun_holdout_v1/posthoc_subunit_analysis_v1/personalization/pair_metrics_all_variants.csv:7200; results/rbsr_final_rerun_holdout_v1/posthoc_subunit_analysis_v1/personalization/pair_metrics_all_variants.csv:12030; results/rbsr_final_rerun_holdout_v1/posthoc_subunit_analysis_v1/personalization/pair_metrics_all_variants.csv:16860; roi/subunits.json:3300
4445,-2377,-2377,"Plastic Surgery, vol. 46, no. 5, pp. 2368--2377, 2022.",0,
4445,2022,2022,"Plastic Surgery, vol. 46, no. 5, pp. 2368--2377, 2022.",7,data/DATASET_DONE.json:1387; results/rbsr_final_rerun_holdout_v1/posthoc_subunit_analysis_v1/personalization/pair_metrics_all_variants.csv:2024; results/rbsr_final_rerun_holdout_v1/posthoc_subunit_analysis_v1/personalization/pair_metrics_all_variants.csv:6854; results/rbsr_final_rerun_holdout_v1/posthoc_subunit_analysis_v1/personalization/pair_metrics_all_variants.csv:11684; results/rbsr_final_rerun_holdout_v1/posthoc_subunit_analysis_v1/personalization/pair_metrics_all_variants.csv:16514; roi/subunits.json:777; splits/facescape_847/split_manifest.json:12430
4446,10.1007,10.1007,doi:10.1007/s00266-022-02883-x.,0,
4446,0266,0266,doi:10.1007/s00266-022-02883-x.,0,
4446,-022,-022,doi:10.1007/s00266-022-02883-x.,0,
4446,-02883,-02883,doi:10.1007/s00266-022-02883-x.,0,
4452,48,48,"Plastic Surgery, vol. 48, pp. 4833--4838, 2024.",19,data/DATASET_DONE.json:11; data/DATASET_DONE.json:73; data/DATASET_DONE.json:113; data/DATASET_DONE.json:388; data/DATASET_DONE.json:499; data/DATASET_DONE.json:569; data/DATASET_DONE.json:665; data/DATASET_DONE.json:755; data/DATASET_DONE.json:795; data/DATASET_DONE.json:817; data/DATASET_DONE.json:1001; data/DATASET_DONE.json:1203; data/DATASET_DONE.json:1643; data/DATASET_DONE.json:1651; data/DATASET_DONE.json:1657; data/DATASET_DONE.json:1729; data/DATASET_DONE.json:1961; data/DATASET_DONE.json:2041; data/DATASET_DONE.json:2113
4452,4833,4833,"Plastic Surgery, vol. 48, pp. 4833--4838, 2024.",1,roi/collar.json:4000
4452,-4838,-4838,"Plastic Surgery, vol. 48, pp. 4833--4838, 2024.",0,
4452,2024,2024,"Plastic Surgery, vol. 48, pp. 4833--4838, 2024.",20,data/DATASET_DONE.json:4035; experiments/lamm/README.md:3; experiments/lamm/run_lamm_facescape.py:3; experiments/lamm/run_lamm_facescape.py:821; reproducibility/source_snapshots/final_holdout_v1/source/experiments/lamm/run_lamm_facescape.py:3; reproducibility/source_snapshots/final_holdout_v1/source/experiments/lamm/run_lamm_facescape.py:821; reproducibility/source_snapshots/posthoc_subunits_v1/source/experiments/lamm/run_lamm_facescape.py:3; reproducibility/source_snapshots/posthoc_subunits_v1/source/experiments/lamm/run_lamm_facescape.py:821; reproducibility/source_snapshots/posthoc_subunits_v1/source/scripts/evaluation/lamm_validation_reference.py:264; reproducibility/source_snapshots/supplemental_dominance_v1/source_corrected/scripts/evaluation/lamm_validation_reference.py:210; reproducibility/source_snapshots/supplemental_dominance_v1/source_pre_erratum/scripts/evaluation/lamm_validation_reference.py:210; results/rbsr_final_rerun_holdout_v1/lamm/seed20260609/lamm_test_summary.json:13; results/rbsr_final_rerun_holdout_v1/lamm/seed20260609/run_provenance.json:98; results/rbsr_final_rerun_holdout_v1/posthoc_subunit_analysis_v1/personalization/pair_metrics_all_variants.csv:2026; results/rbsr_final_rerun_holdout_v1/posthoc_subunit_analysis_v1/personalization/pair_metrics_all_variants.csv:6856; results/rbsr_final_rerun_holdout_v1/posthoc_subunit_analysis_v1/personalization/pair_metrics_all_variants.csv:11686; results/rbsr_final_rerun_holdout_v1/posthoc_subunit_analysis_v1/personalization/pair_metrics_all_variants.csv:16516; results/supplemental_rbsr_lamm_dominance_search_v1/release_evidence/frozen_lamm/lamm_test_summary.json:13; results/supplemental_rbsr_lamm_dominance_search_v1/release_evidence/validation/lamm_validation_summary.json:15; roi/subunits.json:779
4453,10.1007,10.1007,doi:10.1007/s00266-024-04043-9.,0,
4453,0266,0266,doi:10.1007/s00266-024-04043-9.,0,
4453,-024,-024,doi:10.1007/s00266-024-04043-9.,0,
4453,-04043,-04043,doi:10.1007/s00266-024-04043-9.,0,
4453,-9,-9,doi:10.1007/s00266-024-04043-9.,14,demo/package-lock.json:112; demo/public/bundle/certified_presets.json:1; demo/public/bundle/ridge_browser.json:1; demo/verify.mjs:247; demo/verify.mjs:294; demo/verify.mjs:295; reproducibility/source_snapshots/final_holdout_v1/source/rhinoform/safe_fusion.py:528; reproducibility/source_snapshots/final_holdout_v1/source/rhinoform/safe_fusion.py:570; reproducibility/source_snapshots/final_holdout_v1/source/rhinoform/safe_fusion.py:572; reproducibility/source_snapshots/final_holdout_v1/source/rhinoform/safe_fusion.py:591; reproducibility/source_snapshots/final_holdout_v1/source/rhinoform/safe_fusion.py:592; reproducibility/source_snapshots/posthoc_subunits_v1/source/rhinoform/safe_fusion.py:528; reproducibility/source_snapshots/posthoc_subunits_v1/source/rhinoform/safe_fusion.py:570; reproducibility/source_snapshots/posthoc_subunits_v1/source/rhinoform/safe_fusion.py:572
4456,3,3,"U. Baciliero, F. Apolloni, A. Gracco, and G. Bruno, ``Validation of Vectra 3D",18,CITATION.cff:14; README.md:5; README.md:8; README.md:55; README.md:78; README.md:94; README.md:184; data/DATASET_DONE.json:9; data/DATASET_DONE.json:25; data/DATASET_DONE.json:27; data/DATASET_DONE.json:28; data/DATASET_DONE.json:33; data/DATASET_DONE.json:35; data/DATASET_DONE.json:59; data/DATASET_DONE.json:65; data/DATASET_DONE.json:73; data/DATASET_DONE.json:75; data/DATASET_DONE.json:81
4458,19,19,"Research and Public Health, vol. 19, no. 14, art. 8820, 2022.",20,data/DATASET_DONE.json:105; data/DATASET_DONE.json:156; data/DATASET_DONE.json:161; data/DATASET_DONE.json:177; data/DATASET_DONE.json:259; data/DATASET_DONE.json:377; data/DATASET_DONE.json:379; data/DATASET_DONE.json:667; data/DATASET_DONE.json:1235; data/DATASET_DONE.json:1409; data/DATASET_DONE.json:1433; data/DATASET_DONE.json:1579; data/DATASET_DONE.json:1641; data/DATASET_DONE.json:1857; data/DATASET_DONE.json:1883; data/DATASET_DONE.json:2251; data/DATASET_DONE.json:2355; data/DATASET_DONE.json:2467; data/DATASET_DONE.json:2763; data/DATASET_DONE.json:2841
4458,14,14,"Research and Public Health, vol. 19, no. 14, art. 8820, 2022.",20,README.md:118; data/DATASET_DONE.json:25; data/DATASET_DONE.json:116; data/DATASET_DONE.json:139; data/DATASET_DONE.json:339; data/DATASET_DONE.json:395; data/DATASET_DONE.json:545; data/DATASET_DONE.json:563; data/DATASET_DONE.json:593; data/DATASET_DONE.json:667; data/DATASET_DONE.json:723; data/DATASET_DONE.json:787; data/DATASET_DONE.json:811; data/DATASET_DONE.json:867; data/DATASET_DONE.json:945; data/DATASET_DONE.json:1123; data/DATASET_DONE.json:1355; data/DATASET_DONE.json:1555; data/DATASET_DONE.json:1777; data/DATASET_DONE.json:1817
4458,8820,8820,"Research and Public Health, vol. 19, no. 14, art. 8820, 2022.",0,
4458,2022,2022,"Research and Public Health, vol. 19, no. 14, art. 8820, 2022.",7,data/DATASET_DONE.json:1387; results/rbsr_final_rerun_holdout_v1/posthoc_subunit_analysis_v1/personalization/pair_metrics_all_variants.csv:2024; results/rbsr_final_rerun_holdout_v1/posthoc_subunit_analysis_v1/personalization/pair_metrics_all_variants.csv:6854; results/rbsr_final_rerun_holdout_v1/posthoc_subunit_analysis_v1/personalization/pair_metrics_all_variants.csv:11684; results/rbsr_final_rerun_holdout_v1/posthoc_subunit_analysis_v1/personalization/pair_metrics_all_variants.csv:16514; roi/subunits.json:777; splits/facescape_847/split_manifest.json:12430
4459,10.3390,10.3390,doi:10.3390/ijerph19148820.,0,
4459,9148820,9148820,doi:10.3390/ijerph19148820.,0,
4461,993,993,"efron1993 B. Efron and R. J. Tibshirani, An Introduction to the",17,data/DATASET_DONE.json:2393; data/DATASET_DONE.json:5889; data/DATASET_DONE.json:6131; data/manifest.json:2699; data/manifest.json:6632; results/rbsr_final_rerun_holdout_v1/ALL_MODELS_FROZEN_BEFORE_TEST.json:24; results/rbsr_final_rerun_holdout_v1/LAMM_TEST_ACCESS_RECEIPT.json:8; results/rbsr_final_rerun_holdout_v1/RESULT_TREE_MANIFEST.json:187; results/rbsr_final_rerun_holdout_v1/RESULT_TREE_MANIFEST.json:392; results/rbsr_final_rerun_holdout_v1/lamm/seed20260609/run_provenance.json:112; results/rbsr_final_rerun_holdout_v1/posthoc_subunit_analysis_v1/personalization/pair_metrics_all_variants.csv:995; results/rbsr_final_rerun_holdout_v1/posthoc_subunit_analysis_v1/personalization/pair_metrics_all_variants.csv:5825; results/rbsr_final_rerun_holdout_v1/posthoc_subunit_analysis_v1/personalization/pair_metrics_all_variants.csv:10655; results/rbsr_final_rerun_holdout_v1/posthoc_subunit_analysis_v1/personalization/pair_metrics_all_variants.csv:15485; roi/subunits.json:672; splits/facescape_847/split_manifest.json:11379; splits/facescape_847/split_manifest.json:21325
4462,1993,1993,"Bootstrap. New York: Chapman \ Hall, 1993.",5,results/rbsr_final_rerun_holdout_v1/posthoc_subunit_analysis_v1/personalization/pair_metrics_all_variants.csv:1995; results/rbsr_final_rerun_holdout_v1/posthoc_subunit_analysis_v1/personalization/pair_metrics_all_variants.csv:6825; results/rbsr_final_rerun_holdout_v1/posthoc_subunit_analysis_v1/personalization/pair_metrics_all_variants.csv:11655; results/rbsr_final_rerun_holdout_v1/posthoc_subunit_analysis_v1/personalization/pair_metrics_all_variants.csv:16485; roi/subunits.json:748
4464,979,979,"holm1979 S. Holm, ``A simple sequentially rejective multiple test",20,data/DATASET_DONE.json:4315; data/DATASET_DONE.json:4929; data/DATASET_DONE.json:5323; data/DATASET_DONE.json:6497; data/manifest.json:5552; data/manifest.json:7316; reproducibility/source_snapshots/posthoc_subunits_v1/SOURCE_MANIFEST.json:82; reproducibility/source_snapshots/posthoc_subunits_v1/source/scripts/evaluation/posthoc_preflight.py:43; reproducibility/source_snapshots/supplemental_dominance_v1/SOURCE_MANIFEST.json:31; reproducibility/source_snapshots/supplemental_dominance_v1/SOURCE_MANIFEST.json:84; results/rbsr_final_rerun_holdout_v1/RESULT_TREE_MANIFEST.json:147; results/rbsr_final_rerun_holdout_v1/posthoc_subunit_analysis_v1/POSTHOC_SUBUNIT_ANALYSIS_PROTOCOL_FREEZE.json:29; results/rbsr_final_rerun_holdout_v1/posthoc_subunit_analysis_v1/noise/SHARED_CONTROL_NOISE_DRAW_MANIFEST.json:40; results/rbsr_final_rerun_holdout_v1/posthoc_subunit_analysis_v1/noise/STRICT_NOISE_ROBUSTNESS_PROTOCOL_FREEZE.json:39; results/rbsr_final_rerun_holdout_v1/posthoc_subunit_analysis_v1/personalization/pair_metrics_all_variants.csv:981; results/rbsr_final_rerun_holdout_v1/posthoc_subunit_analysis_v1/personalization/pair_metrics_all_variants.csv:5811; results/rbsr_final_rerun_holdout_v1/posthoc_subunit_analysis_v1/personalization/pair_metrics_all_variants.csv:10641; results/rbsr_final_rerun_holdout_v1/posthoc_subunit_analysis_v1/personalization/pair_metrics_all_variants.csv:15471; results/supplemental_rbsr_lamm_dominance_search_v1/release_evidence/protocol/RBSR_LAMM_DOMINANCE_SEARCH_PROTOCOL_FREEZE.json:24; roi/subunits.json:4905
4465,6,6,"procedure,'' Scandinavian Journal of Statistics, vol. 6, no. 2,",14,.github/workflows/ci.yml:17; .github/workflows/ci.yml:20; .github/workflows/ci.yml:51; .github/workflows/ci.yml:52; THIRD_PARTY.md:26; configs/reproduction.example.toml:19; data/DATASET_DONE.json:9; data/DATASET_DONE.json:11; data/DATASET_DONE.json:25; data/DATASET_DONE.json:27; data/DATASET_DONE.json:35; data/DATASET_DONE.json:51; data/DATASET_DONE.json:52; data/DATASET_DONE.json:57
4465,2,2,"procedure,'' Scandinavian Journal of Statistics, vol. 6, no. 2,",16,README.md:4; README.md:93; data/DATASET_DONE.json:9; data/DATASET_DONE.json:11; data/DATASET_DONE.json:19; data/DATASET_DONE.json:20; data/DATASET_DONE.json:25; data/DATASET_DONE.json:35; data/DATASET_DONE.json:41; data/DATASET_DONE.json:49; data/DATASET_DONE.json:57; data/DATASET_DONE.json:59; data/DATASET_DONE.json:65; data/DATASET_DONE.json:83; data/DATASET_DONE.json:107; data/DATASET_DONE.json:113
4466,65,65,"pp. 65--70, 1979.",20,data/DATASET_DONE.json:49; data/DATASET_DONE.json:321; data/DATASET_DONE.json:473; data/DATASET_DONE.json:524; data/DATASET_DONE.json:667; data/DATASET_DONE.json:779; data/DATASET_DONE.json:937; data/DATASET_DONE.json:1003; data/DATASET_DONE.json:1019; data/DATASET_DONE.json:1059; data/DATASET_DONE.json:1089; data/DATASET_DONE.json:1137; data/DATASET_DONE.json:1273; data/DATASET_DONE.json:1305; data/DATASET_DONE.json:1313; data/DATASET_DONE.json:1337; data/DATASET_DONE.json:1457; data/DATASET_DONE.json:1489; data/DATASET_DONE.json:1593; data/DATASET_DONE.json:1955
4466,-70,-70,"pp. 65--70, 1979.",0,
4466,1979,1979,"pp. 65--70, 1979.",5,results/rbsr_final_rerun_holdout_v1/posthoc_subunit_analysis_v1/personalization/pair_metrics_all_variants.csv:1981; results/rbsr_final_rerun_holdout_v1/posthoc_subunit_analysis_v1/personalization/pair_metrics_all_variants.csv:6811; results/rbsr_final_rerun_holdout_v1/posthoc_subunit_analysis_v1/personalization/pair_metrics_all_variants.csv:11641; results/rbsr_final_rerun_holdout_v1/posthoc_subunit_analysis_v1/personalization/pair_metrics_all_variants.csv:16471; roi/subunits.json:734
