paragraph_start_line,kind,sentence
8,narrative,babel fontspec lmodern
13,narrative,ctexhook.sty xeCJK Noto Serif CJK SC Noto Serif CJK SC Noto Sans CJK SC Noto Sans Mono CJK SC Songti SC Songti SC Hiragino Sans GB Songti SC FandolSong FandolHei FandolFang
45,quantitative,microtype 1.06 0.35em
53,narrative,"amsmath,amssymb,bm pifont newunicodechar"
57,narrative,≈ ≤ ≥ → ∈ × α λ σ μ β γ δ ε θ χ ϕ
79,quantitative,graphicx booktabs array multirow caption subcaption float placeins xcolor enumitem titlesec [display] \ 0.5em
96,quantitative,"0pt -20pt 20pt nosep,leftmargin=1.4em"
103,narrative,"font=small, labelfont=bf, labelsep=period"
112,quantitative,rfinkHTML1F2937 rfblueHTML2563EB rftealHTML0E7C86 rfamberHTMLB45309 rfgreenHTML15803D rfredHTMLB91C1C rfgreyHTML6B7280
120,quantitative,rfbgHTMLF3F4F6 rfbgblueHTMLE8EEFB rfbgtealHTMLE1F0F1 rfbgamberHTMLFBEFDD
125,narrative,"tikz arrows.meta, positioning, shapes.geometric, fit, backgrounds, calc, decorations.pathreplacing, shadows.blur"
137,quantitative,"rfnode/.style= rectangle, rounded corners=2pt, draw=rfink!55, line width=0.6pt, fill=white, align=center, inner sep=5pt, font= , minimum height=8mm , rfstage/.style=rfnode,fill=rfbg, rfanchor/.style=rfnode,fill=rfbgblue,draw=rfblue!70, rfprop/.style=rfnode,fill=rfbgteal,draw=rfteal!70, rfrisk/.style=rfnode,fill=rfbgamber,draw=rfamber!70, rfio/.style= rectangle, rounded corners=7pt, draw=rfgrey, line width=0.6pt, fill=rfbg, align=center, inner sep=5pt, font= , rfdec/.style= diamond, aspect=1.7, draw=rfamber!80, line width=0.6pt, fill=rfbgamber, align=center, inner sep=1pt, font= , rfflow/.style= -Stealth[length=2.4mm], line width=0.7pt, draw=rfink!75 , rfflowd/.style=rfflow,dashed, rflabel/.style= font= , draw=none, fill=none, text=rfgrey, inner sep=1.5pt , rfgroup/.style= rectangle, rounded corners=3pt, draw=rfgrey!50, dashed, line width=0.5pt, inner sep=7pt"
196,narrative,figures/rf_model_figs.tex
205,narrative,figureFigureFigures tableTableTables chapterChapterChapters sectionSectionSections equationEq.Eqs.
241,quantitative,rfredrawindex [2] rfredrawindex rfredrawindex figures/redrawn/fig_1_1_clinical_gap.pdf figures/redrawn/fig_2_1_task_taxonomy.pdf figures/redrawn/fig_3_1_studio.pdf figures/redrawn/fig_3_2_interaction_sequence.pdf figures/redrawn/fig_3_3_offline_online.pdf figures/redrawn/fig_3_4_risk_state_machine.pdf figures/final/fig_4_1_task_geometry.pdf figures/final/fig_4_2_rbsr_framework.pdf
256,quantitative+implementation,Algorithm 4.1: Hard Ridge-relative fold certificate Input: Ridge anchor D_R; gated residual R_g; faces F; exact handles H; attenuation =0.75; local limit T=64; uniform grid M=1001.
256,narrative,Output: Certified displacement D_cert.
256,quantitative,"Set R_g( H) 0 and w 1 with w( H)=0. for t=0, ,T do 1em D D_R+ w R_g. 1emif K( D) K( D_R) then return D. 1emLet B be vertices of folds newly introduced relative to Ridge; set w( B) w( B) and w( H) 0. end for for on the M-point grid 1 0 do 1emTest D_R+ R_g; return the first certified field. end for =0 is the guaranteed Ridge endpoint."
285,quantitative,figures/redrawn/fig_5_1_evaluation_protocol.pdf figures/eval_review_v3/eval_02_subunit_matrix_review_v1.pdf figures/eval_review_v3/eval_03_spatial_operating_points_review_v1.pdf figures/eval_review_v3/eval_06_qualitative_extremes_review_v1.pdf figures/eval_review_v3/eval_01_operating_points_review_v1.pdf figures/eval_review_v3/eval_05_noise_robustness_review_v1.pdf figures/redrawn/fig_a_1_qualitative_all.pdf figures/redrawn/fig_a_3_subunit_strain.pdf figures/redrawn/fig_a_6_learning_curve.pdf rhinoformUnexpected redraw index Check figure-redraw dispatcher order.
302,quantitative,Rhinoform: A Limitation-Aware Interactive Platform for Sparse-Control Nasal Morphology Preview on Registered 3D Face Meshes
328,narrative,Final-Year Individual Project
332,narrative,Department of Computing
344,quantitative,A Limitation-Aware Interactive Platform for 0.16cm Sparse-Control Nasal Morphology Preview 0.16cm on Registered 3D Face Meshes
358,narrative,From a controlled sparse-control dense-deformation benchmark to a conservative and auditable research prototype for morphology communication
366,quantitative,Author: Li Zequan \\[0.45em] Supervisor: Dr Jiankang Deng \\[0.45em] Programme: MEng Electronic and Information Engineering \\[0.45em] Department: Department of Computing \\[0.45em] Institution: Imperial College London
382,narrative,"Rhinoplasty has a comparatively high revision rate, and dissatisfaction with postoperative nasal appearance is a major reason patients seek revision."
382,narrative,"A key contributor is inadequate preoperative communication, which can leave the patient and surgeon expecting different results ."
382,narrative,Three-dimensional preoperative preview can make the intended change easier to discuss .
382,narrative,This dissertation separates two technical requirements for such a preview: fidelity to the registered target morphology and regularity of the predicted surface.
392,quantitative,"On the registered FaceScape topology, this dissertation formulates the problem as source-conditioned sparse-control morphology completion: given the displacements of nine FaceScape-calibrated semantic nasal landmarks and a source identity, the goal is to predict the dense displacement field of a 3934-vertex nasal ROI."
392,quantitative,"Eight methods are evaluated under the same identity-disjoint protocol, using the same 9\,900 test pairs, sparse controls, and metrics."
392,narrative,"Within this benchmark, the proposed certified RB-SR is compared with three geometric methods (Laplacian, bi-Laplacian and As-Rigid-As-Possible deformation), two learned methods (CVAE and LAMM), and one statistical method (the source-PCA Ridge anchor)."
392,narrative,A fixed Ridge--CVAE hybrid is included only as a matched internal ablation.
392,narrative,RB-SR admits a spatially gated neural residual on top of the Ridge anchor and then projects it so that its folded faces are a subset of the anchor's.
392,quantitative,Evaluation measures dense fidelity with free-ROI RMSE and surface regularity with target-relative new normal flips and edge-strain p_95.
392,comparative_claim,"Certified RB-SR improves its matched ridge anchor on both predeclared primary outcomes (ROI RMSE -1.30\%, new flips -31.6\%, both Holm-significant across 100 test identities) with no detected edge-strain cost, and certifies all 9\,900 test pairs while retaining 99.2\% of the admitted residual."
392,comparative_claim,"No single method dominates the study: LAMM attains the lowest reconstruction error, ARAP the best geometric regularity, and certified RB-SR the best-justified operating point between them---more regular than LAMM (74\% fewer new flips, 36\% lower edge strain) and more accurate than every geometric editor."
392,comparative_claim,"A post-hoc higher-capacity configuration of the same family surpasses LAMM on all three metrics, indicating that the operating point reflects a deliberate conservative choice rather than a capacity ceiling."
419,narrative,The deployed prototype treats this evidence as a risk--utility operating point.
419,implementation_claim,"The ridge anchor answers every control movement in real time, while the certified residual is computed asynchronously and replaces the anchor only when its fold-subset certificate holds; requests outside the evaluated control range are scaled back or withheld by a separate input-applicability policy."
419,quantitative+implementation,The released browser build is locked to the released assets and passes 51 automated checks against stored reference goldens.
419,narrative,"Its scope is morphology communication on a registered surface mesh; it makes no surgical-outcome, airway, or cross-dataset claim."
432,narrative,protrusion=false protrusion=true
443,narrative,Rhinoplasty occupies an unusual position among surgical procedures.
443,narrative,"It is technically demanding and one of the most frequently performed facial aesthetic operations, yet it also carries one of the lowest satisfaction rates and one of the highest revision rates of any cosmetic procedure."
443,comparative_claim,"Reported revision rates cluster consistently between 5\% and 15\% across independent series , and crucially the dominant reason patients return is rarely a threat to safety or breathing."
443,quantitative,"In a single-centre study of 732 closed rhinoplasties, the surgical revision rate was 8.6\%, and the factors most strongly associated with revision were morphological---wide or deviated noses and residual contour irregularities---rather than acute complications ."
443,quantitative,A recent literature synthesis of 40 studies reaches the same conclusion from the patient side: the majority of structural complaints driving dissatisfaction are a residual dorsal hump (\( 20\%\) of patients) and persistent nasal-tip fullness or irregularity (\(19\%\)--\(37\%\)) .
459,narrative,The deeper pattern in this literature is that dissatisfaction is frequently an expectation problem rather than an execution problem.
459,narrative,"The same synthesis identifies ``ineffective patient--provider communication'', inadequate informed consent, and a failure to reach an explicit consensus on surgical goals as recurring, modifiable contributors to postoperative dissatisfaction ."
459,narrative,"In other words, the surgeon's internal plan and the picture in the patient's mind are often two different noses, and the gap only becomes visible after the cast comes off."
459,narrative,For a patient this can feel like opening a blind box; for a surgeon it is a documentation and medico-legal liability.
470,narrative,A natural remedy is to make the intended change visible and discussable before surgery.
470,narrative,The clinical evidence here is encouraging.
470,comparative_claim,"Preoperative computer imaging is associated with significantly improved patient-reported benefit , and three-dimensional simulation is now the preferred consultation aid where it is available: in a series of 172 consecutive candidates, 95\% considered 3D morphing an added value over 2D, and 84\% of revision patients said 3D simulation helped them understand the aims of surgery (versus 61\% for primary patients) ."
470,quantitative,"More recent work using a commercial 3D platform reports that simulation accuracy correlates strongly with eventual satisfaction ( = 0.66, P < .001) ."
470,narrative,"Simulation, done well, aligns expectations and supports shared decision-making."
483,narrative,The value of a three-dimensional consultation tool is not only that it shows a nose more vividly than a two-dimensional photograph.
483,narrative,It also makes the design face-specific.
483,narrative,"Patients often arrive with a desired aesthetic reference: a celebrity nose, a filtered image, or an idealised mental picture of a high bridge, projected tip or narrow alar base."
483,narrative,"The difficult question is not whether that nose is attractive in isolation, but whether it belongs on this face, with this radix, dorsum, tip support, alar width and surrounding facial proportions."
483,quantitative,A personalised 3D preview can therefore redirect the consultation from ``can I have that nose?'' to ``what version of that intention is coherent on my face?'' This is a communication benefit that generic 2D morphing and celebrity-reference discussion cannot provide.
496,quantitative+implementation,"Fig 1.1 --- From verbal wish to a controlled geometric task (REDRAW) Claim: the clinical communication gap is translated into the controlled task ``nine sparse control handles dense nasal deformation'', with the safety boundary (certificate, non-claim) announced up front."
496,implementation_claim,"Style: Benjamin-Teoh vector language, minimal single-row pipeline (not a hero figure)."
496,implementation_claim,"Composition: left (light green) verbal wish ``make the tip narrower'' gap symbol right, a three-step mini-pipeline: nine-handle control (green) dense deformation (yellow) certified output (purple); dashed footer box ``decision-support only, no surgical claim''."
496,narrative,"Data: conceptual, no data."
496,narrative,Replaces: old TikZ rffigIntroGap; absorbs unused rffigClinicalGap.
496,quantitative,See figure\_redraw\_inventory.md Fig 1.1.
510,implementation_claim,Rhinoform replaces free-form verbal negotiation with nine sparse handles on the nasal ROI; a dense deformation is completed automatically and every accepted edit carries a hard fold certificate.
510,narrative,"The system is a communication aid, not a surgical prediction."
517,narrative,"An effective preview must therefore translate verbal preferences, such as ``raising the nasal tip slightly'' or ``narrowing the dorsum'', into a concrete shape proposal that can be adjusted, inspected from multiple angles and discussed against the patient's own face."
517,narrative,"This creates a second obligation: the same visual persuasiveness that helps communication can also raise unrealistic expectations , especially when counselling is not supported by a concrete visual anchor ."
517,narrative,"Rhinoform is positioned accordingly as a morphology-communication prototype for plan comparison, interactive adjustment and expectation alignment."
517,narrative,This framing is summarised in .
528,narrative,This is also where safety enters the consultation.
528,narrative,"Some desired noses are not merely aesthetically mismatched but outside a reasonable deformation envelope: the requested bridge may be too high for the starting anatomy, the projected tip may require excessive surface stretch, or the alar narrowing may create a locally folded surface in the mesh."
528,narrative,"Rhinoform treats these cases as out-of-distribution or high-risk proposals to be discussed, shrunk or refused, rather than as images to render persuasively."
528,narrative,"The goal is to help the patient and clinician converge toward an individually suitable design before surgery, not to help the patient demand an idealised geometry that is incompatible with their own face."
542,quantitative,"To study previewing rigorously rather than anecdotally, the consultation gesture is reduced to a controlled geometric task on registered 3D face meshes."
542,comparative_claim,"A surgeon or patient expresses a desired change through a small number of semantic handles on the nose---raise the radix, lower the dorsal hump, rotate or deproject the tip, narrow the alar base."
542,quantitative,"Concretely, the system is driven by nine nasal landmarks whose 3D displacements form a 27-dimensional control vector."
542,quantitative,"The task is to turn that sparse intent into a dense displacement field over a nasal region of interest (ROI) of 3934 vertices on a topologically consistent mesh, so that the rest of the nose follows the handles in a coherent way."
553,narrative,The application boundary follows from the same clinical evidence.
553,narrative,"The editable object is deliberately restricted to the nasal ROI, because the motivating complaints concentrate on radix, dorsum, tip and alar morphology; the surrounding full head is rendered so the preview can be judged in facial context."
553,narrative,"A realistic full-face render is therefore contextual display, while the technical claim remains nasal surface morphology within the registered ROI."
560,narrative,"This is a genuinely hard, under-determined inverse problem: nine handles cannot uniquely determine thousands of vertices, so infinitely many dense fields are consistent with the same control input."
560,narrative,"The central difficulty---and the reason a naive editor is dangerous in a consultation---is that many of those solutions are visually plausible but geometrically degenerate: surfaces that self-intersect, flip their normals, or stretch local triangles beyond what real nasal morphology supports."
560,narrative,A preview tool that silently displays such an artefact as a confident ``after'' image is actively misleading.
560,narrative,The technical contribution is a dense predictor with an explicit trust boundary: the system estimates the nasal response and reports when the estimate leaves the benchmarked geometric regime.
572,narrative,Source identity conditioning supplies the first part of that boundary.
572,narrative,"The statistical backbone conditions the sparse-to-dense prediction on the starting facial geometry, so the same landmark request can expand differently on different registered noses."
572,narrative,The live control-scale applicability check flags requests outside the evaluated control range and can scale them back or withhold them.
572,narrative,"Normal flips and edge strain are shown separately as descriptive geometric read-outs: edge strain is a surface-stretch proxy relevant to skin-envelope tension, and normal flips are a proxy for local fold-over or surface collapse."
572,implementation_claim,"The fold certificate, rather than either read-out, controls admission of the learned residual."
572,narrative,The full tensor contract and gating mechanism are formalised in .
584,narrative,"The project follows an applied-systems logic: pain point first, then concrete requirements, then a prototype whose behaviour can be measured."
584,narrative,"This keeps the clinical motivation connected to implementation choices rather than leaving it as background context. converts the literature and product gap into explicit design constraints: each requirement either supports shared consultation, keeps the sparse-control deformation auditable, or prevents the interface from implying a surgical-outcome claim."
602,narrative,Observed gap Requirement in this dissertation \\
604,narrative,"Consultations rely on words, photos and implicit mental models."
604,quantitative,"Provide a shared, manipulable 3D reference for patient--clinician discussion."
604,quantitative,\\ Commercial 3D aesthetic tools are persuasive but often proprietary or visually oriented.
604,implementation_claim,Keep the sparse-control to dense-deformation pipeline transparent and benchmark-calibrated.
604,narrative,\\ Patients may request an attractive reference nose without knowing whether it suits their own face.
604,narrative,Make the preview face-specific and support personalised suitability discussion rather than generic aesthetic copying.
604,narrative,\\ Generic mesh editors are stable but not data-aware.
604,narrative,Compare classical smoothness/rigidity priors against a statistical FaceScape anchor.
604,narrative,\\ Neural generators can look confident while leaving the geometric envelope.
604,narrative,"Expose learned residuals only as risk-gated proposals, not unconditional answers."
604,narrative,\\ Over-ambitious edits can imply excessive stretch or geometric failure.
604,narrative,Use a control-scale applicability boundary to scale back or withhold out-of-range edits; show normal-flip and edge-strain proxies as separate geometric read-outs.
604,narrative,"\\ Full surgical prediction would require anatomy, biomechanics and clinical validation."
604,narrative,"Scope the system as morphology communication over a nasal ROI, not a medical device."
618,narrative,The dissertation is organised around four research questions that connect the software system to the method and then to the evaluation evidence:
622,comparative_claim,"Under a single fixed protocol---registered FaceScape topology, a nine-landmark sparse-control interface, and identity-level evaluation---which deformation prior best completes a sparse nasal edit into a dense displacement field: classical geometric editors, a source-conditioned statistical anchor, a neural generator, a strong external learned baseline (LAMM), or the proposed certified RB-SR framework?"
629,comparative_claim,"Does certified RB-SR improve its matched ridge anchor under predeclared, Holm-corrected primary outcomes, and---once the stronger baselines are included---where does it sit on the resulting accuracy--regularity trade-off?"
629,narrative,"Is that trade-off a capacity ceiling of the method family, or a deliberate choice of operating point?"
635,narrative,Which components do the work?
635,implementation_claim,"What do the component chain (anchor, residual proposal, learned gate, hard certificate) and the source-conditioning ablation reveal about where the accuracy gain comes from and why a hard admission stage is necessary?"
640,narrative,"How should this evidence be translated into a user-facing consultation prototype that exposes the credibility and failure modes of each preview---and what do regional, noise, failure-case and conformance diagnostics reveal about the limits of the deployed system?"
650,narrative,"In answering these questions, this dissertation makes four contributions:"
653,narrative,"A unified sparse-control, dense-deformation benchmark for nasal morphology on registered FaceScape topology, with an identity-disjoint split, a fixed nine-landmark control protocol, a strict free-vertex scorer, and a reproducible evaluation harness."
653,quantitative,"Eight methods---classical geometric editors (Laplacian, bi-Laplacian, ARAP), a source-PCA ridge anchor, a CVAE generator, a fixed hybrid, the strong external learned baseline LAMM (retrained and adapted to the same protocol in response to examiner feedback), and the proposed certified RB-SR---are scored on the same 9\,900 held-out identity pairs under identical conditions, which is what makes the comparison meaningful."
663,narrative,The certified RB-SR framework.
663,implementation_claim,A source-conditioned ridge anchor supplies a stable sparse-to-dense backbone; a CVAE proposes a dense correction; a learned per-vertex gate admits the residual spatially; and a hard ridge-relative fold certificate projects the admitted residual so that its folded faces are a subset of the anchor's.
663,implementation_claim,"The certificate is motivated by a negative result: no soft-gated configuration satisfied both geometric budgets, so the deployment contract is provided by an explicit projection rather than by optimisation pressure alone."
672,narrative,A statistically disciplined evidence chain.
672,narrative,"Predeclared primary outcomes with Wilcoxon signed-rank tests and Holm correction at identity level, source- and target-clustered sensitivity intervals, a validation-only component chain, a source-conditioning ablation, post-hoc regional, noise and deterministic qualitative diagnostics (including a mandatory failure case), and an explicitly post-hoc capacity study that separates the deployed operating point from the family's accuracy ceiling."
680,quantitative,"Rhinoform, an interactive 3D consultation prototype that turns the benchmark findings into a working, measured system."
680,implementation_claim,"The platform uses the source-conditioned ridge anchor as its real-time default predictor, computes the certified residual asynchronously and admits it only when the fold-subset certificate holds, and scales back or withholds requests outside the evaluated control range via a separate input-applicability policy."
680,quantitative+implementation,The released browser build is locked to the released assets and passes 51 automated checks against stored reference goldens.
680,narrative,"The prototype is the deployed form of the dissertation's empirical finding: a useful morphology preview should combine source-conditioned dense response with explicit, mechanically separated admission guarantees."
686,narrative,Rhinoform is developed as a technical prototype for preoperative morphology communication.
686,quantitative,"Its purpose is to help patients and surgeons explore face-specific nasal shape changes in 3D, compare alternative editing directions, and discuss expectations using a shared visual reference."
686,narrative,It is not intended to predict the final surgical result.
688,narrative,The claims of this dissertation are therefore limited to the controlled setting in which the system is built and evaluated.
688,narrative,"In particular, the system:"
691,narrative,"predicts geometric nasal shape variation, not surgical outcome, healing, soft-tissue biomechanics, or airway function---in particular, the cross-identity target pairs used for supervision define a benchmark ground truth, not a postoperative state of the source person; is evaluated on a single neutral-expression FaceScape-registered topology, and does not claim cross-dataset or cross-expression generalisation; is evaluated on an internal held-out identity split that was excluded from all final retraining but is not a historically untouched external test set, so the headline results are internal confirmatory evidence rather than external validation; reports deformation magnitudes in uncalibrated FaceScape units rather than physical millimetres, so the values should be interpreted comparatively rather than clinically; is a consultation-support prototype, not a medical device, and is designed to support clinical judgement rather than replace it."
698,narrative,"As discusses, many existing rhinoplasty visualisation tools focus on producing a convincing simulated appearance."
698,quantitative,"This dissertation takes a narrower, accountable route: a controlled sparse-to-dense benchmark becomes an interactive 3D preview system whose behaviour, reliability range, and geometric risks can be explicitly inspected."
708,quantitative,The clinical motivation in establishes why shared 3D preview matters.
708,narrative,The related-work task is now more specific: identify the domain measurement concepts a trustworthy preview must respect and use them to evaluate the technical families that could support Rhinoform.
716,narrative,Speaking precisely about ``the nose'' requires fixing its anatomical vocabulary.
716,narrative,"Morphologically the nose decomposes into a small set of sub-units---the root, the dorsum, the tip, and the left and right alar regions---and the morphology that drives revision concentrates on exactly these regions ()."
716,narrative,"This decomposition becomes the partition on which this project both names its interface controls and reports its error, so that where a preview is credible can be read off per sub-unit rather than hidden inside a single aggregate."
724,narrative,"The sub-unit surface is not free to move arbitrarily, because it is covered by a skin--soft-tissue envelope with well-characterised mechanics."
724,quantitative,"A convenient way to make ``over-stretch'' precise is the engineering strain of a surface edge: for a mesh edge e with rest length _e^0 and deformed length _e,"
730,quantitative,"_e \;=\; _e - _e^0 _e^0,"
734,narrative,the local fractional change in edge length.
734,narrative,"This quantity is clinically loaded because skin does not stretch linearly: its stress--strain response is J-shaped, with a compliant low-strain ``toe'' region followed by a steep rise once the collagen network engages ."
734,narrative,"Small edits therefore cost little tension, but beyond a threshold the envelope resists sharply, and an operative envelope that is thick, scarred or already under tension has far less margin to redrape over a large local strain; excessive tension can also compromise the soft-tissue conditions on which redraping depends ."
734,narrative,"It should be stressed that, because this project has no access to skin thickness, cartilage, CT or patient-specific material parameters, edge strain is used here strictly as a geometric proxy for local surface stretch, not as a patient-specific biomechanical estimate."
734,narrative,"A preview that silently drives large local surface stretch is thus geometrically implausible and worth flagging---which is the domain rationale for treating Equation eq:edge-strain as a risk signal to be capped, shrunk or refused () rather than rendered persuasively."
755,quantitative,"Making ``measurable'' operational presupposes a registered 3D representation, in which a vertex index refers to the same anatomical point across every identity."
755,narrative,"Only under this condition do both dense per-vertex error and the edge strain of Equation eq:edge-strain become exact quantities computed by direct index correspondence, rather than approximate surface-matching estimates; registration is therefore the precondition for the controlled benchmark and the risk metrics used throughout, and it is what the FaceScape substrate () supplies."
764,narrative,"Taken together, this clinical framing distils into the three requirements that the remainder of the chapter evaluates all prior work against: (i) registered locality---local nasal edits on a mesh that preserves anatomical correspondence; (ii) interpretable sparse control---deformation driven by a few intuitive handles rather than global parameters; and (iii) live geometric safety---a result regular enough to be shown in real time, and measurable enough (via strain and normal-flip proxies) that an edit leaving the benchmarked envelope can be quantified and refused."
764,narrative,"Every family of methods surveyed below is judged by how well it meets, or fails to meet, these three requirements."
778,narrative,"The work spans clinical language, geometry processing, statistical shape modelling and software design, so the key terms are fixed before the survey. is also a contract for the demo: the sidebar's region controls are a readable interface to the same sparse-control task, not a separate ad-hoc sculpting layer."
792,narrative,Term Meaning in this project \\
794,quantitative,"Sparse controls Nine nasal landmark displacements, encoded as a 27-D vector."
794,quantitative,\\ Dense ROI deformation A per-vertex displacement field over the 3934 nasal ROI vertices.
794,narrative,"\\ Nasal sub-units Radix/root, dorsum, tip and left/right alar regions used for error analysis and interface language."
794,narrative,\\ Ridge anchor The transparent source-PCA-conditioned linear map from sparse controls to dense ROI displacement.
794,narrative,\\ Residual proposal A learned correction to the ridge anchor; useful only when admitted under geometric budgets.
794,implementation_claim,"\\ RB-SR Residual-based safety refinement: a per-vertex learned gate admits the residual, followed by a hard certificate projection."
794,implementation_claim,\\ Ridge-relative fold certificate The hard admission contract: the certified output's folded faces must be a subset of the ridge anchor's folded faces for the same pair; enforced by residual attenuation with a guaranteed anchor endpoint.
794,narrative,\\ Target-relative new flips The primary regularity metric: the percentage of ROI faces that fold in the prediction but not in the ground-truth target.
794,implementation_claim,"Distinct from the certificate, which is referenced to the anchor."
794,quantitative,"\\ Risk metrics Target-relative new-flip percentage, edge-strain p_95 and an input-applicability control-scale statistic."
794,narrative,\\ Communication prototype A research interface for discussing morphology; not a surgical-outcome predictor or medical device.
811,narrative,"Before surveying specific operators, it is worth naming the single computational task they all instantiate, because it is the common yardstick used throughout the dissertation."
811,quantitative,"Every method in this project---geometric or learned---solves the same sparse-to-dense problem: given only a handful of displaced control landmarks (the nine-point, 27-D control vector of ), produce a plausible per-vertex displacement field over the entire nasal ROI. (a) illustrates this expansion from a few handles to a dense field."
820,quantitative+implementation,"Fig 2.1 --- Task definition and method-family taxonomy (REDRAW; merges rffigSparseDense + rffigDeformTaxonomy, 2 1) Claim: (a) formalises the under-determined completion task (c R^27 d R^3934 3); (b) places the four method families (geometric smoothness / statistical model / neural generative / anchored hybrid + certificate) on a ``prior strength data dependence'' plane and marks this project's position."
820,quantitative,"Supports RQ1 task formalisation.\\ Style: Benjamin-Teoh vector language (pastel semantic colours; one mechanism per panel).\\ Composition: (a) left: nasal-ROI line drawing with nine green control points arrow right: dense displacement-field sketch, edge annotated with the dimension jump; landmark layout must match the audited topology bundle (REPO/demo/public/bundle/head\_mean.json: roi\_landmarks\_local). (b) 2 2 quadrant map, four pastel rounded boxes with 1--2 representative methods each; certified RB-SR starred in the hybrid quadrant.\\ Data: conceptual. : conceptual."
820,quantitative,See figure\_redraw\_inventory.md Fig 2.1.
840,quantitative+implementation,"sparse-to-dense completion task: nine control displacements (FaceScape landmarks 27--35) must be expanded into a dense deformation of the 3934-vertex nasal ROI. (b) The four method families surveyed in this chapter, organised by prior strength and data dependence; certified RB-SR combines a statistical anchor with a gated neural residual and a hard certificate."
850,narrative,The task is under-determined by construction.
850,quantitative,"The 27 sparse-control scalars cannot uniquely determine the 11,802 dense displacement unknowns of the 3934-vertex ROI, so infinitely many dense fields are consistent with the same control input."
850,narrative,"Every method must therefore supply a prior that decides how the unconstrained vertices move: it is the prior, not the handles, that fills the gap between a few controls and thousands of coordinated vertices."
850,narrative,This is why a preview can look confident yet be untrustworthy---two methods can honour the identical nine handles while disagreeing completely on the surface between them.
859,narrative,"The central question of this dissertation is therefore not whether to interpolate but which prior to trust: a generic smoothness prior (geometry-based), a learned population prior (learning-based), or a hybrid that anchors a learned correction to a statistical backbone."
859,narrative,"Framing the task this way makes the survey directly comparable---the geometry-based methods of and the learning-based methods of are simply different answers to the same interpolation problem, and can be scored on the same two axes: reconstruction accuracy (how close the dense field is to the held-out FaceScape dense target) and geometric regularity (how free the result is of folds and excess strain)."
870,narrative,(b) turns this framing into the map for the remainder of the chapter.
870,narrative,"The one sparse-to-dense task branches into a data-agnostic geometry-based family (Laplacian, bi-Laplacian, ARAP and RBF interpolation), a data-aware learning-based family (VAE/CVAE and mesh autoencoders), and the anchored hybrid this project proposes."
870,narrative,"Each branch is a different answer to ``which prior?'', and the taxonomy fixes where every subsequent section sits: covers the statistical backbone the hybrid anchors to, the geometric branch, the learned branch, and the closing synthesis explains why Rhinoform commits to the hybrid branch rather than to either classical extreme."
885,narrative,The statistical backbone that the hybrid branch anchors to comprises the registered face representations on the data-aware branch of .
885,narrative,"All of these representations share the registered property whose measurement consequences already established: every face is expressed on a shared mesh topology, so a vertex index refers to the same anatomical point across identities."
885,quantitative,"This section introduces the statistical representations that the project either builds on or contrasts with---the 3D Morphable Model, its PCA shape space, FLAME, and FaceScape---and clarifies why their global face-space strengths must be repurposed for local, sparse-control nasal editing."
896,quantitative,The 3D Morphable Model (3DMM) is the foundational statistical face representation and is a load-bearing reference for this project.
896,quantitative,"As shows, a 3DMM is learned by densely registering a database of 3D scans and running principal component analysis (PCA) separately on the concatenated vertex coordinates and per-vertex colour."
896,narrative,"The result is a low-dimensional generative space: any face can be written as a mean shape s plus a linear combination of orthonormal shape eigenvectors u_j weighted by coefficients , \[ s( ) = s+ _j _ju_j, \] with an analogous texture model."
896,quantitative,"Walking a single coefficient along traverses one interpretable mode of population variation (), and the model is fitted to a 2D image by analysis-by-synthesis ()."
912,narrative,The key property Rhinoform inherits is the statistical coordinate system that PCA provides.
912,narrative,"PCA converts a raw high-dimensional vertex set into a compact, data-aware representation of population variation."
912,quantitative,"Its key limitation, however, is equally important: classic 3DMM edits are global and linear, whereas this dissertation targets local, handle-driven nasal deformation."
912,narrative,Rhinoform therefore adopts the PCA-space idea without adopting global coefficient editing as the interaction mechanism.
912,narrative,"In other words, it reuses the statistical space as a source-conditioned anchor, but replaces global PCA manipulation with sparse local control over the nasal ROI."
925,quantitative,figures/classic/morphable_3dmm.pdf
930,narrative,figures/classic/pca_shape_model.pdf
935,quantitative,database yields a PCA shape/texture space fitted to 2D input by analysis-by-synthesis; (b) sampling along prototype directions produces a continuum of plausible faces.
935,narrative,Rhinoform reuses the PCA-space idea as a source-conditioned statistical anchor but replaces global coefficient edits with sparse local control.
935,quantitative,"Reproduced from Blanz \ Vetter, SIGGRAPH 1999 , 1999 ACM."
944,narrative,Expression-aware models extend this statistical face-space tradition.
944,narrative,"FLAME factorises a head into interpretable parameter groups---identity shape , expression and pose ---combined through learned blendshapes and linear blend skinning around an articulated skeleton ()."
944,narrative,"Its inputs are the parameter vectors; its output is a posed full-head mesh; and its key modules are the shape/expression PCA blendshapes and the jaw, neck and eye joints that make expression and articulation physically plausible ()."
944,comparative_claim,"In the taxonomy of this chapter, FLAME is best understood as a landscape reference: it is the natural reference for whole-head and whole-face modelling rather than a direct solution to sparse nasal editing."
956,narrative,This contrast is useful.
956,narrative,"FLAME shows that interpretable, disentangled control is a mature principle in face modelling, while Rhinoform's target is a local surgical-aesthetic subregion."
956,narrative,"The editable and evaluated object is restricted to the nasal ROI so that the task remains local, morphology-focused and accountable at the nasal sub-unit level."
965,narrative,figures/classic/flame_model.png
970,narrative,figures/classic/flame_model_joints.png
975,narrative,expression and pose components applied to a template through blendshapes and linear blend skinning about an articulated skeleton.
975,narrative,"Rhinoform borrows the idea of interpretable, disentangled control but operates on a local nasal ROI rather than a full articulated head."
975,quantitative,"Reproduced from Li et al., SIGGRAPH Asia 2017 , 2017 ACM."
983,narrative,FaceScape provides the registered substrate for this project and is therefore another load-bearing reference.
983,quantitative,"It is a large-scale, high-quality, topologically uniform 3D face dataset with a detailed riggable prediction system ()."
983,narrative,Its uniform topology is precisely what makes a fixed nasal ROI and a fixed landmark protocol meaningful: dense per-vertex error can be computed by direct index correspondence rather than by approximate surface matching.
983,narrative,"The same property also allows nasal sub-units such as the radix, dorsum, tip and alar regions to be evaluated with fixed vertex sets across identities."
994,narrative,figures/classic/facescape.pdf
997,implementation_claim,prediction pipeline: multi-view capture is turned into a raw scan and then a topologically uniform base model plus displacement map.
997,narrative,This shared topology is what lets Rhinoform define an index-addressable nasal ROI and compute exact per-vertex error.
997,quantitative,"Reproduced from Yang et al., CVPR 2020 (arXiv:2003.13989) ."
1005,quantitative,"The relevance to the present work is therefore this: FaceScape supplies exactly the indexable topology that required to turn dense per-vertex error and the edge strain of Equation eq:edge-strain into exact quantities, while global face spaces such as 3DMM and FLAME capture plausible whole-face variation but are not tailored to local, sparse-control nasal editing."
1005,narrative,Rhinoform resolves this mismatch by taking the data-aware coordinate system from statistical face modelling while rejecting global coefficient editing as the user-facing deformation mechanism.
1005,narrative,This gap between global statistical priors and local handle-driven editing motivates the geometry-based deformation methods examined next.
1018,narrative,"Where statistical face models edit an entire face through global coefficients, classical interactive shape editing takes the opposite stance: move a few handles and propagate the deformation smoothly over the surface using a purely geometric energy."
1018,narrative,"These operators are transparent, data-agnostic baselines against which any data-aware nasal method must justify itself."
1018,narrative,"Rhinoform adopts three of the most representative members of this family---Laplacian editing, Bi-Laplacian editing and As-Rigid-As-Possible (ARAP) editing---as external comparators, while using radial-basis-function (RBF) interpolation as a further landscape reference for sparse-handle dense-field interpolation."
1018,narrative,These operators occupy the geometric branch of .
1029,narrative,"Laplacian surface editing represents a mesh in differential (Laplacian) coordinates: each vertex is encoded relative to its one-ring neighbourhood, and an edited surface is reconstructed by satisfying handle and anchor constraints while preserving those local details in a least-squares sense ()."
1029,narrative,Its input is a region of interest plus displaced handles and anchors; its output is a detail-preserving edited mesh; and its mechanism is a single sparse linear solve.
1029,narrative,This is exactly the operator instantiated by Rhinoform's Laplacian geometric baseline.
1029,narrative,"Laplacian is a domain-relevant comparator because prior rhinoplasty planning work used volumetric Laplacian deformation, as detailed in ."
1040,quantitative,"The order of the smoothness energy matters. contrasts a first-order membrane energy, which minimises stretching and yields a C^0 surface with a visible crease at the handle, against a second-order Bi-Laplacian thin-plate energy, which minimises bending and yields a smoother C^1 surface ."
1040,narrative,Rhinoform includes both first- and second-order variants because this order trades local fidelity against global smoothness in a way that must be measured rather than assumed.
1040,narrative,"A smoother surface is not automatically a better nasal preview: excessive smoothing can suppress identity-specific or sub-unit-specific responses, while insufficient smoothing can introduce visible local artefacts."
1040,narrative,The two variants therefore test different points on the same sparse-control propagation problem.
1052,narrative,As-Rigid-As-Possible (ARAP) editing takes a nonlinear route.
1052,narrative,"It seeks a deformation whose local one-ring cells stay as close to rigid as possible, alternately estimating a per-cell rotation and solving for vertex positions ()."
1052,narrative,"This makes ARAP prized for artefact-resistant, regular surfaces, and it serves as the strongly regular geometric endpoint of the accuracy--regularity trade-off studied later."
1052,implementation_claim,RBF interpolation provides a further scattered-data alternative: it maps sparse handle displacements to a dense field through closed-form smoothness .
1052,narrative,"In this chapter RBF is kept as a landscape reference, showing that sparse-handle dense interpolation is a broader family than Laplacian and ARAP alone, while the main empirical comparison focuses on the most representative geometric editing operators."
1067,narrative,figures/classic/laplacian_editing.pdf
1072,narrative,figures/classic/bilaplacian.pdf
1077,narrative,surface editing. (a) Laplacian editing reconstructs a detail-preserving mesh from displaced handles; (b) the smoothness order sets boundary continuity---a first-order membrane energy creases at the handle while a second-order Bi-Laplacian thin-plate energy stays tangent-continuous.
1077,quantitative,"Panel (a) reproduced from Sorkine et al., SGP 2004 , 2004 The Eurographics Association; panel (b) 2008 IEEE, reprinted with permission from Botsch \ Sorkine, IEEE TVCG 2008 ."
1088,narrative,figures/classic/arap_deformation.pdf
1091,narrative,"surface modelling produces a large, artefact-resistant deformation from a single translated vertex constraint by keeping each local one-ring cell as rigid as possible."
1091,comparative_claim,"ARAP is Rhinoform's most regular geometric baseline and marks the low-risk, lower-accuracy endpoint of the accuracy--regularity frontier."
1091,quantitative,"Reproduced from Sorkine \ Alexa, SGP 2007 , 2007 The Eurographics Association."
1100,narrative,The defining property of this family---and also its limitation---is that it is data-agnostic.
1100,narrative,"Geometry-based operators encode generic smoothness, bending or rigidity priors; they do not encode knowledge of how real noses vary across identities, nor how the radix, dorsum, tip and alar regions tend to move together under clinically meaningful edits."
1100,narrative,"They are therefore natural and necessary baselines for sparse-control nasal deformation, but not complete solutions to face-specific preview."
1100,narrative,Their role in Rhinoform is diagnostic: they define the transparent regularity end of the design space against which a data-aware anchor and a learned residual correction must justify their added complexity.
1100,narrative,"The remedy considered next is to replace, or at least supplement, the generic geometric prior with a learned population prior."
1115,narrative,A complementary line replaces the generic smoothness prior with a learned one.
1115,comparative_claim,"The variational autoencoder (VAE) learns a latent generative model p_ (y ) together with an amortised inference network q_ (z ), trained by maximising an evidence lower bound."
1115,narrative,"Its conditional variant (CVAE) conditions both the prior and the generator on a side input x, so it can model a structured output distribution p_ (y ) rather than an unconditional one ()."
1115,implementation_claim,"Read as a network, the encoder maps an input y (and condition x) to a Gaussian latent described by and ; the reparameterisation z= + makes sampling differentiable; the decoder reconstructs y from (x,z); and a KL term regularises the latent towards the conditional prior."
1115,narrative,"In the mesh-deformation setting such models promise population-informed edits rather than purely smooth interpolation, and convolutional mesh autoencoders such as CoMA show that nonlinear mesh models can represent full-face expression manifolds with impressive fidelity."
1134,narrative,figures/classic/cvae_architecture.pdf
1137,quantitative,"Autoencoder (CVAE): the original conditional graphical-model formulation of the generative and recognition processes, reproduced from Sohn et al., NeurIPS 2015 (see also Kingma \ Welling )."
1137,implementation_claim,"The encoder q_ (z ,y) maps the input and condition to a Gaussian latent, the reparameterisation z= _ + _ makes sampling differentiable, and the decoder p_ (x ,y) reconstructs the output under a KL prior term."
1137,narrative,"In Rhinoform a CVAE-style generator is used only to correct a statistical anchor with a nonlinear residual, admitted under explicit geometric budgets, because an unconditioned generator drifts off-manifold near the edit boundary."
1151,narrative,"For sparse-control nasal editing, CVAE expressiveness cuts both ways."
1151,narrative,"Conditioned on sparse controls and trained on limited identities, a high-capacity generator can fit the training manifold while drifting near the boundaries of plausible edits, producing confident but degenerate surfaces."
1151,narrative,"Rhinoform therefore uses the CVAE as a nonlinear residual on top of a strong statistical anchor, with admission controlled by explicit geometric budgets."
1151,narrative,"The method chapter formalises this residual role, and the evaluation tests the direct-generator alternative."
1159,narrative,The distinction between tasks is essential.
1159,narrative,CoMA-style mesh autoencoding asks how well a model can compress or regenerate a full face/expression manifold without user handles.
1159,narrative,"Rhinoform asks a different question: after sparse anatomical controls have already fixed much of the low-frequency deformation, what residual dense ROI motion remains predictable and safe?"
1159,narrative,A neural result in the first regime does not automatically settle the second.
1169,quantitative,The global-edit limitation identified in is not unique to this project; it has driven a dedicated research line on localized 3DMM control that the survey of Egger et al.\ identifies as a central open problem of morphable-model research .
1169,narrative,Early solutions localise a linear space directly: region-based linear face models split the face into independently controlled segments blended at their boundaries ; sparse localized deformation components (SPLOCS) impose spatial sparsity on the learned basis itself so that each component moves one coherent surface patch ; and anatomically-constrained local models attach patch-level shape subspaces to an underlying bone structure .
1169,narrative,"These works establish the principle Rhinoform also relies on: locality must be built into the representation, not recovered post hoc from a global basis."
1183,narrative,A second generation makes the localized space neural.
1183,quantitative,"Spiral convolutional networks (Neural3DMM) replace PCA with graph convolutions on a fixed mesh topology , and the Locally Adaptive Morphable Model (LAMM) is, to our knowledge, the first end-to-end framework in which displacements of a sparse set of control vertices directly steer a dense mesh output in a single forward pass, trained self-supervised by using sparse displacements to transform one training sample into another ."
1183,narrative,LAMM demonstrates strong disentanglement of the manipulated region from the preserved remainder and real-time inference on a single CPU thread---properties that make it the published method closest in spirit to the sparse-to-dense task studied here.
1183,narrative,"ShapeFusion replaces the regression view with a masked diffusion prior: a user selects an arbitrary manipulation region and an arbitrary set of handle vertices, and the model inpaints the masked region with diverse, plausible completions while exactly preserving unedited geometry ."
1183,narrative,"Notably, its authors motivate exactly the application family Rhinoform targets---fine face-sculpting control---and demonstrate localized manipulation without predefined regions or control sets."
1202,narrative,A third strand abandons the fixed mesh entirely.
1202,narrative,"Neural parametric head models (NPHM) represent identity as a signed-distance field composed of an ensemble of local MLPs anchored at facial keypoints, with expressions as a forward deformation field ."
1202,quantitative,"ImHead scales this implicit, localized programme to a corpus of roughly 4,000 identities and introduces a region-specific intermediate latent so that a compact global identity code can still support local edits of individual facial features, explicitly including nose-region manipulation ."
1202,narrative,"Together these works show that localized, region-controllable editing is the current frontier of statistical head modelling, in both explicit-mesh and implicit form."
1213,narrative,This frontier is engaged directly rather than deferred.
1213,quantitative,"Following examiner feedback recommending comparison against this research line, LAMM---the member of the family whose task contract is closest to the present benchmark, since its sparse control-vertex displacements steer a dense mesh output in one forward pass---was retrained from scratch on the identity-disjoint split, with its manipulation patches instantiated as the five nasal sub-units and the nine benchmark landmarks supplied as its control set, and evaluated under the identical strict scorer on all 9\,900 held-out pairs ()."
1213,comparative_claim,"The result previews the central trade-off of this dissertation: LAMM attains the lowest reconstruction error of any evaluated method, while producing substantially more target-relative new normal flips and higher edge strain than the certified RB-SR operating point."
1226,narrative,Two contract distinctions still bound what can be compared directly.
1226,narrative,"The representation contract: the per-vertex ROI error, sub-unit decomposition, edge-strain and normal-flip audits of this dissertation require exact index correspondence on a fixed FaceScape topology; implicit models such as NPHM and ImHead deliberately trade this correspondence away for topological freedom, so any comparison must pass through mesh extraction and non-rigid registration, which injects a correspondence error that is not attributable to the deformation mechanism itself."
1226,narrative,"ShapeFusion, as a stochastic diffusion inpainter, additionally requires a sampling-budget convention before its outputs are commensurable with deterministic predictors."
1226,narrative,"The safety contract: none of these systems expose a calibrated admission boundary---an instrumented notion of when a requested edit should be shrunk or refused--- because avatar editing does not need one, while a consultation preview does."
1226,narrative,"NPHM, ImHead and ShapeFusion are therefore specified as the next tier of external baselines under the bridging protocols of , while LAMM already serves as the measured accuracy frontier inside the benchmark."
1247,narrative,A final research line must be acknowledged because it bounds what the certified admission stage of can claim as new.
1247,implementation_claim,Inversion-aware mesh deformation is an established topic in geometry processing: locally injective mappings (LIM) optimise deformation energies subject to a barrier that guarantees no element inverts ; scalable variants construct provably inversion-free simplicial maps ; and scalable locally injective mappings (SLIM) extend these guarantees to large meshes with robust reweighting .
1247,narrative,"On the learned side, Neural Jacobian Fields predict per-element Jacobians and recover the map by a differentiable Poisson solve, so that a geometric solver post-processes a learned field ."
1247,narrative,"These works establish that inversion-aware optimisation, dedicated geometric solvers layered after learning, and learned deformation fields are each individually well known."
1261,narrative,The specific construction of this dissertation is therefore deliberately narrow: RB-SR does not optimise a globally or locally injective map and does not guarantee an inversion-free surface.
1261,implementation_claim,Its certificate is anchor-relative---the admitted residual is attenuated until its folded faces are a subset of the ridge anchor's---which is a weaker statement chosen because it preserves a feasible real-time endpoint (the anchor itself) by construction.
1261,implementation_claim,"What is specific to this work is the composition: a source-conditioned statistical anchor, a spatially gated learned residual, a hard anchor-relative fold certificate, and the binding of that exact composition into an auditable browser deployment. returns to the precise hierarchy of geometric statements this entitles."
1276,quantitative,Existing 3D aesthetic preview tools already establish the applied space.
1276,narrative,"The relevant related-work question is which deformation mechanisms are visible in the public record, and which parts of the sparse-control deformation problem remain untested."
1276,narrative,Existing systems can be classified both by deployment category and by deformation mechanism.
1282,quantitative,"Mechanistically, 2D photo morphing is accessible and visually persuasive but lacks a registered 3D surface and cannot expose local mesh regularity."
1282,quantitative,Manual 3D sculpting and slider-based morphing can support consultation but often depend on operator skill or proprietary deformation rules.
1282,narrative,Template/anatomical generators and image-level generative models can produce appealing outcomes but are hard to audit as geometry.
1282,narrative,"Finite-element or biomechanical simulation is the physically richer route, but it requires anatomical layers, material assumptions and patient-specific calibration far beyond the registered surface dataset used here."
1282,quantitative,"Laplacian, ARAP and FFD/RBF-style control-point deformation offer transparent sparse-control geometry, but they are data-agnostic. 3DMM/PCA statistical models are transparent and data-aware, but their linear residual boundary must be measured."
1282,quantitative,"Rhinoform deliberately sits between these categories: more geometric than 2D morphing, more transparent than black-box simulators, lighter than FEM, more controllable than image-level generation, more data-aware than pure Laplacian/ARAP editing, and safer than an unconditional neural generator."
1299,quantitative,"Commercial capture and planning platforms, including Canfield VECTRA, MirrorMe3D, 3dMDvultus and LifeViz, establish 3D consultation, measurement and monitoring as mature workflows ."
1299,narrative,"Consumer and SDK-facing preview tools, including Crisalix, Banuba, FaceTouchUp, AEDIT and Arbrea, demonstrate demand for interactive visual reshaping and accessible before/after communication ."
1299,narrative,"Their internal deformation algorithms are generally proprietary, so they are treated here as motivating systems rather than as reproducible baselines."
1308,narrative,Academic and open-source systems provide a clearer view of mechanism.
1308,quantitative,"Digitizing Rhinoplasty uses a web workflow for 3D preoperative evaluation with extensive landmark marking and automatic facial measurement, evaluated with surgeon feedback ."
1308,quantitative,RhinOnBlender offers a free 3D rhinoplasty planning add-on in open-source software .
1308,narrative,"The baselines used later also have a direct clinical precedent: an established rhinoplasty planning and simulation system is built on volumetric Laplacian differential-surface deformation, driven by sparse sketch contours and clinically validated against post-operative CT ."
1308,narrative,This is direct evidence that Laplacian-family handle deformation is a documented operating mechanism for nasal-surface editing rather than an arbitrary comparator.
1308,narrative,"It also marks the boundary this project respects: that system models calibrated volumetric soft tissue from patient CT, whereas the present work deliberately stays at uncalibrated surface morphology on a shared FaceScape topology."
1308,narrative,"The two are therefore not evaluated on a common benchmark; the contribution here is to test the same Laplacian mechanism under a controlled identity-level protocol, not to reproduce a clinical CT simulation."
1326,narrative,"Other structured-light and rule-based simulation systems combine keypoints, aesthetic indices and mesh-morphing operators with quantitative evaluation or standardised manoeuvres ."
1326,implementation_claim,Landmark-driven generative pipelines such as LandmarkDiff shift the mechanism toward image generation from dense landmarks .
1326,narrative,"These examples motivate the baseline families used later: geometric propagation for transparent handle editing, statistical sparse-to-dense regression for data-aware mesh response, and learned residuals for nonlinear correction."
1326,narrative,"They also clarify the project boundary: if a system outputs an image-level prediction rather than a registered mesh deformation, it may be visually persuasive but cannot be audited directly through per-vertex ROI error, normal flips or edge strain."
1338,narrative,A recent systematic review of simulation and AI in rhinoplasty identifies a recurring methodological weakness: the absence of an automated evaluation method and a heavy reliance on subjective surgeon feedback .
1338,narrative,This is the gap a controlled sparse-to-dense benchmark addresses.
1338,narrative,"Existing tools overwhelmingly emphasise visualisation, measurement, planning or photorealistic prediction; the missing element is a controlled, identity-level benchmark that asks which deformation family is trustworthy for sparse-control editing, together with an interface that surfaces the resulting credibility limits to the user."
1348,narrative,"For that reason, the evidence used for external-tool positioning must be tiered honestly."
1348,narrative,"This project has no local, instrumented access to any competitor product, so nothing in is a head-to-head measurement."
1348,narrative,The comparison is deliberately qualitative positioning drawn from vendor materials and peer-reviewed reviews.
1348,narrative,"Three evidence tiers are kept distinct: measured in this work means the sparse-to-dense accuracy, regularity, sub-unit and robustness numbers computed under one FaceScape protocol in ; supported by public materials means that commercial tools exist, are adopted in consultation and emphasise visualisation, capture accuracy or physical guides; and qualitative positioning only means that any statement that this project's deformation model is more auditable than a competitor's is a claim about published emphasis, not a benchmark result, because competitors' deformation internals are proprietary and were never run here."
1368,narrative,"vendor/review material; no competitor was run locally, so no row is a measured comparison against this project's numbers."
1373,narrative,Tool (evidence: public) Publicly stated emphasis What remains untested vs.\ this work \\
1375,quantitative,"Crisalix Photo-to-3D reconstruction, scenario morphing, VR/AR consultation, conversion uplift No public reproducible sparse-to-dense deformation benchmark or geometric-risk gate \\ Canfield VECTRA XT Calibrated multi-camera capture; Sculptor volume editing; sub-0.5\,mm capture agreement Capture accuracy is not deformation-model accuracy on held-out identities \\ MirrorMe3D 3D-printed nasal models / surgical guides for theatre Physical planning artefact, not an interactive risk-aware preview \\ Generic 3D editors (Blender/ARAP) Free-form smooth handle deformation Data-agnostic; no identity-conditioned response or admission boundary \\"
1382,narrative,The positioning is therefore empirical where it can be and conservative where it must be.
1382,narrative,"Laplacian and ARAP in this dissertation are representative geometric families, not claims about the hidden implementation of any commercial product."
1382,comparative_claim,"The contribution is to make the deformation model, risk metrics, refusal boundary and evaluation protocol explicit and reproducible in a space whose public evidence is dominated by visualisation and capture."
1392,narrative,"Read together, the surveyed strands each supply one ingredient the platform needs and each leave one requirement unmet."
1392,narrative,It is the combination of the unmet requirements that defines the contribution.
1392,quantitative,"The statistical face models of ---3DMM, its PCA shape space and FLAME---contribute a registered, data-aware coordinate system but edit globally, so they do not deliver the local, handle-driven control that the consultation setting demands."
1392,narrative,"The geometry-based operators of ---Laplacian, Bi-Laplacian and ARAP---contribute transparent sparse-handle control, but their data-agnostic priors are accurate only up to a generic smoothness assumption."
1392,narrative,"The learning-based models of contribute a population-aware prior that can capture nonlinear population-level nasal morphology response, but a direct conditional generator can drift off-manifold at the edit boundary where the tool is most used."
1392,comparative_claim,"The localized neural morphable models of ---LAMM, ShapeFusion, NPHM and ImHead---contribute region-controllable neural shape spaces and confirm that localized editing is where the field is moving; LAMM, evaluated inside the benchmark, indeed sets the measured accuracy frontier, but the family is built for generative avatar editing and carries no calibrated admission or refusal boundary, and its measured accuracy is bought with markedly higher fold and strain incidence ()."
1392,comparative_claim,"Finally, the consultation and commercial systems of confirm strong demand for interactive 3D preview yet, as the systematic reviews note, are dominated by visualisation and capture rather than a reproducible, risk-instrumented deformation benchmark."
1417,comparative_claim,"The resulting gap is precise: to the best of our knowledge, no publicly reported prior tool couples a controlled FaceScape nasal sparse-control deformation benchmark to a limitation-aware interactive prototype with live geometric and distributional risk gates."
1417,narrative,"This dissertation addresses that gap through a benchmark-calibrated prototype that exposes control-applicability, edge-strain and normal-flip instruments."
1417,narrative,The control-applicability policy can scale back or withhold edits outside the evaluated control envelope; the geometric instruments remain read-outs.
1426,narrative,collects the final reading.
1426,narrative,"The through-line is the taxonomy of : Rhinoform is deliberately placed on the hybrid branch, anchoring a gated learned residual to a source-conditioned statistical backbone, precisely because no single surveyed family satisfies the three requirements---registered locality, interpretable sparse control, and live geometric safety---at once."
1426,narrative,"This is the gap the remaining chapters operationalise: the prototype () turns these requirements into an interface and a safety state machine, the method () realises the hybrid branch as the RB-SR framework, and the evaluation () tests whether the hybrid actually beats each surveyed family on the same controlled protocol."
1443,narrative,"requirements distilled in : registered locality, interpretable sparse control, and live geometric safety."
1443,narrative,Rhinoform's hybrid branch is the only row that targets all three.
1449,narrative,Surveyed family Ingredient it supplies Requirement it leaves unmet \\
1451,comparative_claim,"Statistical face models (3DMM, PCA, FLAME) Registered, data-aware shape space Edits are global, not local handle-driven control \\ Geometry-based editing (Laplacian, Bi-Laplacian, ARAP) Transparent sparse-handle deformation Data-agnostic; generic smoothness population-level dense nasal response \\ Learning-based models (VAE, CVAE, mesh AE) Population-aware nonlinear prior Direct generation drifts off-manifold at the edit boundary \\ Localized neural 3DMM editing (LAMM, ShapeFusion, NPHM, ImHead) Region-controllable neural shape spaces; LAMM sets the measured accuracy frontier in this benchmark Accuracy bought with higher fold/strain incidence; implicit variants break index correspondence; no geometric risk gating \\ Consultation \ commercial tools Evidence of real demand for 3D preview No reproducible, risk-instrumented deformation benchmark \\ Rhinoform (hybrid, RB-SR) Gated residual on a source-conditioned anchor --- (targets all three requirements jointly) \\"
1466,narrative,The prototype is designed from the consultation setting outward.
1466,narrative,"A patient and a surgeon need a nasal preview that is credible, interpretable and explicit about its risk boundary."
1466,narrative,"The design goals below therefore map each interface decision to benchmark evidence, rather than presenting the prototype as a generic list of features."
1472,narrative,The default state of the tool is the Ridge anchor.
1472,narrative,This choice serves the first requirement of consultation use: the interface should respond immediately and retain a deterministic preview while the learned refinement is computed.
1472,narrative,The evaluation justifies this anchor-first contract in ; the prototype makes the active layer and every transition away from it explicit.
1472,implementation_claim,"The learned residual is therefore a proposal, not an unconditional output: it replaces the anchor only after exact handles have been re-imposed and the Ridge-relative fold certificate has completed."
1481,implementation_claim,The interface separates two kinds of runtime evidence.
1481,quantitative,"Control applicability is computed from the requested 27-dimensional edit and can retain, scale back or withhold the request."
1481,quantitative+implementation,"Geometric read-outs such as anchor normal flips and edge-strain p_95 describe the displayed mesh, while certificate status, residual retention and projection rounds describe the learned refinement."
1481,narrative,These quantities are not merged into a confidence score or clinical-safety claim.
1488,narrative,The prototype keeps the full-head mesh as the viewing context while organising control and feedback in nasal sub-unit language.
1488,narrative,"Patient complaints often localise to the dorsum, tip and alae, but those local changes need to be viewed in the context of the whole face to remain meaningful ()."
1488,narrative,"The interface also states the system boundary explicitly: the current mesh uses uncalibrated FaceScape units and a single expression, so the prototype is intended for morphology communication rather than surgical-outcome prediction (). collects these design goals as a requirement-to-evidence index; the table is a navigation aid, while the rationale is given in the surrounding text."
1504,narrative,traced to the benchmark evidence or section rationale that supports it.
1508,narrative,Requirement Evidence and rationale in this dissertation \\
1510,narrative,Conservative real-time default The evaluation selects the ridge anchor as the stable real-time default and fallback ().
1510,implementation_claim,\\ Residual exposed only after certification The learned correction replaces the anchor only after exact handles and the Ridge-relative fold certificate ().
1510,implementation_claim,"\\ Runtime diagnostics Applicability, anchor flips/strain, certificate status, residual retention and projection rounds remain separately identifiable ()."
1510,narrative,"\\ Visible applicability policy Requested controls are retained, scaled to the evaluated boundary or withheld according to the released thresholds ()."
1510,narrative,\\ Full-face context + sub-unit framing Complaints localise to dorsum/tip/alae; sub-unit metrics must be legible in context ().
1510,narrative,"\\ Explicit non-clinical scope Uncalibrated FaceScape units, single expression: outcome prediction is out of scope ()."
1522,narrative,The interface follows the order in which questions naturally arise during a consultation.
1522,narrative,"A patient and surgeon usually begin with a local shape intention, then inspect what changed, and finally decide whether the edit remains inside a credible boundary."
1522,implementation_claim,"The controls, views and runtime-state feedback are organised around that sequence."
1528,narrative,The first question is usually how the tip changes.
1528,narrative,"The tip-rotation and tip-projection sliders write a coupled rotation direction and an anterior--posterior displacement, respectively, to the registered tip handle."
1528,narrative,"The semantic-to-landmark mapping is defined in , and the corresponding sub-unit accuracy is reported in ."
1528,narrative,"Questions about the bridge and nasal width use the same mechanism with coupled motion: the dorsum-height, bridge-smoothing and alar-width controls write correlated displacements to the dorsum, radix and alar handles, which are then expanded into a dense ROI field by and evaluated as spatial error fields in ."
1540,narrative,"After an edit is made, the interface shows where the mesh actually changed."
1540,implementation_claim,"The before/after, delta and risk views display the full-head result, displacement magnitude and the selected geometric diagnostic, respectively; shows the corresponding benchmark-side per-vertex maps."
1540,implementation_claim,The browser first evaluates control applicability.
1540,implementation_claim,It then renders the effective Ridge anchor immediately and computes the learned proposal and certificate in the background.
1540,narrative,Normal flips and edge strain remain read-outs rather than inputs to the applicability decision.
1549,narrative,The interface offers six semantic controls to keep every edit inside the expressive range of the fixed nine-landmark protocol.
1549,narrative,These sliders correspond to validated semantic directions and prevent the user from drifting into an unconstrained free-form sculpting layer.
1549,narrative,"The landmark protocol is given in , and the full slider-to-landmark mapping is given in ."
1558,narrative,shows the two interface modes of the interactive studio.
1558,implementation_claim,"Consultation mode keeps the interpretation and session actions prominent; research mode exposes the active layer, applicability statistic and detailed certificate read-outs."
1558,narrative,"In either mode, the user applies six semantic controls and switches the central stage between after, before, delta and risk views."
1558,narrative,The preview is shown on the full head while the editable support remains the nasal ROI and its collar blend.
1558,implementation_claim,A registered OBJ or PLY source can also be bound to the same released pipeline.
1558,implementation_claim,The right-hand panel reports the current state and either a plain-language interpretation or detailed applicability and certificate data.
1570,quantitative,figures/chapter3_review_v2/fig_3_1_studio_modes_final.pdf
1573,implementation_claim,"semantic controls, the full-head preview, a plain-language certificate state and session actions. (b) Research mode exposes the active layer, control applicability , anchor flips and edge strain, certificate status, residual retention, projection rounds and fold counts."
1573,implementation_claim,"Both views show the same released browser pipeline; the additional research panel changes the level of disclosure, not the deformation method."
1582,narrative,gives the communication sequence for one edit.
1582,quantitative+implementation,"The browser converts the six slider values to the 27-dimensional control vector, applies the independent control-applicability policy, renders the source-conditioned Ridge anchor, and then starts the learned proposal and non-learned certificate asynchronously."
1582,narrative,A certified callback can replace the anchor; failure or timeout leaves it unchanged.
1582,implementation_claim,"Session export records the requested and effective controls, runtime state, available certificate data and the locked model identities."
1592,quantitative,figures/chapter3_review_v2/fig_3_2_software_communication_sequence_final.pdf
1595,narrative,open arrowheads denote asynchronous request or completion; dashed messages are returns.
1595,narrative,The Ridge anchor is rendered before the learned proposal completes.
1595,implementation_claim,The proposal re-imposes the exact handles and is passed to the independent Ridge-relative fold certificate; only a successful certified result is committed.
1595,narrative,Control applicability and residual certification remain separate guards.
1607,implementation_claim,"Rhinoform is released as a hash-identified bundle consumed by a React\,+\,Three.js browser client ()."
1607,implementation_claim,"The manifest identifies the base model, gate and projection policy and lists the hashes of the browser Ridge operator, certified pipeline, certified presets, population-mean head and optional source-binding support."
1607,implementation_claim,"After loading and identity checks, control mapping, source binding, inference, rendering and session assembly occur in the browser."
1607,narrative,"A local research service can be detected during development, but it is not required by the public inference path."
1617,quantitative,figures/chapter3_review_v2/fig_3_3_software_architecture_final.pdf
1620,implementation_claim,release bundle is identity-checked as it enters the public browser boundary.
1620,implementation_claim,"The current source and effective controls are bound locally, then evaluated by an immediate applicability-and-Ridge path and an asynchronous learned-refinement and fold-certificate path."
1620,narrative,The active layer drives both the consultation views and the exported session record.
1630,narrative,The architecture figure assigns ownership; the sequence in supplies execution order.
1630,implementation_claim,Keeping those views separate shows both that inference remains browser-local and that the learned path cannot delay or bypass the anchor preview.
1638,narrative,The studio does not introduce a second deformation problem.
1638,narrative,"Its visible controls---tip rotation, tip projection, dorsum height, alar width, bridge smoothing and tip width---are a human-facing wrapper around the same nine-landmark sparse-control protocol defined in ."
1638,implementation_claim,"At runtime the browser first assigns anatomical roles to the nine registered landmark vertices using their position in the registered ROI: the most anterior landmark is the tip, the most superior landmark is the radix, the two most lateral landmarks are the alae, and the remaining central landmarks form the dorsum group."
1638,quantitative,"Each semantic slider then writes signed displacements into selected entries of the 27-dimensional control vector c=[ x_1, y_1, z_1, , x_9, y_9, z_9]."
1650,narrative,The sidebar is deliberately limited to these six controls.
1650,narrative,"They span nasal changes that can be expressed cleanly by the available nine handles---tip rotation about the alar-base pivot, tip anterior--posterior projection, central dorsum height, bilateral alar width, source-adaptive dorsal-profile smoothing and tip-lobule width---without pretending that the prototype can model every surgical manoeuvre."
1650,implementation_claim,Adding more sliders would create a false sense of precision unless each new control could be mapped to a stable subset of the same nine landmarks and governed by the same applicability and certificate contracts.
1650,narrative,"The six-control design is therefore a constraint, not a missing feature: it keeps the interface aligned with the benchmarked sparse-control problem and avoids unvalidated free-form vertex sculpting."
1667,narrative,nine-landmark sparse-control task.
1671,quantitative,Visible control Landmark entries affected Meaning in the 27-D control vector \\
1673,narrative,Tip rotation Tip landmark Moves the tip along the released rotation direction about the alar-base pivot.
1673,narrative,\\ Tip projection Tip landmark Adds anterior--posterior displacement to the tip handle.
1673,comparative_claim,\\ Dorsum height Dorsum group + radix Raises or lowers the two dorsum handles with a smaller coupled radix component.
1673,narrative,\\ Alar width Left and right alar-base landmarks Moves the alar-base handles laterally in opposite directions.
1673,narrative,\\ Bridge smoothing Dorsum group Uses the bound source's deviation from the radix--tip line to flatten a hump or scoop.
1673,narrative,\\ Tip width Left and right tip-lobule landmarks Moves the paired sidewall handles laterally in opposite directions.
1683,narrative,This mapping is intentionally low-dimensional.
1683,narrative,"It gives the user clinically legible controls, but the mathematical input remains the same sparse vector used throughout the benchmark."
1683,narrative,"The sparse-to-dense expansion is then performed by the exported ridge operator, not by hand-painted regional deformation:"
1688,quantitative,c_ semantic \; slider-to-landmark map\; c R^27 \; \;W_ ctrl\;\; d_ ROI R^3934 3.
1695,narrative,The output is therefore dense because the learned statistical operator has estimated how the whole ROI tends to move when the nine handles move; the sliders only choose a structured direction in the original sparse control space.
1695,narrative,"In short, the semantic sliders are an affine user-interface layer over the nine-handle protocol: region labels make the interaction intelligible, but every edit is still encoded as before the exported ridge operator expands it into a dense ROI deformation, and the qualitative behaviour of that pathway is evidenced by the deterministically selected cases of rather than by ad-hoc screenshots."
1709,narrative,"The engine is the exported anchor, not a re-implementation."
1709,quantitative,"For a fixed source the source-PCA identity code is constant, so the operator's data half is absorbed into a bias and the only visible response to a landmark edit is an exact linear map of the 27-dimensional control vector:"
1714,quantitative,"d_ ROI(c) \;=\; c\,W_ ctrl, W_ ctrl \;=\; W[:27]\, /\, _ ctrl[:27],"
1720,narrative,where W is the exported Ridge weight matrix and _ ctrl is the training-set control scale.
1720,quantitative+implementation,"There is no re-fit or numerical approximation in this map: ridge\_browser.json stores the 27 11,802 operator with the control standardisation already folded into its weights."
1720,narrative,"The resulting field is tapered at the ROI rim, smoothed with the released rim-pinned display transform, scattered into the full head and re-rendered."
1728,narrative,"The dense ROI displacement is scattered back into the full head mesh by ROI index, and a collar region blends the edited ROI smoothly into the surrounding face so that the nose does not detach from its context."
1728,narrative,This full-face presentation keeps the local edit visible in its surrounding facial context rather than presenting the nasal ROI in isolation.
1735,implementation_claim,"The engine described above is the runtime face of the full deformation method of : the six semantic controls map to the same nine-landmark control vector, and the Ridge backbone expands that sparse vector into a dense ROI deformation."
1735,narrative,Normal flips and edge strain are recomputed for the displayed geometry.
1735,implementation_claim,"Separately, governs whether the requested controls are retained, scaled back or withheld, and the Ridge-relative certificate governs whether the learned refinement may replace the anchor."
1735,narrative,The visible states produced by these two mechanisms are formalised in .
1747,narrative,The instrument's most important behaviour is its willingness to say ``no''.
1747,narrative,Admission is decided by two mechanically separated mechanisms that answer different questions.
1747,quantitative+implementation,"The first is input applicability: after every edit the browser computes the control-scale statistic (c) = _k (c_k/ _k)^2, where the per-coordinate scales _k are estimated from the validation controls and then fixed."
1747,quantitative,Requests with 7.4921 pass unchanged; requests with 7.4921 < 9.3966 are scaled back; requests with > 9.3966 are withheld.
1747,narrative,"This statistic is a statement about the evaluated control range, not a calibrated out-of-distribution probability."
1747,implementation_claim,"The second mechanism is the ridge-relative fold certificate of , which governs whether the learned residual may replace the anchor at all."
1747,narrative,Neither mechanism is presented to the user as ``safety'' or ``confidence''.
1747,implementation_claim,"Instead, the interface exposes the resulting runtime state directly, as shown in ."
1764,quantitative+implementation,figures/chapter3_review_v2/fig_3_4_runtime_state_machine_final.pdf
1767,narrative,evaluated request is retained or scaled to the applicability boundary and shown immediately as a Ridge anchor.
1767,quantitative,"After a 450-ms debounce, the learned enhancement is computed while the anchor remains visible."
1767,comparative_claim+implementation,A local certificate path with retention at least 0.98 produces the normal certified state; a uniform path or lower retention is disclosed as constrained; error or timeout retains the Ridge anchor.
1767,narrative,Every subsequent slider change restarts from a new anchor preview.
1777,quantitative,"Concretely, a request in the scale-back band is multiplied by 7.4921/ , preserving its direction while placing its effective control vector on the evaluated boundary."
1777,quantitative,"A request above 9.3966 is withheld, so no edited mesh is presented."
1777,narrative,"For an admitted request, exactly one product state is active: anchor preview, computing, certified enhancement, constrained enhancement or anchor fallback."
1777,narrative,This state is recorded in the exported session alongside the requested and effective controls.
1788,narrative,"The learned residual is offered only as a certified proposal, and the platform is deliberately two-timescale about it."
1788,narrative,"The Ridge anchor answers every control movement synchronously, so the preview never waits on the learned path."
1788,quantitative+implementation,The certified RB-SR refinement is computed asynchronously---the runtime waits for a 450-ms pause in slider input and resolves the refinement in the background---and it replaces the displayed anchor only when its ridge-relative fold certificate holds for the current edit; any error or timeout leaves the anchor visible and changes the reported state.
1798,narrative,Exposing the residual this way is not a presentation choice; it fixes three properties that the method in is then obliged to satisfy.
1798,narrative,"First, the displayed layer is non-destructive: research mode can inspect Auto, Anchor or Certified, while Auto keeps the anchor until a certified result is available."
1798,narrative,"The method therefore produces a correction defined relative to the anchor, \, R_ in , so retaining the anchor never requires a second solve."
1806,narrative,"Second, the instrument deliberately exposes no global ``residual strength'' control."
1806,comparative_claim,"A single scalar would let a proposal that lowers average error still open fold-over in one sub-unit while another stays untouched, and the gate state in would then have to reject the entire edit rather than the offending region."
1806,implementation_claim,"The runtime instead demands admission that is decided per region, which is precisely the constraint that forces the method away from the global- Hybrid and towards the per-vertex admission weight g(v) of ; the spatial structure that makes this necessary is diagnosed in ."
1816,implementation_claim,"Third, the learned gate and the non-learned certificate must be reproducible from the current browser state."
1816,narrative,The gate uses the inference inputs specified in ; orientation and strain budgets supervise it during training but are not additional feed-forward inputs.
1816,implementation_claim,"Exact handles are then re-imposed, and the iterative certificate checks the resulting raw field against the Ridge fold set."
1816,implementation_claim,The interface reports the certificate result rather than presenting gate output as a probability of correctness.
1827,narrative,One honesty question must be settled explicitly: is the smooth geometry the user sees the same geometry the benchmark scores?
1827,narrative,"The answer is deliberately no, and the separation is engineered rather than incidental."
1827,implementation_claim,"For display, the browser subtracts the zero-control anchor field, tapers the edit towards the ROI boundary along graph-geodesic distance, and applies a small number of rim-pinned Laplacian smoothing rounds so that the edited nose sits seamlessly in the full-face render; the certified overlay additionally fills one-ring landmark residuals before smoothing."
1827,implementation_claim,"None of these display transforms touches the evaluation frame: the raw inference path first re-imposes the nine hard handles exactly, then runs the fold certificate, and only afterwards hands the geometry to the display pipeline."
1827,narrative,The strict scorer of operates exclusively on the pre-display geometry.
1827,quantitative+implementation,"This prevents a cosmetic smoothing pass from silently substituting for the stricter benchmark geometry---and it is itself verified: the released browser build is locked to the released assets by content hash and passes 51 automated checks against stored reference goldens, with a worst-case certified-path vertex deviation of 5.4 10^-7 model units ()."
1849,narrative,The prototype is bounded by design.
1849,narrative,A mandatory disclaimer banner states that it is a research prototype and not a medical device; that coordinates are uncalibrated FaceScape units; and that outputs are for morphology communication only.
1849,narrative,"It is technically evaluated, not clinically validated---no user study is claimed, and a formative study would require the appropriate institutional ethics decision ()."
1849,narrative,"These boundaries are surfaced in the interface, not buried in a manual, because explicit scoping is part of what makes the instrument trustworthy."
1858,narrative,The scope statement also fixes the terms in which the method is allowed to optimise.
1858,narrative,"Because the working units are uncalibrated and relative, every quantity the method minimises or budgets---the dense target of , and the orientation and edge-strain budgets that constrain g(v)---is defined in those same relative units, so no absolute metric claim about a patient's nose is derivable from the output and none is reported."
1858,narrative,"Equally, the interface does not translate an applicability breach into a confidence claim: a near-boundary request is visibly scaled to the evaluated boundary, and an outside-range request is withheld."
1858,implementation_claim,"For requests that remain applicable, the learned correction is displayed only after the separate Ridge-relative fold certificate."
1858,implementation_claim,The responsible-use boundary is therefore implemented in the runtime contract rather than added only as explanatory text.
1879,narrative,The method operates on the sparse-control task formalised in .
1879,quantitative,"Let S_ R and T_ R denote the source and target coordinates on the registered nasal region of interest (ROI), with vertex set R and | R|=3934."
1879,narrative,"Because all FaceScape identities share the same topology, the supervised dense displacement is defined vertex by vertex as"
1886,quantitative,D^*=T_ R-S_ R R^3934 3.
1890,quantitative,"The nine semantic landmark vertices form a fixed control set L=\ _1, , _9\ R."
1890,narrative,Their observed displacements are concatenated into the user-control vector
1894,quantitative,"c= R^27, p_i= D^*( _i)."
1901,narrative,This is a conditional completion problem rather than ordinary landmark interpolation.
1901,quantitative,"The output contains 3934 3=11802 coordinate values, while the controls determine only 9 3=27 of them."
1901,quantitative,"After the controls are fixed, 3925 3=11775 free coordinate values remain."
1901,narrative,"Consequently, infinitely many dense fields can satisfy the same nine landmark motions."
1901,narrative,The method must supply a prior for how motion propagates between and beyond the handles.
1901,narrative,The geometric methods in impose this prior through smoothness or local rigidity; the learned methods estimate it from registered source--target examples.
1901,narrative,"This distinction is central to the comparisons that follow: every method obeys the same handles, but it resolves the unobserved dense field differently."
1912,quantitative,Let F= R L denote the 3925 free vertices.
1912,narrative,Rhinoform models their completion as
1915,quantitative,"D=f_ ( c, _src) R^3934 3."
1919,quantitative,Here _src R^64 encodes the starting nasal shape on a PCA basis fitted only to training identities.
1919,implementation_claim,It is computed from the source mesh and is therefore available before an edit; no target-shape feature is allowed to enter the runtime condition.
1919,narrative,This source-only constraint prevents target leakage while retaining the clinically relevant fact that the same requested tip or dorsum displacement should not induce an identical full-ROI field on every face.
1919,quantitative,"Concatenating the 27 controls and 64 source coefficients gives the 91-dimensional condition shared by the ridge, CVAE and gate."
1928,narrative,"The numerical interface is identical in training and deployment, but its data provenance is not."
1928,narrative,"During training, c is extracted from a registered source--target pair and is therefore supported by an observed population example."
1928,narrative,"At run time, it is generated from the six semantic sliders and nine landmark roles in ; a user can request a combination or scale that is sparse in, or outside, the training distribution."
1928,narrative,"The predicted field is therefore an identity-conditioned morphology preview in FaceScape coordinates, not a biomechanical or surgical-outcome simulation."
1928,implementation_claim,This train--runtime gap is why later stages need an explicit out-of-distribution and geometric-risk boundary rather than relying on average test accuracy alone.
1939,narrative,"The landmark edits are hard constraints, not soft training suggestions."
1939,narrative,"Before a field is rendered or scored, the control vertices are projected back to the requested displacements:"
1945,narrative,"p_i, v= _i L,\\ D(v), v F."
1950,comparative_claim,This projection guarantees handle fidelity while preventing the reported RMSE from being artificially improved by nine trivially known vertices: the strict accuracy metric is computed only over F.
1950,narrative,"The same projected field is then checked for new normal flips and edge strain, so a method cannot trade an accurate average displacement for a locally folded or excessively stretched surface."
1957,narrative,These properties determine the architecture rather than merely describing it.
1957,narrative,"The ridge anchor supplies a low-variance population completion and a deterministic fallback for an underdetermined edit; the residual pathway represents dense structure not captured by that linear completion; the spatial gate addresses the fact that residual benefit and geometric risk are not uniform across vertices; and hard projection keeps the user's nine controls invariant through every stage. fixes the shared tensor contract so that the later ablations change only the completion mechanism, not the information available to a method or the output on which it is scored."
1976,narrative,Quantity Value / shape Meaning \\
1978,quantitative,Registered FaceScape topology 26317 vertices Source dataset topology before nasal ROI extraction.
1978,quantitative,\\ Nasal ROI vertices V=3934 Vertices predicted by the sparse-to-dense deformation engine.
1978,quantitative,\\ Strict scored free vertices 3925=3934-9 ROI vertices excluding the nine hard-fixed landmark controls.
1978,quantitative,\\ Dense displacement output 3934 3=11802 Flattened dense ROI displacement vector.
1978,quantitative,\\ Sparse controls 9 3=27 Nine nasal landmark displacement vectors.
1978,quantitative,\\ Source-PCA basis 64 11802 Train-only source identity basis; coefficient dimension 64.
1978,quantitative,\\ Delta-PCA basis 16 11802 Observation code for the CVAE posterior during training.
1978,quantitative,\\ Condition vector 27+64=91 Sparse controls concatenated with the source-PCA code.
1978,quantitative,"\\ Condition standardisation (1,91) mean and std Train-pair z-score reused unchanged for validation/test."
1978,quantitative,"\\ Static vertex feature 3+3+9=15 Normalised coordinates, vertex normals, and distances to nine landmarks."
1978,narrative,\\ Sub-unit features Disabled The model does not use one-hot anatomical sub-unit features.
1978,quantitative,\\ Train / validation / test pairs 870 / 4830 / 9900 Ordered-pair counts in the result package.
1996,narrative,The interactive prototype has no target identity and no dense ground-truth displacement field: the user chooses an edit through the semantic controls and Rhinoform renders the resulting morphology preview.
1996,narrative,"Quantitative evaluation, however, requires a measurable dense target."
1996,narrative,"Supervised benchmark examples are therefore constructed from ordered pairs of registered FaceScape identities: for a source identity i and a distinct target identity j, the dense benchmark target is D_i j= T^(j)- S^(i), exactly the quantity of , and the benchmark control vector c_i j collects the nine target-minus-source landmark displacements of ."
1996,narrative,The target identity is used only to define ground truth for evaluation; it is never treated as a surgical outcome for the source identity.
2010,narrative,"At run time the same learned map is applied to a user-supplied control vector,"
2013,narrative,"f:\; (S^(i),c_user) D_user ,"
2019,narrative,"for which no dense ground truth exists, so free-form user edits cannot be scored by RMSE."
2019,narrative,"The identity-pair benchmark is what makes deformation engines comparable under measurable conditions, while the prototype uses the selected engine for interactive personalised previews with geometric reliability indicators. visualises the task."
2025,quantitative,"rfredrawindex6 Fig 4.1 --- Task geometry and nine-landmark protocol on audited data (REDRAW; replaces fig\_5\_1\_source\_target\_landmark\_displacement.pdf, absorbs new-paper verified spatial reference, 2 1) Claim: the control signal is extremely sparse (27 scalars) while the output is dense (11,802 unknowns); grounds the conceptual Fig (a) on audited FaceScape data (RQ1).\\ Style: Abrar-Rashid qualitative panel---rendered meshes with overlays, shared colourbar.\\ Composition: 1 3: (a) frontal view of the ROI with the nine landmarks numbered 27--35 (green dots + labels; four midline, five nasal-base); (b) profile view, same layout; (c) per-vertex ground-truth displacement magnitude heat map for one deterministic source--target pair (blue red colormap + colourbar).\\ Data: landmark layout audited against REPO/demo/public/bundle/head\_mean.json (roi\_landmarks\_local); displacement field from a deterministic pair of the evaluation split in REPO/results/rbsr\_final\_rerun\_holdout\_v1/."
2025,narrative,Tier: system illustration on primary data.
2025,quantitative,See figure\_redraw\_inventory.md Fig 4.1.
2046,quantitative,3934-vertex ROI with landmarks 27--35. (b) Side view of the same handles; the five nasal-base landmarks are labelled jointly as 31--35 to avoid occlusion. (c) Ground-truth dense displacement magnitude for one source--target pair in uncalibrated FaceScape coordinate units.
2046,narrative,The nine handle displacements define an under-determined sparse-control to dense-ROI deformation problem.
2058,implementation_claim,The RB-SR framework (residual-based safety refinement) is a certificate-guarded residual deformation pipeline with four stages.
2058,narrative,Ridge regression serves as the stable sparse-to-dense backbone: it provides the first dense estimate and the fallback state.
2058,narrative,A residual model proposes local nonlinear corrections.
2058,narrative,A learned per-vertex gate admits those corrections spatially.
2058,implementation_claim,"Finally, a hard ridge-relative fold certificate projects the admitted residual so that the folded faces of the output are a subset of the anchor's---a deployment contract that, as shows, soft optimisation alone failed to provide."
2068,narrative,is the organising diagram for the chapter.
2068,implementation_claim,"It shows the source and nine controls entering a Ridge/PCA anchor A, a residual proposer producing R, a per-vertex gate G , and a hard certificate before the certified ROI deformation is rendered."
2068,implementation_claim,"The certificate legend distinguishes retained, attenuated and zeroed residual contributions and marks the exact handles that are preserved."
2068,narrative,"Thus the diagram separates the anchor, proposal, spatial admission and hard-certification roles."
2068,narrative,The learned components inside the proposal and admission stages are expanded separately in .
2079,comparative_claim+implementation,"rfredrawindex7 Fig 4.2 --- Certified RB-SR end-to-end framework (REDRAW, dissertation hero figure, P0; merges rffigRBSROverview + rffigArchitecture + rffigSourcePCA + rffigRidgeModule + rffigResidualModule + new-paper overview, 7 1) Claim: the complete four-stage pipeline in one diagram---Stage 1 source-PCA-conditioned ridge anchor, Stage 2 CVAE residual proposer, Stage 3 learned per-vertex gate, Stage 4 hard ridge-relative fold certificate (projection + 0.75 attenuation loop)---with the central thesis that neural gain reaches the output only through the safety corridor (RQ1--RQ3).\\ Style: Benjamin-Teoh hero figure (his Fig 3.1 role): strict semantic colours (green = I/O, yellow = ridge anchor, pink = CVAE, blue = gate, purple = certificate); dashed frame around the safety stage (3+4); mathematical symbols embedded in nodes and on edges, each defined in the caption.\\ Composition: horizontal main flow: c (green) + source mesh (green) source-PCA encoding (small yellow block, edge annotated s R^64) ridge anchor (yellow, output d_ anchor) forking: upper path direct to the residual addition node; lower path into the CVAE proposer (pink, output r) per-vertex gate multiply (blue, g ^|V|) certificate (purple, internal loop arrow ``project / attenuate 0.75'') output (green)."
2079,quantitative+implementation,"Edge from certificate to addition labelled ``certified residual''; dashed edge from ridge output to certificate labelled ``ridge-relative fold predicate''.\\ Data: conceptual; structure must match the implemented stages in REPO/rhinoform/train.py, REPO/rhinoform/train\_rbsr\_gate.py, and REPO/scripts/evaluation/rbsr\_ridge\_fold\_projection.py, and the five component\_state names of REPO/docs/final\_tables/component\_ablation\_validation\_4830\_pairs.csv."
2079,quantitative,See figure\_redraw\_inventory.md Fig 4.2.
2112,narrative,"A residual proposer supplies R, and the spatial gate G forms the gated correction G R in the displayed A+G R composition."
2112,implementation_claim,"The hard certificate retains, attenuates or zeroes the gated residual relative to Ridge while preserving all nine exact handles; the resulting field is rendered as the certified ROI deformation."
2112,quantitative+implementation,The certificate's iterative attenuation rule is specified separately in Algorithm 4.1.
2128,implementation_claim,"Read as an evaluated method, the diagram shows how a source--control pair becomes a governed dense prediction: the source and sparse controls feed the statistical anchor (with the source-PCA basis living inside the Ridge/PCA anchor), the residual model proposes a nonlinear correction, and the spatial gate and hard certificate determine how much of that proposal enters the dense ROI field."
2128,narrative,The evaluation executes this complete RB-SR chain.
2128,implementation_claim,"The public browser ports the same CVAE, gate and certificate for asynchronous certified enhancement while retaining the Ridge anchor as the immediate preview and fail-closed fallback."
2128,narrative,"Its rendered display additionally uses the published edit-relative residual, ROI boundary taper and rim-pinned smoothing convention; these display operations do not alter the prediction meshes used for the paper's quantitative evaluation."
2141,implementation_claim,exposes the two learned components at layer level rather than claiming to redraw the complete RB-SR pipeline.
2141,quantitative,The conditional neural field uses the standardised 91-D source--control condition in its prior and decoder; only its training posterior also receives the 16-D delta-PCA observation.
2141,narrative,At inference the latent code is the prior mean.
2141,narrative,"Its decoder produces the dense neural proposal D_N, not a final deformation."
2141,narrative,"Relative to the exact-handle Ridge field D_R, the proposal defines R= D_N- D_R, and the gate forms D_ raw= D_R+g R."
2141,implementation_claim,The controls are then re-imposed as D_ hard= project_ H ( D_ raw).
2141,implementation_claim,"Equivalently in the certificate implementation, the Ridge handles are fixed first and the gated residual is zeroed on H."
2141,narrative,The deterministic projection then returns D_ cert satisfying K( D_ cert) K( D_R).
2141,narrative,None of these post-gate operations is a learned layer.
2163,quantitative,figures/final/fig_4_3_learning_architecture.pdf
2166,quantitative+implementation,"of the certified RB-SR pipeline. (a) The conditional neural field receives the standardised 91-D edit-and-source condition x, an 8-D latent code and 15-D static per-vertex features."
2166,quantitative,"During training, the posterior additionally observes the 16-D delta-PCA target code; at inference, the prior mean z= _p( x) is used."
2166,narrative,The decoder produces the dense neural proposal D_N. (b) This proposal gives the Ridge-relative residual R= D_N- D_R.
2166,narrative,"The per-vertex gate receives [ _v, x, s_v, D_R(v), R(v)] and produces D_ raw= D_R+g R."
2166,quantitative+implementation,"Exact-handle projection gives D_ hard; the non-learned certificate locally attenuates the residual by 0.75 on vertices of newly folded faces, with a uniform Ridge fallback, until K( D_ cert) K( D_R)."
2166,narrative,Solid paths are used at inference; dashed orange paths are training-only.
2166,narrative,Orientation and strain budgets supervise the gate but are not additional feed-forward gate inputs at inference.
2187,implementation_claim,"For reproducibility, the same pipeline is written algorithmically in ."
2187,narrative,"The table makes explicit where the source identity enters, where the learned residual is formed, and where RB-SR changes a residual proposal into an admitted dense prediction."
2200,narrative,Step Operation Tensor / formula Output \\
2202,quantitative+implementation,"1 Encode sparse edit c=[ p_1, , p_9] R^27 Control vector \\ 2 Encode source identity Project source ROI onto train-only PCA basis _ src R^64 \\ 3 Build condition x=[ c, _ src] R^91, then train-set z-score x \\ 4 Ridge anchor D_R= xW+b (3934,3) field \\ 5 CVAE dense proposal Use prior mean z= _p( x) and decode per-vertex field D_N \\ 6 Residual field R= D_N- D_R Proposed residual \\ 7 Spatial gate g(v)= (G_ ) g ^V \\ 8 Gated refinement D_ raw= D_R+g R Raw field \\ 9 Exact handles D_ hard= project_ H( D_ raw) Hard-projected field \\ 10 Fold certificate D_ cert= _ fold( D_ hard; D_R) Certified field \\ 11 Strict audit Verify K( D_ cert) K( D_R); compute RMSE, new flips and edge strain Metrics \\"
2223,implementation_claim,The first stage maps the sparse nasal controls and the source-identity context to a dense ROI displacement.
2223,quantitative,The nine landmark displacements form a 27-dimensional control vector c.
2223,quantitative,"The source ROI is projected onto a training-set PCA basis, giving _ src R^64."
2223,quantitative,Their concatenation is the 91-dimensional condition
2229,narrative,"x=[ c, _ src], x= zscore_ train( x)."
2233,narrative,"On centred training matrices, the ridge operator is"
2235,quantitative,"W=( X^ X+ I)^-1 X^ Y, D_R= x W+ b,"
2241,quantitative,where Y contains the dense ROI displacement fields and =300.
2241,quantitative+implementation,The output D_R R^3934 3 is both the real-time anchor and the reference field used by the later certificate.
2254,narrative,Block Operation Input Output \\
2256,quantitative,"Condition Concatenation and z-score (B,27)+(B,64) (B,91) \\ Ridge map Affine ridge regression (B,91) (B,11802) \\ ROI reshape Tensor reshape (B,11802) (B,3934,3) \\"
2267,narrative,The validation component analysis first compares the two complete dense proposals before residual admission.
2267,quantitative,"Ridge obtains ROI RMSE 1.1249, target-relative new flips 0.3541\% and edge-strain p_95=0.2178; the CVAE-only proposal obtains 1.3966, 1.3668\% and 0.2388, respectively."
2267,quantitative,"The direct nonlinear proposal is therefore less accurate and substantially more fold-prone than the linear anchor on the same 4\,830 ordered pairs."
2274,narrative,The source-conditioning ablation then tests whether the anchor actually uses the source geometry.
2274,quantitative,Matched source-PCA conditioning gives RMSE 1.1249.
2274,comparative_claim,Removing the source code increases RMSE to 1.2770; replacing it with the mean source code gives 1.4522; and shuffling source codes gives 1.6373.
2274,narrative,This validation analysis supports a narrow conclusion: the source code carries identity-specific predictive information.
2274,narrative,"The shuffled-source result further shows that the gain depends on matching the controls to the correct source morphology, rather than merely appending a PCA vector."
2284,quantitative,figures/final/fig_4_4_stage1_anchor_evidence.pdf
2287,quantitative,"(4\,830 ordered pairs). (a,b) Ridge and CVAE-only dense proposals. (c) Source-conditioning ablation."
2287,comparative_claim,Lower values are better.
2294,narrative,The source-conditioned ridge map provides the most reliable dense starting point and a deterministic fallback.
2294,narrative,The CVAE is therefore not used as a stand-alone generator.
2294,narrative,Its output may nevertheless contain nonlinear corrections that the ridge map cannot express.
2294,quantitative,Stage 2 tests those corrections as a ridge-relative residual rather than replacing the anchor.
2305,narrative,The conditional neural field produces a dense proposal D_N.
2305,quantitative,"During training, the posterior encoder additionally observes the 16-dimensional delta-PCA target code; at inference, the prior mean z= _p( x) is used."
2305,quantitative,"The decoder input at vertex v is [ _v, x,z], where _v R^15 contains static per-vertex features."
2305,narrative,"The proposal is converted to a ridge-relative residual,"
2312,narrative,"R= D_N- D_R, R^*= D^*- D_R."
2316,narrative,A fixed global blend provides the diagnostic candidate
2322,narrative,The residual is a proposal rather than a final output because its accuracy gain does not imply geometric safety.
2330,quantitative,ROI vertex count V=3934.
2334,narrative,Block Operation Input Output Params \\
2336,quantitative,Prior trunk Linear 91\!
2336,quantitative,"\!128; SiLU; LayerNorm (B,91) (B,128) 12032 \\ Prior heads Two linear 128\!"
2336,quantitative,"\!8 heads (B,128) 2 (B,8) 2064 \\ Posterior trunk Linear 107\!"
2336,quantitative,"\!128; SiLU; LayerNorm (B,107) (B,128) 14080 \\ Posterior heads Two linear 128\!"
2336,quantitative,"\!8 heads (B,128) 2 (B,8) 2064 \\ Decoder input Vertex-wise concatenation (B,V,15+91+8) (B,V,114) 0 \\ Decoder block 1 Linear 114\!"
2336,quantitative,"\!128; SiLU; LayerNorm (B,V,114) (B,V,128) 14976 \\ Decoder block 2 Linear 128\!"
2336,quantitative,"\!128; SiLU; LayerNorm (B,V,128) (B,V,128) 16768 \\ Decoder output Linear 128\!"
2336,quantitative,"\!3 (B,V,128) (B,V,3) 387 \\"
2345,quantitative,Total -- -- -- 62371 \\
2354,narrative,The validation sweep is a diagnostic probe rather than a search for a deployable scalar blend: it tests whether the nonlinear proposal contains a useful Ridge-relative correction and whether that correction can be admitted uniformly.
2354,narrative,It evaluates D_R+ R for .
2354,quantitative,The anchor ( =0) gives RMSE 1.1249 and new flips 0.3541\%.
2354,comparative_claim,"A small residual at =0.1 improves RMSE to 1.1183 and reduces edge strain from 0.2178 to 0.2081, but increases new flips to 0.4742\%."
2354,quantitative,Fold incidence rises monotonically with ; using the full proposal ( =1) gives RMSE 1.3966 and new flips 1.3668\%.
2354,comparative_claim,"The three metrics favour different scales: RMSE is lowest at =0.1, fold incidence increases with admission, and edge strain reaches its minimum at =0.5."
2354,narrative,No single global coefficient resolves all three objectives.
2368,quantitative,figures/final/fig_4_5_stage2_residual_evidence.pdf
2371,quantitative,"4\,830 validation pairs."
2371,quantitative,The marked =0.1 point gives the lowest RMSE; larger residual scales increase fold incidence.
2378,narrative,"The neural residual contains a small useful correction, but global blending cannot separate beneficial vertices from harmful ones."
2378,quantitative,The fixed =0.1 blend is therefore retained only as an ablation.
2378,quantitative,Stage 3 replaces the global coefficient with a learned per-vertex admission weight.
2388,narrative,The spatial gate predicts g(v) from
2390,narrative,"g(v)= \! ( G_ [ _v, x, s_v, D_R(v), R(v)] ),"
2395,narrative,where s_v is the normalised source coordinate.
2395,narrative,The raw field and the exact-handle field are
2399,narrative,"D_ raw = D_R+g R,\\ D_ hard = project_ H \! ( D_ raw )."
2407,narrative,Orientation and strain budgets supervise the gate during training but are not additional gate inputs at inference.
2407,implementation_claim,The browser OOD score is a separate input-applicability check.
2419,narrative,Block Operation Input Output Params \\
2421,quantitative,"Gate input Concatenation (B,V,115) (B,V,115) 0 \\ Gate block 1 Linear 115\!"
2421,quantitative,"\!64; SiLU; LayerNorm (B,V,115) (B,V,64) 7552 \\ Gate block 2 Linear 64\!"
2421,quantitative,"\!64; SiLU; LayerNorm (B,V,64) (B,V,64) 4288 \\ Gate output Linear 64\!"
2421,quantitative,"\!1; sigmoid (B,V,64) (B,V,1) 65 \\"
2426,quantitative,Total -- -- -- 11905 \\
2435,quantitative,The selected validation checkpoint occurs at epoch 15 with ROI RMSE 1.1122.
2435,quantitative,"Its mean gate value is 0.2153, its 95th percentile is 0.6514, and 12.36\% of vertices have g(v)>0.5."
2435,comparative_claim,"Relative to the fixed blend, the gate reduces RMSE by 0.5\%, but increases new flips by 17.6\% and edge strain by 3.1\%."
2441,narrative,The training history also shows that no recorded checkpoint satisfies the soft orientation budget.
2441,quantitative,"At the selected checkpoint, the relative violation is 1.1619."
2441,narrative,"Soft geometric supervision can influence the admission pattern, but it cannot provide a per-output guarantee."
2441,comparative_claim,"This is a useful negative result, not a failed gate: learned spatial admission improves reconstruction, but the same mechanism does not establish the discrete fold condition required at deployment."
2450,quantitative,figures/final/fig_4_6_stage3_gate_evidence.pdf
2453,quantitative,"(a,b) The dashed line and open circle identify the selected validation epoch; positive relative violation means that the soft budget is not satisfied. (c) Change from the fixed =0.1 blend."
2459,implementation_claim,The aggregate comparison does not by itself establish that admission is spatial. therefore maps the same validation predictions per vertex.
2459,narrative,"The neural proposer places residual magnitude across the ROI, whereas the gate and the admitted correction concentrate along the dorsum--tip column."
2459,comparative_claim,The anchor-relative effect is positive over much of that central region but negative around parts of the lateral and lower boundary.
2459,implementation_claim,"The gate is thus selective rather than uniformly beneficial, which explains both the small aggregate RMSE gain and the remaining need for a hard geometric certificate."
2470,quantitative,figures/final/fig_4_7_stage3_spatial_mechanism.pdf
2473,comparative_claim+implementation,"4\,830 validation pairs. (a) Mean proposed residual magnitude E[\|R_v\|], where R=N-A. (b) Mean admission gate E[G_v]. (c) Mean anchor-relative effect E[e_A(v)-e_ raw(v)]; positive values indicate improvement over the anchor. (d) Mean admitted residual magnitude E[\|G_vR_v\|] before certificate projection."
2473,narrative,Cyan circles mark the nine exact handles.
2485,narrative,"Spatial admission extracts more residual accuracy than global blending, but the learned constraint remains statistical."
2485,quantitative,Stage 4 keeps the gate for local admission and applies a deterministic projection to enforce the deployment condition.
2496,narrative,"For a displacement field D, let K( D) be the set of ROI faces whose orientation is reversed relative to the source mesh."
2496,implementation_claim,The certificate returns
2500,narrative,D_ cert = _ fold \! ( D_ hard; D_R ) such that K( D_ cert) K( D_R).
2508,narrative,This is an anchor-relative guarantee: the learned pathway may not introduce a fold on a face that remains unfolded under Ridge.
2511,narrative,The projection first zeros the residual at the nine handles.
2511,quantitative,"Starting with unit retention, it repeatedly identifies faces newly folded relative to Ridge and multiplies the retention of their incident vertices by 0.75."
2511,narrative,Exact handles are reimposed after each update.
2511,quantitative,The local phase runs for at most 64 iterations with no neighbourhood smoothing.
2511,quantitative,"If it does not certify, a 1001-point uniform residual scale is searched from 1 to 0."
2511,narrative,"The zero endpoint reproduces Ridge, so a certified endpoint always exists."
2519,quantitative+implementation,rfredrawindex8 Algorithm 4.1 --- Hard ridge-relative fold certificate
2524,quantitative,"On the 4\,830 validation pairs, certification changes RMSE only from 1.112194 to 1.112320 while reducing new flips from 0.5579\% to 0.2513\%."
2524,narrative,The fold-subset condition holds for every pair.
2524,quantitative,"Mean residual retention is 99.17\%, the median local iteration count is 13, and the mean is 13.38."
2524,quantitative,All validation pairs certify on the local path; the 1001-point uniform search is retained only as a guaranteed fallback.
2524,narrative,"Together, the iteration and retention distributions show that certification is typically achieved through limited local intervention rather than by collapsing the prediction towards the Ridge endpoint."
2535,quantitative+implementation,figures/final/fig_4_8_stage4_certificate_evidence.pdf
2538,quantitative,"4\,830 validation pairs. (a) Change from Ridge before and after projection. (b) Local projection iterations. (c) Residual retention."
2538,quantitative+implementation,The certificate rate is 100\%.
2546,implementation_claim,The certificate converts the gate's soft regularity objective into a deterministic deployment condition at negligible accuracy cost.
2546,implementation_claim,"The completed pipeline therefore assigns one role to each component: Ridge supplies the reference field, the conditional neural field supplies a proposal, the gate performs spatial admission, and the certificate enforces the final fold-set condition."
2546,narrative,The held-out comparison against external methods is reported in .
2555,implementation_claim,The certificate does not claim absolute injectivity.
2555,narrative,It establishes a partial order between the refined field and its matched Ridge reference.
2555,implementation_claim,"The contribution is the composition of learned spatial admission with a monotone, anchor-relative projection whose safe endpoint is the field used by the runtime."
2568,quantitative,"rfredrawindex9 Fig 5.1 --- Evaluation protocol (REDRAW; replaces figure\_5\_1\_evaluation\_protocol.pdf, merges rffigModular, 2 1) Claim: the evidence is legitimate by construction---identity-disjoint split, 9900 primary / 4830 validation ordered pairs, one shared control interface for all eight methods (``same anchor, swap module''), one metric triple, and hash-verified artefacts with no test-informed tuning (prerequisite for all RQs).\\ Style: Benjamin-Teoh vector language---cylinders = held-out data, four horizontal group frames: Data / Methods / Metrics / Release.\\ Composition: Data frame: FaceScape identity-disjoint split tree (train 576 / val 70 / test 100), annotated 9900 and 4830 ordered pairs."
2568,narrative,"Methods frame: eight method boxes sharing one input interface, modularity note ``same anchor, swap module''."
2568,quantitative,Metrics frame: three metric symbol boxes (strict free-ROI RMSE; target-relative new flips; edge-strain p_95).
2568,quantitative,"Release frame: sha-256 cylinder + ``single test unlock, no test-informed tuning''.\\ Data: protocol records in REPO/results/rbsr\_final\_rerun\_holdout\_v1/; counts must match REPO/docs/final\_tables/README.md. : system illustration (protocol)."
2568,quantitative,See figure\_redraw\_inventory.md Fig 5.1.
2591,quantitative,"identity-disjoint train/validation/test split fixes 100 held-out test identities, which form 100 99=9900 ordered source--target pairs on the registered ROI, with the target used only to define benchmark truth. (b) Independent method lanes: the proposed certified RB-SR is evaluated alongside its ridge anchor and Hybrid ablation, the CVAE-only baseline, the Laplacian, bi-Laplacian and ARAP geometric baselines, and the retrained LAMM strong baseline, each run without knowledge of the others through one shared control interface. (c) Common evidence: every lane is scored on the same battery---accuracy (strict free-ROI RMSE), regularity (normal flips and edge-strain p_95), and a regional breakdown over root, dorsum, tip and alae. (d) Paired inference: identity-level paired differences are tested with the Wilcoxon signed-rank test and bootstrap 95\% confidence intervals, Holm-corrected within the frozen primary and secondary families and reported with effect sizes and win rates, then stress-tested for control-noise robustness and failure localisation."
2591,narrative,"A cross-cutting reproducibility layer fixes the split, seeds, code, packages and pair-level records."
2612,narrative,The evaluation answers a practical question: which deformation engine should be trusted inside an interactive rhinoplasty-preview prototype?
2612,narrative,Rhinoform is not intended to be a benchmark viewer that exposes every tested method to the user.
2612,implementation_claim,"Instead, the eight-method comparison is used to understand the design space and to determine which methods deserve a role in the final runtime."
2612,narrative,"The prototype therefore deploys only the two methods with distinct interaction value: Ridge as the immediate real-time editor and fallback, and certified RB-SR as the main personalised enhanced preview. summarises the end-to-end protocol the rest of this chapter follows, read left to right: an identity-disjoint FaceScape split feeds independent method lanes, all lanes are scored on one common evidence battery, and every comparison is resolved by identity-level paired inference before the whole procedure is released under a single reproducibility guarantee."
2626,narrative,"The chapter's narrative is deliberately staged, and each stage carries an explicit evidence tier."
2626,quantitative,"Primary evidence is the PCA-64 held-out test protocol, unlocked exactly once on the 9\,900 held-out pairs; it supports every headline claim."
2626,narrative,Validation evidence is used for component diagnosis and operating-point selection before held-out evaluation.
2626,quantitative,Post-hoc evidence---the PCA-128 capacity study and the diagnostic breakdowns---was produced after the primary analysis and can generate hypotheses but cannot strengthen confirmatory claims.
2626,narrative,Supplementary evidence covers conformance and reproducibility checks on the released artefacts.
2626,quantitative,"The staging of the results follows the same logic: certified RB-SR is first placed against the classical and direct-generation baselines (), then against the strong learned baseline LAMM (), then the post-hoc PCA-128 study asks what changes when anchor capacity is unlocked (), and only then is the overall accuracy--regularity trade-off adjudicated ()."
2651,narrative,"All comparisons in this chapter run on the benchmark instantiation of the sparse-control dense-deformation task formalised in : ordered source--target identity pairs supply a measurable dense target, the nine landmark displacements act as hard controls, and scoring is restricted to the free ROI vertices."
2651,narrative,"This section fixes the remaining experimental contract --- the held-out data split, the compared methods, the metric set and the statistical decision rule --- so that every later result is read against one fixed protocol."
2663,narrative,"FaceScape is used because its registered topology makes the per-vertex error and risk metrics exact by index correspondence (), and it provides enough identities to run an identity-disjoint, all-pairs evaluation protocol instead of cherry-picked edits."
2663,quantitative,The dataset construction starts from 847 FaceScape identities.
2663,quantitative,"One identity (subject 832) lacks a usable neutral-expression mesh and is removed, leaving 846 valid identities in the parent pool."
2663,quantitative,"For the final confirmation rerun, the 100 identities in the previously observed parent test set are first excluded, leaving 746 eligible identities."
2663,quantitative,"The frozen confirmation manifest then orders identities by ascending SHA256(schema \_id) with split\_seed=20260809 and assigns test, then validation, then training: 100 confirmation-test, 70 validation and 576 training identities."
2663,narrative,"This final split is therefore hash-ordered, not PCA-stratified."
2663,narrative,It is fixed before confirmation training and is never re-drawn or tuned on confirmation-test performance.
2663,quantitative,No identity that appears as a source or target in the 9900 final test pairs occurs among the training or validation identities.
2663,quantitative,"Any identity-level statistic used as a model input---in particular the 64-dimensional source-PCA code---is fit on the 576 training identities only, so the split is leakage-free at both the pair and feature level."
2663,quantitative,"The final test set yields all 100 99=9900 ordered source--target pairs as the canonical strict evaluation set, and the validation set yields all 70 69=4830 ordered pairs."
2687,quantitative,"One boundary of this design is declared rather than hidden: the 100 test identities are excluded from the final retrain, but they were not historically untouched during earlier development of the project, and no independent external test set exists."
2687,narrative,"The reported result is therefore internal identity-disjoint confirmatory evidence---stronger than a tuned validation number because the held-out test chain was unlocked exactly once, but one tier below external validation, and every claim in this dissertation is scoped to that tier ()."
2687,narrative,The ROI is partitioned into the five anatomical sub-units of .
2687,narrative,"This partition is essential for evaluation because average ROI RMSE and geometric risk do not localise to the same regions: root/dorsum are often accuracy-hard but flip-safe, while tip and alae carry much of the flip risk."
2705,narrative,The compared methods cover three roles.
2705,quantitative,"External baselines are faithful re-implementations of deformation mechanisms already established in the nasal-editing and 3D-face literature surveyed in (Laplacian and bi-Laplacian , ARAP , CVAE-only , and the localized neural 3DMM editor LAMM , retrained from scratch on the identity-disjoint training split)."
2705,narrative,"They are run under the identical ROI topology, control encoding and metric set as the proposed methods."
2705,narrative,"Because no prior system has been evaluated on this FaceScape sparse-control protocol, they stand for documented mechanisms, not for the published results of any specific system, so the comparison is mechanism-level by design."
2705,narrative,"The matched internal reference and ablations are the ridge-only reference, hybrid residual and gate variants: they explain why the proposed method has an anchor, a residual proposal and an admission layer."
2705,narrative,"The proposed operating point is certified RB-SR, with the ridge anchor as its conservative fallback."
2720,narrative,Why exactly these five external baselines.
2720,narrative,Each baseline is a faithful re-implementation of one deformation principle that the related-work survey () identifies as a way to turn sparse handles into a dense ``after'' nose.
2720,narrative,"Together they span the field's three paradigms---classical geometric propagation, direct neural generation, and localized neural shape-space editing---and bracket the accuracy/regularity plane, so that any win by the proposed method cannot be attributed to a missing or straw-man comparator."
2720,narrative,"Each is a fair comparator because it is run under the identical ROI topology, identity split, control encoding and metric set as RB-SR; the only thing that varies is the deformation mechanism."
2720,narrative,"All five appear in the headline benchmark () and the sub-unit decomposition (); the noise-robustness study () focuses on the decision-relevant quartet (anchor, certified RB-SR, LAMM, ARAP); the classical baselines keep their own diagnostic packs in ; and the LAMM comparison receives its own staged analysis in ."
2739,narrative,Represents the membrane/minimal-surface tradition of sparse-handle mesh editing .
2739,narrative,It is a fair comparator because it is the canonical way to diffuse a few landmark displacements smoothly across a surface.
2739,narrative,In the evaluation it tests whether a generic smoothness prior is sufficient for face-specific nasal response.
2739,narrative,Represents the thin-plate/curvature-minimising end of the same family.
2739,narrative,It is included to test the intuition that a smoother field is automatically a safer or more faithful nasal preview.
2739,narrative,"The evaluation measures that assumption directly through RMSE, normal-flip and edge-strain metrics."
2739,narrative,"Represents the shape-preserving, detail-retaining end of geometry processing ."
2739,comparative_claim,"It is the conservative geometric comparator: if a method improves accuracy by allowing non-rigid residuals, ARAP shows the regularity cost against a strong local-rigidity prior."
2739,narrative,"Represents the recent move to generate the dense ``after'' shape directly with a deep conditional model , with no linear anchor."
2739,implementation_claim,It is the essential learning baseline because it tests the direct-generator alternative to an anchored pipeline.
2739,narrative,Its role is to separate the value of learned capacity from the value of source-conditioned anchoring and residual admission.
2739,narrative,"Represents the state-of-the-art localized shape-space frontier surveyed in , and is included following examiner feedback recommending a comparison against this research line."
2739,narrative,"Because its published checkpoint is trained on a different corpus, LAMM is retrained from scratch on the identity-disjoint split, with its manipulation patches instantiated as the five nasal sub-units and the nine benchmark landmarks supplied as its control set, and evaluated under the identical strict scorer."
2739,comparative_claim+implementation,It is the strong accuracy comparator: it asks whether a modern region-controllable mesh autoencoder simply dominates the anchored pipeline.
2772,narrative,The remaining members of the localized-editing family---ShapeFusion's masked diffusion editor and the implicit localized head models NPHM and ImHead ---are acknowledged but not run in this round.
2772,narrative,"Their obstacle is representational: the implicit models abandon the fixed topology on which the index-exact metrics depend, so a faithful comparison requires a registration bridge whose error would contaminate the scorer, and ShapeFusion requires a sampling-budget convention for its stochastic outputs. specifies the adaptation protocol under which each becomes commensurable; with LAMM already measured, these remain the next tier rather than the first."
2783,implementation_claim,"Against these four, the proposed family is organised as a derivation rather than a menu: ridge-only is the internal backbone ablation, ridge plus a globally admitted residual is the unsafe residual ablation, and RB-SR is the accuracy-oriented gated-residual method the runtime ships. records these roles; the quantitative evidence for each is reported in ."
2795,narrative,span three deformation paradigms; the internal rows are the ablation chain that derives RB-SR.
2800,narrative,Method Evaluation role Question tested \\
2802,narrative,Laplacian External geometric baseline (smooth propagation) Is first-order smooth propagation enough for sparse nasal editing?
2802,comparative_claim,\\ Bi-Laplacian External geometric baseline (higher-order smoothness) Does higher-order smoothness improve fidelity or regularity?
2802,narrative,\\ ARAP External geometric baseline (local rigidity) What is the conservative local-rigidity endpoint?
2802,implementation_claim,\\ CVAE-only External learning baseline (direct generation) Can direct nonlinear generation replace an anchored pipeline?
2802,comparative_claim+implementation,\\ LAMM External strong baseline (localized neural editing) Does a modern region-controllable mesh autoencoder dominate the anchored pipeline?
2802,narrative,\\ Ridge anchor Internal backbone ablation How strong is the stable source-conditioned sparse-to-dense estimate?
2802,quantitative,\\ Hybrid =0.1 Residual ablation Is there learnable residual signal beyond the anchor?
2802,narrative,"\\ Certified RB-SR Proposed certified gated-residual method Can residual admission be spatially controlled under risk budgets, with a hard fold guarantee?"
2813,narrative,The methods frame of the protocol figure () contrasts the two sides of this taxonomy visually.
2813,implementation_claim,"The five external comparators sit apart as independent deformation principles, while the proposed family is a single progression: the source-conditioned ridge anchor (which contains the source PCA basis rather than treating it as a separate later stage) is extended by the CVAE residual to form the Hybrid, the Hybrid is gated to form the raw refinement, and the certificate projection completes certified RB-SR."
2813,implementation_claim,"Reading the proposed row left to right therefore recovers the ablation chain---anchor, then +residual, then +gate, then +certificate---that the evaluation uses to attribute every gain."
2829,quantitative,"Accuracy is measured by strict free-ROI RMSE over the 3925 free ROI vertices, in uncalibrated FaceScape units; the nine hard-constrained landmarks are excluded because their error is forced to zero."
2829,narrative,"The same error is decomposed by nasal sub-unit (radix, dorsum, tip and left/right alae) in ."
2829,quantitative,Regularity is measured by new normal-flip percentage and edge-strain p_95.
2829,implementation_claim,The benchmark and runtime quantities have different scopes.
2829,narrative,ROI RMSE and target-relative new-flip percentage require a registered target and are therefore evaluation-only.
2829,narrative,"At run time, edge strain and the control-scale applicability statistic are source-computable, while fold control is enforced relative to the Ridge anchor rather than to an unavailable target."
2840,narrative,expands the metric definitions used by the main benchmark and diagnostic tables.
2840,narrative,"The strict protocol is intentionally conservative about sparse controls: landmark vertices are hard-fixed before scoring, so accuracy is judged on the free ROI vertices."
2853,narrative,Metric Definition Scope / interpretation \\
2855,quantitative,ROI RMSE 1| V_ free| _v V_ free\| d_v- d_v\|_2^2 Strict free-vertex RMSE over 3925 non-landmark ROI vertices.
2855,quantitative,\\ Landmark RMSE 19 _v L\| d_v- d_v\|_2^2 Sanity check after hard-fixing the nine controls; expected to be zero.
2855,quantitative,"\\ Edge-strain p_95 p_95 ( |\|( s_i+ d_i)-( s_j+ d_j)\|_2-\| s_i- s_j\|_2 | (\| s_i- s_j\|_2,10^-12) ) 95th percentile relative edge-length change over ROI mesh edges."
2855,quantitative,"\\ New normal-flip \% 100 |\f: _f( s, y)<0 _f( s, y_ tgt) 0\|| F| Target-relative model-induced fold percentage; target-intrinsic folds are not charged to the method."
2874,quantitative,"All comparisons are made between a method and the ridge\,+\,source-PCA baseline on per-identity aggregates rather than on the 9900 raw pairs: each metric is first averaged within an identity and the method-baseline difference is formed per identity, so the analysis unit is the identity and pairs sharing an identity are not treated as independent."
2874,quantitative,"For every method metric comparison the protocol reports (i) a paired two-sided Wilcoxon signed-rank test on the source-identity differences, (ii) a percentile bootstrap 95\% confidence interval (10,000 resamples) , and (iii) the paired effect size Cohen's d_z together with the identity-level win rate."
2874,comparative_claim,"Because metric error can be clustered by either source or target identity, the bootstrap interval is computed under both clusterings, and a difference is declared directional (``improved''/``worse'') only when both clusterings agree in sign; the target clustering thus acts as a robustness check on the source clustering."
2874,narrative,Multiplicity is controlled separately within the frozen primary and secondary families by Holm--Bonferroni adjustment of the Wilcoxon p-values .
2874,narrative,The primary family is certified RB-SR versus its matched Ridge anchor across six metrics.
2874,quantitative,"Certified RB-SR versus LAMM is a secondary direct six-metric family, and all seven non-Ridge methods versus Ridge form a separate secondary 42-comparison family."
2874,comparative_claim,A comparison is reported as significant only when its within-family Holm-adjusted p<0.05 and the dual-clustering direction agrees.
2874,comparative_claim,"For all reported metrics lower is better, so a negative difference favours the method."
2874,comparative_claim,Effect sizes and operating-point trade-offs are reported alongside p-values because a statistically significant difference can still be too small to matter for a consultation tool.
2900,narrative,summarises the statistical contract that is applied to the committed pair-level metric files.
2911,narrative,Item Pre-specified protocol \\
2913,narrative,Evaluation unit Ordered source-target identity pair.
2913,narrative,\\ Primary aggregation Pair metrics are averaged within source identity before paired comparison.
2913,narrative,\\ Sensitivity aggregation Target-identity bootstrap is also reported as a dependence check.
2913,quantitative,\\ Bootstrap Percentile bootstrap with n=10000 resamples.
2913,narrative,\\ Primary paired test Two-sided Wilcoxon signed-rank test on source-identity paired differences.
2913,narrative,\\ Effect size Cohen's d_z on source-identity paired differences.
2913,narrative,\\ Primary multiplicity family Certified RB-SR versus matched Ridge across six frozen metrics; Holm--Bonferroni correction over six tests.
2913,quantitative,"\\ Secondary families Certified RB-SR versus LAMM across six metrics; separately, seven non-Ridge methods versus Ridge across six metrics (42 tests)."
2913,comparative_claim,\\ Direction convention All metrics are lower-is-better; negative method-minus-baseline difference means improvement.
2913,narrative,\\ Baseline for paired tests Source-conditioned ridge anchor.
2913,narrative,\\ Strict protocol Landmarks hard-fixed before scoring; ROI RMSE excludes landmark vertices; normal-flip \% is target-relative new flip.
2933,quantitative+implementation,"With the full RB-SR pipeline derived in Chapter 4, the pre-specified protocol scores seven benchmark methods and the internal Hybrid ablation once on the 9\,900 held-out pairs, and the results are read in the staged order announced in ."
2933,implementation_claim,"This section settles the first stage: how does the certified pipeline fare against the classical geometric editors, the direct neural generator, and its matched internal reference and residual ablation?"
2933,narrative,The strong learned baseline LAMM appears in for completeness---the table is a single committed artefact---but its analysis is deliberately deferred to .
2933,implementation_claim,"The predeclared primary hypothesis of the entire evaluation is intentionally modest and internal: certified RB-SR must beat its own matched ridge anchor on ROI RMSE without increasing target-relative new flips, with the certificate holding on every pair."
2933,quantitative+implementation,"That hypothesis passes: RMSE falls from 1.0739 to 1.0599 (-1.30\%) and new flips fall from 0.332\% to 0.227\% (-31.6\%), with the fold-subset certificate satisfied on all 9\,900 pairs."
2933,narrative,"On registered FaceScape topology every identity shares a vertex indexing, so per-vertex RMSE is the exact, correspondence-aware error; Chamfer/nearest-neighbour distances are unnecessary here because they discard the known correspondence and are strictly less informative."
2933,narrative,"We report uncalibrated FaceScape units rather than millimetres, consistent with ."
2933,narrative,"ROI RMSE here measures how faithfully the learned sparse-to-dense map reconstructs the dense nasal deformation of unseen identities, i.e.\ whether the population-level control shape regularity generalises rather than overfits."
2960,comparative_claim,"Against the external comparators of this stage, certified RB-SR at ROI RMSE 1.0599 is 35\% lower than Laplacian (1.6420), 38\% lower than ARAP (1.6969), 47\% lower than bi-Laplacian (2.0071) and 20\% lower than the direct CVAE generator (1.3195), while simultaneously recording fewer target-relative new flips than any of them except ARAP."
2971,quantitative,"ablation under the strict protocol (100-id held-out test, 9\,900 ordered pairs, primary PCA-64 configuration)."
2971,narrative,Only the global metrics defined in are shown; per-sub-unit accuracy and risk are reported in .
2971,comparative_claim,Best per column in bold.
2971,narrative,The LAMM row is analysed separately in .
2980,quantitative,"method ROI RMSE edge-strain p_95 new-flip\,\% \\"
2982,quantitative,Laplacian 1.6420 0.1779 0.560 \\ bi-Laplacian 2.0071 0.2830 1.488 \\ ARAP 1.6969 0.0617 0.054 \\ CVAE-only 1.3195 0.2388 1.352 \\ Ridge anchor 1.0739 0.2034 0.332 \\ Hybrid =0.1 1.0654 0.1950 0.442 \\ Certified RB-SR (proposed) 1.0599 0.2035 0.227 \\ LAMM 0.9715 0.3196 0.879 \\
2995,narrative,"The primary paired inference is run directly on certified RB-SR against its matched Ridge anchor, on identity-level aggregates with Holm--Bonferroni correction over the frozen six-metric primary family ()."
2995,comparative_claim,"The primary differences are decisive: ROI RMSE improves with Holm-adjusted p 5.5 10^-13, Cohen's d_z=-0.97 and a 93\% identity-level win rate; target-relative new flips improve with Holm-adjusted p 2.3 10^-17, d_z=-2.51 and a 100\% win rate; and both source- and target-clustered bootstrap intervals agree in sign."
2995,quantitative,"One metric is honestly unresolved: the edge-strain p_95 difference against the anchor is +0.00012 units (Holm-adjusted p=0.198), too small for the stored procedure to resolve in either direction."
2995,quantitative,The nine hard-constrained landmarks have RMSE =0 by construction.
2995,quantitative,"Edge-strain p_95 is the 95th percentile of the per-edge engineering strain _e=|\,l_e^def-l_e^src|/l_e^src; its role as an ordinal surface-stretch screen is defined and bounded in . visualises the paired effect sizes and uncertainty; the later operating-point figure places those internal gains against the external methods."
3015,quantitative,figures/eval_review_v3/eval_00_primary_paired_effects_review_v1.pdf
3018,quantitative,source-identity percentile-bootstrap 95\% intervals; negative favours certified RB-SR.
3018,narrative,"Holm adjustment applies to the predeclared six-metric primary family, not to the intervals."
3018,narrative,"ROI, dorsum and tip RMSE and target-relative new flips pass the stored decision rule."
3018,quantitative,"The edge-strain interval crosses zero and its Holm-adjusted p=0.198, so that difference remains unresolved."
3018,narrative,The zero landmark-RMSE sanity check is omitted.
3027,narrative,Two readings of the non-LAMM rows drive the rest of the chapter.
3027,comparative_claim,"First, the geometric editors are regular but not accurate: ARAP is the best method on both regularity columns (lowest edge-strain and lowest flips), yet its ROI RMSE is 60\% higher than certified RB-SR's."
3027,narrative,A generic smoothness/rigidity prior can move vertices cleanly but does not know how a specific nose should respond to a sparse edit.
3027,quantitative,"Second, the direct CVAE generator is the opposite extreme: its flexibility is in fact more accurate than every geometric baseline (ROI RMSE 1.3195 vs.\ 1.6420--2.0071), confirming a learned map captures dense response generic geometry misses---but it pays with far worse regularity (1.352\% flips), so an unconstrained nonlinear generator is not the answer either."
3027,narrative,Each prior is strong on one axis and weak on the other.
3027,narrative,"That certified RB-SR does not win every column---ARAP legitimately wins regularity, and LAMM will be seen to win raw accuracy---is deliberate evidence that the metric set is the field-standard ``accuracy + geometric regularity'' pairing applied identically to all methods, not a set tuned to flatter the proposed method."
3045,narrative,arbitrarily: they instantiate the three deformation paradigms that recur across .
3045,narrative,"The geometric-propagation family (Laplacian, bi-Laplacian, ARAP) represents the smoothness/rigidity mesh-editing tradition that also underlies volumetric-Laplacian surgical planners such as Liao's ; the CVAE represents the recent move toward directly generating the ``after'' shape with deep generative models ; and LAMM represents the localized neural shape-space frontier of ."
3045,narrative,The benchmark therefore spans the main families identified in related work under one controlled protocol.
3045,narrative,They are faithful re-implementations of deformation mechanisms (); they are not the commercial or clinical systems of .
3045,narrative,"Systems such as VECTRA, Crisalix, Liao's planner and Topsakal's web tool use different data, metrics and (often calibrated) units, so no system-level numeric comparison is possible."
3045,narrative,"The comparison here is therefore deliberately mechanism-level and protocol-controlled, which is precisely the gap identified in ."
3045,narrative,Design consequence for Rhinoform.
3045,comparative_claim,"The headline confirms, at the level of the full external comparison, what the derivation already argued mechanism-by-mechanism: there is no single hidden ``best render''."
3045,narrative,"Generic geometry is too inaccurate and a free neural generator too unstable; what the platform needs, and what the derivation produced, is an auditable, data-aware anchor with a controlled residual correction on top."
3045,comparative_claim,The next section proves that this derived object is also the best deployable operating point.
3072,narrative,"The per-baseline distributional evidence supports three method-level readings, with the consolidated spatial and regional-tail comparison in ."
3072,narrative,"ARAP provides the strongest regularity endpoint among the external geometric baselines, with the lowest incidence of newly introduced normal flips and comparatively restrained edge distortion; its regional error nevertheless remains consistently elevated, showing that geometric regularity alone does not recover the identity-specific dense nasal deformation the personalised sparse-to-dense task requires."
3072,comparative_claim,"Bi-Laplacian propagation shows that increasing smoothness does not improve either accuracy or geometric safety: it is dominated by the other geometric baselines on aggregate error, and its regional and tail profiles localise severe distortions to the high-curvature nasal sub-units, ruling it out as either a prediction method or a regularity-oriented fallback."
3072,narrative,"Laplacian propagation sits between the two: markedly more stable than bi-Laplacian and free of its worst tail failures, but with regional error well above the data-aware methods---a useful identity-agnostic middle baseline that cannot infer the dense, source-specific nasal response from sparse landmark controls."
3092,quantitative,figures/eval_review_v3/eval_04_classical_spatial_tail_review_v1.pdf
3095,narrative,The first two columns show mean per-vertex error and target-relative new-flip frequency under shared column scales.
3095,narrative,The face-level flip frequency is displayed at vertices by the mean over incident faces; this operation is used only for spatial visualisation and does not change the face-level benchmark scorer.
3095,quantitative,The right column reports the mean and p_95 pairwise RMSE across the five registered nasal sub-units.
3095,narrative,"ARAP defines the low-flip but inaccurate endpoint, Laplacian is intermediate, and bi-Laplacian exhibits the strongest spatial and regional tails."
3115,narrative,The first stage established that certified RB-SR clearly beats generic geometry and unanchored generation.
3115,narrative,The natural objection is that those are not the strongest available learned competitors.
3115,quantitative,"This section answers it with LAMM , the localized neural 3DMM editor whose sparse-control interface is closest to the present task, retrained from scratch on the identity-disjoint split under the adaptation described in and scored by the identical strict protocol on the same 9\,900 pairs."
3124,narrative,The result is a genuine split decision rather than a win for either side.
3124,comparative_claim,"LAMM attains the lowest ROI RMSE of any evaluated method (0.9715 against certified RB-SR's 1.0599, a +0.0884 deficit for RB-SR that the paired procedure resolves decisively in LAMM's favour, Holm-adjusted p 3.9 10^-16)."
3124,quantitative,"On the regularity axes the ordering reverses just as decisively: LAMM produces 0.879\% target-relative new flips---3.9 times certified RB-SR's 0.227\%---and an edge-strain p_95 of 0.3196 against 0.2035, both differences resolved in RB-SR's favour under the same Holm-corrected paired procedure (p 2.3 10^-17)."
3124,quantitative,"The sub-unit decomposition of sharpens the picture: LAMM's accuracy lead is broad, but its flip incidence concentrates exactly in the alar regions, where the benchmark fold incidence is highest, reaching 1.27\% and 1.37\% in the two alae, where certified RB-SR stays at 0.29\% and 0.38\%."
3124,narrative,The three headline values are retained in ; their joint accuracy--regularity position is shown in .
3124,narrative,A separate two-method bar chart would duplicate those two more informative summaries.
3142,narrative,Three consequences follow.
3142,implementation_claim,"First, the accuracy frontier of this task is now measured, not conjectured: a modern region-controllable mesh autoencoder does reconstruct held-out nasal deformation more accurately than the anchored linear-plus-residual pipeline, and the dissertation reports that plainly."
3142,implementation_claim,"Second, accuracy is not the axis on which LAMM would be deployed: its flip and strain behaviour is worse than every anchored configuration, and it exposes no fallback anchor, no admission boundary and no fold certificate, so its extra accuracy arrives without any of the machinery that argued a consultation preview requires."
3142,narrative,"Third, the comparison raises a fair question the staged narrative must answer before adjudicating the trade-off: is RB-SR's accuracy deficit intrinsic to the certified architecture, or an artefact of the deliberately rationed anchor capacity?"
3142,narrative,That is the question the post-hoc capacity study addresses next.
3156,narrative,The stage-wise validation evidence is reported with the method derivation in ; the capacity question can therefore be asked here about the correct component without repeating the selection evidence.
3164,quantitative,"This section carries the post-hoc evidence tier defined in , and every claim in it is bounded accordingly: the study was designed after the primary test unlock, so it can generate hypotheses about capacity but cannot strengthen or replace the PCA-64 primary analysis."
3170,quantitative,"The study holds the 9\,900 test pairs, strict scorer and LAMM outputs fixed, but changes several RB-SR components: the source basis grows from PCA-64 to PCA-128 with the ridge penalty re-selected on validation ( =1), a deterministic proposer replaces the CVAE, and the gate calibration is re-selected on the validation set."
3170,quantitative,"The resulting certified RB-SR point records ROI RMSE 0.9153, new flips 0.7934\% and edge-strain p_95 0.2996---better than the LAMM on all three headline metrics (0.9715, 0.8787\%, 0.3196)."
3170,narrative,"Exploratory paired comparisons clustered separately by source and target identity pass the stored Holm-corrected three-metric procedure, but that correction does not account for the capacity search that preceded the study, which is precisely why the result is labelled post-hoc."
3183,narrative,Two readings keep the result honest.
3183,comparative_claim,"First, the operating point is effectively anchor-dominated: the PCA-128 gate has a mean admission of only 0.0021 and no vertex exceeds 0.5."
3183,implementation_claim,The study therefore supports a capacity-oriented hypothesis: a stronger anchor family can move the certified pipeline toward or beyond LAMM's accuracy frontier.
3183,narrative,"Because , the proposer and gate calibration also change, it does not isolate PCA dimension as the sole causal factor."
3183,comparative_claim,"Second, the higher-capacity point changes the regularity trade-off: new flips rise from the primary point's 0.227\% to 0.793\%."
3183,quantitative,"The PCA-128 point is thus a different position on the same accuracy--regularity frontier, not a free upgrade---and the primary PCA-64 configuration remains the deployed, blind-confirmed operating point."
3183,narrative,"Because this comparison contains only three configurations and three scalar metrics, is the complete presentation; a second bar-chart encoding would add no information."
3202,quantitative,(post-hoc evidence tier; the PCA-64 primary analysis is unchanged).
3202,quantitative,The PCA-128 certified RB-SR point leads the LAMM on all three headline metrics; the primary PCA-64 point is shown for reference.
3208,quantitative,"configuration ROI RMSE new-flip\,\% edge-strain p_95 \\"
3210,quantitative,LAMM 0.9715 0.8787 0.3196 \\ PCA-128 post-hoc certified RB-SR 0.9153 0.7934 0.2996 \\ PCA-64 primary certified RB-SR 1.0599 0.2269 0.2035 \\
3222,narrative,"With all three stages on the table---clear wins over the classical and direct-generation baselines, a split decision against LAMM, and a post-hoc capacity study showing the certified architecture can match LAMM's accuracy when capacity is unlocked---the remaining question is which operating point a consultation platform should actually ship."
3222,narrative,"This section adjudicates that question with the sub-unit, spatial, robustness and admission-boundary evidence."
3222,narrative,The sub-unit and spatial breakdowns below belong to the post-hoc diagnostic tier: they decompose the benchmark predictions without re-opening model selection.
3234,narrative,decomposes accuracy (post-hoc diagnostic tier).
3234,comparative_claim,"Among the anchored methods, certified RB-SR is the lowest-error configuration in every nasal sub-unit---root, dorsum, tip and both alae---so its global improvement over the anchor is not a single average hiding a weak region."
3234,narrative,"LAMM's accuracy lead is likewise broad, holding the lowest RMSE in every sub-unit; the decomposition confirms that neither result is a regional artefact."
3244,narrative,Lowest per column in bold; lowest anchored method per column in italic.
3249,narrative,method root dorsum tip alar\_left alar\_right \\
3251,quantitative,LAMM 1.283 0.947 0.718 0.950 0.891 \\ Certified RB-SR (proposed) 1.379 0.997 0.784 1.035 1.017 \\ Ridge anchor 1.386 1.018 0.816 1.041 1.028 \\ CVAE-only 1.728 1.192 0.981 1.306 1.267 \\ Laplacian 2.236 1.631 1.003 1.653 1.475 \\ bi-Laplacian 2.373 1.650 1.190 2.177 2.008 \\ ARAP 2.436 1.738 1.087 1.623 1.494 \\
3261,narrative,"Risk has the opposite spatial signature (): root and dorsum are essentially flip-free for every method, while tip and alae carry the risk."
3261,narrative,"Certified RB-SR records fewer new flips than every method except the regularity endpoint ARAP, and---critically for the LAMM adjudication---its alar flip incidence is roughly a quarter of LAMM's."
3261,narrative,"This is the same accuracy--regularity frontier as the headline, honestly reproduced per region."
3270,narrative,Lowest overall in bold.
3270,narrative,Certified RB-SR concedes flips only to the smoothness/rigidity endpoint (ARAP).
3275,narrative,method overall root dorsum tip alar\_left alar\_right \\
3277,quantitative,ARAP 0.054 0.000 0.000 0.039 0.076 0.092 \\ Certified RB-SR (proposed) 0.227 0.002 0.000 0.227 0.289 0.383 \\ Ridge anchor 0.332 0.003 0.003 0.307 0.440 0.556 \\ Laplacian 0.560 0.000 0.000 0.741 0.791 0.759 \\ LAMM 0.879 0.005 0.004 0.830 1.269 1.366 \\ CVAE-only 1.352 0.002 0.000 0.765 2.354 2.025 \\ bi-Laplacian 1.488 0.000 0.000 1.348 2.106 2.400 \\
3288,quantitative,rfredrawindex10 Fig 5.8 --- Five-subunit accuracy and fold-risk matrices
3292,narrative,(a) Registered five-subunit definition. (b) Free-vertex RMSE. (c) Target-relative new-flip frequency.
3292,comparative_claim,"LAMM has the lowest RMSE in each sub-unit, whereas certified RB-SR substantially reduces its tip and alar flip incidence."
3292,narrative,"Hybrid is omitted because it is an internal residual ablation analysed in , not an external baseline."
3292,narrative,"The regions are registered FaceScape subsets, not clinical claims."
3303,narrative,"The UI must make regional risk visible, especially for tip and alar edits, rather than reporting one global confidence."
3307,implementation_claim,"The spatial maps turn the aggregate numbers into anatomical structure. compares the four methods that define the principal operating points: the Ridge reference, certified RB-SR, the accuracy endpoint LAMM and the regularity endpoint ARAP."
3307,narrative,The top row localises mean vertex error; the bottom row localises target-relative new flips.
3307,narrative,Shared row scales and a common projection make the patterns directly comparable.
3314,quantitative,rfredrawindex11 Fig 5.4 --- Four-method spatial diagnostics
3318,quantitative,"operating-point-defining methods over the 9\,900 primary pairs."
3318,narrative,Top: mean per-vertex error.
3318,narrative,Bottom: target-relative new-flip frequency mapped to each vertex by the mean over its incident faces.
3318,narrative,This aggregation is for spatial display only and does not alter the face-level benchmark scorer.
3318,narrative,"Each row uses one shared colour scale; all panels use the same projection, extent and point size."
3318,narrative,Cyan markers denote the nine constrained landmarks.
3329,comparative_claim+implementation,"Qualitative cases are selected deterministically from the held-out test outputs rather than curated: the protocol fixes six roles in advance---the median-RMSE pair, pairs near the 10th and 90th percentile of control magnitude, the pair with the highest certificate iteration count, the pair with the largest certified-RB-SR gain over the anchor, and, mandatorily, the worst certified-RB-SR failure relative to the best of Ridge and LAMM."
3329,implementation_claim,"The mandatory failure case carries the most important caveat of the whole qualitative audit: the certificate held on that pair while reconstruction error was nevertheless large, demonstrating concretely that the fold certificate bounds geometric degeneracy, not accuracy, and must never be read as an overall correctness signal."
3329,narrative,These cases are post-hoc diagnostics and do not reopen model selection. shows the two extreme roles; the remaining four appear in .
3344,quantitative,rfredrawindex12 Fig 5.10 --- Deterministic qualitative extremes
3348,narrative,"Each row shows the source, target, certified RB-SR prediction and per-vertex error on the same smooth-shaded surface. (a) Largest gain over Ridge. (b) Selected failure case."
3348,implementation_claim,"The second row demonstrates that the fold certificate bounds geometric degeneracy, not reconstruction error."
3357,comparative_claim,"The sub-unit and spatial-error results establish where RB-SR improves the dense prediction, but they do not yet explain the behaviour of the learned residual pathway."
3357,quantitative,The Stage 2 validation sweep supports one conclusion: the useful residual gain is small and a compact predictor remains subject to explicit geometric-risk control.
3363,narrative,Source conditioning is also visible directly.
3363,narrative,"In , the same nine-control vector is applied to four registered source noses."
3363,narrative,"The middle column shows the source-conditioned completion, while the final column isolates the vertex-wise contribution of the matched source code relative to the controls-only Ridge prediction."
3363,quantitative,The non-uniform response provides a qualitative counterpart to the matched/mean/shuffled source-code ablation in Stage 1.
3363,narrative,"This is evidence of source-conditioned behaviour within the observed cohort, not an accuracy comparison or a set of predicted surgical outcomes."
3374,quantitative,figures/eval_review_v3/eval_07_personalisation_scatter_review_v1.pdf
3377,narrative,vector is applied to four registered source noses.
3377,quantitative,"From left to right: source geometry, source-conditioned completion, and the conditioning contribution D_src(v)- D_ctrl(v) _2, where D_ctrl is the controls-only Ridge prediction."
3377,implementation_claim,"All panels use the same projection and extent; cyan points mark the nine controls, and the four contribution maps share one colour scale."
3377,narrative,The final column is not a target-error map.
3377,narrative,This diagnostic supports source-conditioned behaviour within the observed cohort but makes no ground-truth accuracy or surgical-outcome claim.
3389,implementation_claim,The gate and certificate panels in provide the corresponding vertex-level interpretation.
3389,narrative,"Gate activation is sparse, the admitted correction is local, and the final deformation remains close to the stable Ridge field."
3389,narrative,"This behaviour is consistent with the limited residual headroom established earlier: RB-SR is not required to replace the anchor with a free dense generator, but only to recover a small, predictable component of the remaining deformation."
3389,comparative_claim,"Where that correction is admitted anatomically is shown by the Stage 3 mechanism map in : the pattern is selective rather than uniform, with stronger correction along parts of the dorsum--tip column and reduced admission across higher-risk lateral and alar regions."
3401,narrative,"Together, these diagnostics show that RB-SR's advantage does not come from replacing the anchor with a larger opaque generator."
3401,narrative,It comes from combining a compact residual predictor with spatially selective admission.
3401,narrative,"The former estimates the limited recoverable correction, while the latter allocates that correction according to its predicted local benefit and geometric cost."
3408,narrative,"The residual pathway should remain small, local and subordinate to the Ridge anchor."
3408,comparative_claim,Model complexity is useful only when it improves the selected accuracy--regularity operating point; the essential contribution is the controlled anatomical admission of the residual correction.
3415,narrative,"With all stages established, the operating-point landscape is the synthesis. places the proposed method, its matched Ridge reference and the five external baselines on the accuracy--regularity plane."
3415,quantitative,"Hybrid is not plotted because it is the internal fixed-blend ablation used to derive the spatial gate in Chapter 4, not a separate benchmark competitor."
3415,quantitative+implementation,"Three vertices define the frontier: ARAP is the low-flip but inaccurate geometric endpoint; LAMM is the high-accuracy but high-risk learned endpoint; and certified RB-SR occupies a balanced frontier position---within 9\% of LAMM's accuracy while producing fewer new flips than every method except ARAP, with a fallback anchor, an applicability boundary and a hard fold certificate that neither endpoint offers."
3415,comparative_claim,CVAE and bi-Laplacian sit in the dominated high-risk corner.
3415,comparative_claim,Lower is better on both axes.
3415,narrative,"No single method wins both axes---which is why the contribution defended here is a justified operating point on a fair benchmark, not a universal winner."
3430,quantitative,rfredrawindex13 Fig 5.2 --- Accuracy--regularity operating points
3434,quantitative,"The horizontal axis is ROI RMSE, the logarithmic vertical axis is target-relative new-flip frequency, and bubble area denotes edge-strain p_95."
3434,narrative,"LAMM is the accuracy endpoint, ARAP the regularity endpoint, and certified RB-SR lies beside its Ridge reference between these extremes."
3434,narrative,Hybrid is omitted because it is an internal residual ablation.
3442,narrative,"A consultation tool should expose operating modes and risk language, not render the most aggressive after-image."
3446,narrative,A risk-aware core must keep its advantage when the sparse controls are imperfect.
3446,quantitative,"The control-noise study (post-hoc diagnostic tier) perturbs the nine controls with shared seeded Gaussian draws at levels 0, 0.25, 0.5 and 1.0 (three seeds, identical draws for every method), evaluates the 4\,830 validation pairs, and averages within pair before summarising."
3446,narrative,"Four methods span the decision space: the ridge anchor, certified RB-SR, the accuracy leader LAMM, and the regularity endpoint ARAP. and report the result."
3456,narrative,Two readings carry the section.
3456,narrative,"First, LAMM's accuracy lead is fragile."
3456,quantitative,"On clean controls LAMM is the most accurate method (1.0160 vs.\ certified RB-SR's 1.1123 on the validation pairs), but it degrades along the steepest slope of the study: by 0.5 noise units certified RB-SR has already overtaken it (1.1873 vs.\ 1.2348), and at 1.0 the gap widens to 1.3710 vs.\ 1.5938."
3456,quantitative,"Its flip incidence grows in parallel, from 0.856\% to 1.478\%."
3456,quantitative,"LAMM's accuracy lead persists at 0.25 noise but is lost by the 0.5 perturbation level, a relevant sensitivity for imperfect or off-distribution consultation controls."
3456,narrative,"Second, the anchored family is noise-stable, and the residual advantage shrinks as noise grows."
3456,quantitative,"Certified RB-SR remains below its own anchor at 0 and 0.25, and the two curves cross between 0.25 and 0.5 (1.1873 vs.\ the anchor's 1.1838): the learned correction that helps on clean controls is not robust to large input perturbation."
3456,implementation_claim,"This is precisely why the runtime ships the anchor as the synchronous default and admits the certified residual only as an asynchronous, revocable refinement."
3456,quantitative,ARAP keeps by far the fewest flips at every level (0.054\!
3456,quantitative,"\!0.292\%) while remaining the least accurate, completing the same trade-off triangle as the clean headline."
3476,quantitative,rfredrawindex14 Fig 5.9 --- Control-noise sensitivity
3480,quantitative,three shared seeds. (a) ROI RMSE. (b) Target-relative new-flip frequency. (c) Edge-strain p_95.
3480,quantitative,"LAMM leads on clean controls but is overtaken by certified RB-SR at noise level 0.5; the RB-SR and Ridge curves cross between 0.25 and 0.5, while ARAP retains the lowest flip rate."
3489,quantitative,"seeds, 4\,830 pairs, within-pair mean before summary; post-hoc diagnostic tier)."
3489,comparative_claim,Best per noise column in bold.
3489,narrative,"Flip is the target-relative new-flip\,\% of ."
3495,quantitative,"4cROI RMSE 4cnew-flip\,\% \\ (lr)2-5 (lr)6-9 method 0 0.25 0.5 1.0 0 0.25 0.5 1.0 \\"
3499,quantitative,Certified RB-SR (proposed) 1.1123 1.1320 1.1873 1.3710 0.251 0.266 0.306 0.453 \\ \;\;ridge anchor (ref.) 1.1249 1.1400 1.1838 1.3429 0.354 0.369 0.414 0.580 \\ LAMM 1.0160 1.0812 1.2348 1.5938 0.856 0.905 1.041 1.478 \\ ARAP 1.8070 1.8300 1.8964 2.1389 0.054 0.078 0.128 0.292 \\
3506,implementation_claim,"The anchor reference row also settles the platform's default: beyond moderate noise the anchor is the more accurate of the anchored pair, so the runtime's synchronous anchor-first design is not merely a latency convenience but the noise-robust choice. records the boundary conditions a limitation-aware platform should surface rather than hide."
3518,narrative,Method family Observed boundary condition Design response \\
3520,narrative,ARAP Very regular surfaces but off-target dense deformation.
3520,narrative,"Use as regularity reference, not default preview."
3520,narrative,\\ Bi-Laplacian Smoothness alone can fail both accuracy and safety.
3520,narrative,Do not equate smoother fields with safer morphology.
3520,narrative,\\ CVAE-only Accurate (beats geometry) but geometrically unstable: high new-flip rate.
3520,narrative,"Use neural capacity only as a gated residual, not a free generator."
3520,narrative,"\\ LAMM Most accurate on clean controls, but flip-prone in the alae and fragile under control noise."
3520,narrative,"Treat measured accuracy frontier as an upper bound, not a deployable point."
3520,comparative_claim,"\\ Unsafe residual proposal Mean RMSE improves, but alar flips increase, revealing a geometric cost."
3520,narrative,Admit residuals only through the RB-SR spatial risk budget.
3520,implementation_claim,\\ Certified RB-SR Gain is sparse and modest; the certificate bounds fold-over but does not detect large reconstruction error (see the mandatory worst case in the qualitative audit).
3520,implementation_claim,Present as controlled residual admission; pair the certificate with the accuracy read-out rather than presenting it as overall correctness.
3532,narrative,The admission boundary is supported at two levels.
3532,comparative_claim,The Stage 3 validation history shows that the spatial gate improves RMSE but does not satisfy the soft orientation budget.
3532,quantitative+implementation,"Stage 4 therefore gives the boundary its structural form: the deployment decision is the hard ridge-relative fold certificate of , which held on all 9\,900 test pairs at 99.2\% mean residual retention."
3532,narrative,"The admission boundary is thus a validation-selected operating point completed by a per-pair hard guarantee, not a post-hoc table of non-canonical flip scores."
3543,comparative_claim+implementation,"Because source-PCA improves the anchor, the runtime is face-specific instead of a generic reference-nose warp."
3543,narrative,"Because the residual helps only with a measurable geometric cost, it is exposed as a certified asynchronous refinement rather than an unconditional update."
3543,implementation_claim,"Because risk concentrates spatially, the runtime recomputes the control-scale applicability statistic after every edit and resolves the certificate before any refined geometry replaces the anchor."
3543,narrative,"Because ARAP shows that stronger geometric caution costs accuracy, and LAMM shows that stronger accuracy costs regularity, the tool does not pretend the most conservative and most accurate previews are the same object; caution is instead reached by resolving back to the ridge anchor."
3543,narrative,"The deformation mechanism the demo ships is therefore the synchronous ridge anchor plus the certified RB-SR refinement---the justified operating point of , with fewer new flips than the anchor itself."
3560,implementation_claim,The benchmark and runtime quantities serve different roles.
3560,narrative,ROI RMSE and target-relative new-flip rate require a registered benchmark target and are therefore evaluation-only measures.
3560,implementation_claim,"At run time, source-computable edge strain is displayed as a geometric read-out, the control-scale applicability statistic governs request admission, and the Ridge-relative fold certificate governs learned-residual admission. makes the correspondence explicit."
3560,narrative,"These quantities remain geometric proxies rather than calibrated clinical measurements; edge strain in particular is an ordinal surface-stretch read-out, not a tissue-tension value."
3574,narrative,Benchmark target-dependent quantities are not presented as live per-edit measurements.
3581,implementation_claim,Quantity Benchmark role Runtime analogue / action \\
3583,implementation_claim,ROI RMSE Dense target-relative fidelity No direct per-edit runtime value; no dense target exists for a user edit.
3583,implementation_claim,"\\ Target-relative new-flip\,\% Benchmark geometric degeneracy Ridge-relative fold certificate K(D_ cert) K(D_R)."
3583,quantitative+implementation,\\ Edge-strain p_95 Geometric stretch Descriptive runtime read-out; it does not itself trigger scale-back or withholding.
3583,narrative,\\ Control-scale Applicability relative to the evaluated control range Scale back or withhold an out-of-range request.
3591,narrative,"The practical translation is the accept/shrink/reject state machine in : over-ambitious edits are pulled back into the benchmark-calibrated envelope, so the patient and surgeon discuss a suitable design rather than a fantasy shape."
3599,narrative,Every claim so far is about the reference implementation; a final piece of evidence (supplementary tier) checks selected deployment invariants in the artefact a clinician would actually open.
3599,implementation_claim,"The released browser build is bound to the released models by content hash---the exported engine, gate and certificate parameters are the byte-identical artefacts of the release commit---and an executable verifier replays a fixed battery of cases through the browser engine and compares selected outputs and aggregates with stored reference goldens."
3599,quantitative,"The battery produces 51 PASS checks, covering the synchronous anchor path, the certified residual path, the applicability boundary decisions, the display/evaluation frame separation of , and the upload validation rules."
3599,quantitative+implementation,"The strictest numeric check is the certified path itself: the worst-case browser-versus-reference vertex deviation across the battery is 5.41 10^-7 model units, numerical-precision distance rather than implementation divergence."
3599,implementation_claim,These checks bind the browser inference assets and selected numerical outputs to their stored references; they do not erase the explicit display/evaluation-frame distinction of .
3599,implementation_claim,"The public replay tooling independently recomputes the release-level headline statistics from committed pair-level records, while full retraining requires the licensed dataset and is documented as such ()."
3623,narrative,A platform claim is only credible if its implementation is inspectable where it is meant to run. therefore reports only constants and cost records present in the current release metadata.
3623,implementation_claim,"No public committed record supports a GPU-memory figure or an end-to-end browser-latency distribution, so neither is claimed here."
3635,narrative,The training identities belong to the frozen final confirmation split; the deployed Ridge anchor and geometric baselines have no learned-training cost.
3641,narrative,Item Value (source: released asset) \\
3643,quantitative+implementation,"Training hardware Colab GPU runtime (CUDA; neural\_field\_metadata) \\ Neural-field (CVAE) parameters 62,371 (no sub-unit features; CVAE package) \\ Training cost CVAE: 180 epochs, batch 16, AdamW lr 10^-3; RB-SR gate: 152.9\,s wall-clock for the full 80-epoch run (elapsed\_sec in rbsr\_gate\_training.json) \\ Ridge anchor fit closed-form deterministic solve, =300; no iterative training \\ Deployed runtime map exact linear map d= c\, W_ ctrl, W_ ctrl R^27 11802, stored in demo/public/bundle/ridge\_browser.json \\ Browser deployment static React\,+\,Three.js client whose standalone local path requires no server; an optional service-backed certified path is attempted first when configured, with fail-closed fallback to the local certified path or Ridge anchor."
3643,quantitative,Risk metrics (linear-time flips/strain plus the fixed-dimensional applicability statistic) are recomputed per edit \\ ROI size 3934 ROI vertices; 3925 free vertices scored (nine landmarks hard-fixed) \\ Data scale 846 valid identities in the parent pool; 100 previously observed parent-test identities excluded; final 576 train / 70 validation / 100 test; 9900 ordered test pairs \\ Seeds split/pair =20260809; training/global/bootstrap/noise =20260609; primary chains 20260609--20260611 \\
3656,narrative,"gives the implementation-level parameter summary behind these cost figures, separating the CVAE residual model, the ridge anchor and the RB-SR gate."
3668,narrative,Group Parameter Value \\
3670,quantitative+implementation,Data Dataset scope FaceScape only; neutral expression; registered topology \\ Data Final identity split 576 train / 70 validation / 100 test; 100 previously observed parent-test identities excluded \\ Data Test pairs 9900 ordered test pairs \\ ROI ROI vertices 3934 \\ ROI Strict free vertices 3925 \\ Ridge anchor Input dimension 91=27+64 \\ Ridge anchor Output dimension 11802=3934 3 \\ Ridge anchor Ridge penalty =300.0 \\ CVAE Source-PCA dimension 64 \\ CVAE Delta-PCA observation dimension 16 \\ CVAE Latent dimension 8 \\ CVAE Hidden width 128 \\ CVAE Activation / normalisation SiLU + LayerNorm \\ CVAE Vertex feature dimension 15 \\ CVAE Parameter count 62371 \\ CVAE training Epochs 180 \\ CVAE training Batch size 16 \\ CVAE training Optimiser AdamW \\ CVAE training Learning rate 10^-3 \\ Hybrid ablation Strict selected 0.1 \\ RB-SR gate Hidden width 64 \\ RB-SR gate Parameter count 11905 \\ RB-SR gate Epochs 80 (validation-selected epoch 15) \\ RB-SR gate Budget multipliers (orientation / strain) 1.0 / 0.8 relative to the ridge validation proxy \\ RB-SR gate Training budgets (orientation / strain surrogate) 0.0023080 / 0.0065829 \\ RB-SR test gate Mean / p95 / active fraction 0.2374 / 0.6753 / 0.1358 \\ Certificate Attenuation / max iterations / uniform steps 0.75 / 64 / 1001 \\ Certificate (test) Rate / mean retention / mean iterations 1.0 / 0.9921 / 13.77 \\ Seeds Registry split/pair =20260809; training/global/bootstrap/noise =20260609 \\
3703,quantitative,The released architecture is compact: approximately 62k CVAE parameters plus a 12k-parameter gate.
3703,quantitative+implementation,"The deployed synchronous object is not the network but an exported 27 11802 linear operator, so the browser preview uses an exact matrix multiply with no inference server and resolves the certified refinement asynchronously."
3703,narrative,This implementation supports a static-client design; a release-backed end-to-end latency distribution remains to be measured rather than inferred from the architecture alone.
3714,narrative,The evaluation answers the research questions of .
3714,comparative_claim,"RQ1 (priors): the data-aware methods dominate generic geometry, and the measured accuracy frontier belongs to LAMM (ROI RMSE 0.9715); certified RB-SR at 1.0599 is descriptively 35--47\% below the geometric baselines and 20\% below direct CVAE generation under the shared protocol."
3714,narrative,"These are direct method-to-method gaps, not the Ridge-referenced Holm family."
3714,narrative,"Because the test identities are excluded from final retraining, these gaps show the learned sparse-to-dense map generalises the population-level control shape regularity rather than memorising training noses."
3714,quantitative+implementation,"RQ2 (proposed method): the predeclared primary hypothesis passes---certified RB-SR beats its matched anchor on ROI RMSE (-1.30\%, d_z=-0.97) and target-relative new flips (-31.6\%, d_z=-2.51, 100\% win rate) with the certificate holding on every pair, while the edge-strain difference remains honestly unresolved (+0.00012)."
3714,comparative_claim,"This is a justified operating point, not universal dominance: ARAP keeps the fewest flips and LAMM the lowest error, and the post-hoc PCA-128 study indicates the certified architecture can trade toward LAMM's corner when capacity is unlocked."
3714,quantitative,"RQ3 (mechanism): the residual proposal already contains useful corrective signal, spatial gating extracts additional accuracy beyond the fixed blend, and deterministic certification removes the gate-induced fold excess while retaining approximately 99.2\% of the residual correction."
3714,narrative,The source-conditioning ablation confirms that the anchor uses the supplied identity.
3714,quantitative+implementation,"RQ4 (deployment): the benchmark explains why Rhinoform ships the anchor synchronously and the certified refinement asynchronously, surfaces the applicability boundary, and locks browser behaviour to the released assets through 51 conformance checks."
3714,narrative,Two points bound the interpretation.
3714,comparative_claim,"First, RB-SR improves ROI RMSE only modestly over its own ridge anchor; its large advantage is over the geometric and CVAE baselines, and the deployed value of the residual is that it is certifiably admitted, not that it is large."
3714,narrative,"Second, the metric set is not tuned to flatter the proposed method: ARAP legitimately wins both regularity columns and LAMM wins accuracy, which is exactly why the contribution is framed as a justified operating point on a fair, field-standard accuracy--regularity benchmark rather than a universal winner."
3714,narrative,"The work is technically evaluated, not clinically validated: it visualises the desired change on the patient's own face and shows when a request leaves the credible geometric envelope, without claiming to predict surgery."
3757,comparative_claim,"Rhinoform fills a concrete gap in current rhinoplasty-preview practice as a research prototype that enhances the established preview paradigm along five axes. (i) Functional: it replaces the static before/after image with interactive sparse-control editing. (ii) Performance: the protocol-controlled benchmark shows RB-SR lowers ROI RMSE below both geometric propagation and direct CVAE generation. (iii) Credibility: instead of a single ``after'' image, it surfaces live normal-flip, edge-strain and OOD instruments. (iv) Personalisation: source-PCA identity conditioning makes the same nasal edit produce a different dense response on different source faces. (v) Evaluation: it complements visual plausibility with a protocol-controlled deformation benchmark."
3757,narrative,"The contribution is thus a complex research prototype that enhances the existing preview paradigm with a transparent sparse-to-dense deformation engine, face-specific statistical conditioning, and live geometric credibility feedback."
3773,narrative,"design commits to an explicit accuracy-primary, regularity-constrained operating strategy: RB-SR admits the residual under a spatial risk budget rather than minimising flips, which is exactly why the regularity-oriented ARAP legitimately wins the regularity columns---a deliberate trade-off, not a defeat."
3773,narrative,Several threats to validity are addressed directly.
3773,narrative,The main anchor/residual ordering is not an artefact of clean controls: the anchored Ridge/RB-SR pair exhibits comparatively gradual degradation under the specified control perturbations ().
3773,narrative,"It is not an artefact of a metric set tuned to flatter the method: the same field-standard accuracy/regularity pair is applied identically to all methods, and ARAP wins regularity."
3773,quantitative,The Stage 1 and Stage 2 validation diagnostics show that the anchor is already a strong predictor and that the recoverable residual gain is small.
3773,narrative,"Finally, the claims are deliberately scoped---the work is technically evaluated, not clinically validated; all metrics are screening proxies in uncalibrated FaceScape units; and the normal-flip rate is a geometric-degeneracy credibility warning, not a human-perceptible threshold or a clinical safety guarantee."
3773,narrative,"Read this way, the transparent-anchor-plus-gated-residual pattern is a candidate approach for other sparse-control, safety-sensitive medical shape-editing tasks, not only rhinoplasty."
3802,narrative,Rhinoform was developed to support morphology communication in rhinoplasty consultation.
3802,implementation_claim,"The project combines a browser-based consultation prototype with a controlled sparse-to-dense nasal deformation benchmark, allowing interactive shape edits to be evaluated through the same accuracy and regularity metrics used offline."
3808,narrative,The evaluation demonstrates four main findings.
3808,narrative,"First, data-aware conditioning is important for dense nasal reconstruction."
3808,narrative,"The learned methods recover the nasal ROI more accurately than generic geometric propagation, showing that the source identity and learned population structure carry useful information beyond the sparse handles alone."
3808,narrative,"Second, geometric priors remain valuable for surface regularity: ARAP provides the clearest low-risk endpoint, even though it gives up dense accuracy."
3808,implementation_claim,"Third, the measured accuracy frontier belongs to a modern localized neural editor---LAMM, retrained under the identical protocol, is the most accurate evaluated method---but that accuracy arrives with markedly more fold-over and strain, degrades fastest under control noise, and comes without a fallback anchor, an applicability boundary or a fold certificate."
3808,narrative,"Fourth, accuracy and regularity behave as separable axes."
3808,comparative_claim,"The best deployment choice is therefore a justified operating point on a measured frontier, rather than a single method that dominates every criterion; the post-hoc PCA-128 study further indicates that where the certified architecture sits on that frontier is a capacity choice, not an architectural ceiling."
3825,narrative,This interpretation clarifies the role of the learned residual.
3825,narrative,"The hybrid and RB-SR results show that nonlinear residual structure exists, but the effect is small because the ridge anchor already captures much of the low-frequency response specified by the nine landmark controls."
3825,implementation_claim,"The residual that remains is spatially uneven and can introduce geometric risk when admitted without constraint---and soft budgets alone did not bound that risk, which is what made the hard ridge-relative certificate a structural component rather than an accessory."
3825,implementation_claim,Certified RB-SR is therefore most useful as a controlled residual mechanism: it keeps the stability of the source-conditioned anchor while admitting residual corrections where the gate permits and the certificate holds.
3837,narrative,These findings also explain the prototype design.
3837,implementation_claim,"The default preview uses the ridge anchor because it is accurate, stable and exactly real-time, while the certified refinement is resolved asynchronously and replaces the anchor only when its certificate holds."
3837,narrative,"In consultation use, a small RMSE gain has to be balanced against the risk of rendering a geometrically unreliable preview with confidence."
3837,narrative,"The interface makes this trade-off visible through the risk read-outs and the applicability boundary, allowing edits to be accepted, scaled back or withheld according to the measured envelope."
3837,narrative,"The deployment contribution is therefore the translation from benchmark evidence into an auditable interaction design, checked by the released conformance battery."
3852,narrative,"This dissertation makes four contributions, mirroring ."
3854,narrative,"First, it formulates nasal morphology editing as a registered sparse-control to dense-deformation task and evaluates eight methods---spanning classical geometric propagation, direct neural generation, and localized neural shape-space editing including a retrained LAMM---under one pre-specified protocol."
3854,narrative,"A fixed nine-landmark protocol expresses interpretable nasal edits, while the dense nasal ROI provides the evaluation target."
3854,narrative,This gives the project a reproducible benchmark structure rather than treating the prototype as an isolated visual demo.
3863,implementation_claim,"Second, it derives and defends certified RB-SR: a source-conditioned ridge anchor, a residual proposal, a learned spatial admission gate, and a hard ridge-relative fold certificate whose guarantee is structural."
3863,comparative_claim+implementation,"The held-out test confirms the predeclared hypothesis---lower error and fewer new flips than the matched anchor, with the certificate holding on every pair---while honestly recording that LAMM leads raw accuracy and ARAP leads regularity."
3870,narrative,"Third, it builds a statistically disciplined evidence chain: identity-level paired inference with dual source/target clustering, Holm correction within the frozen primary and secondary families, an explicit four-tier evidence hierarchy separating primary, validation, post-hoc and supplementary claims, and a single unlocked test access."
3876,quantitative+implementation,"Fourth, it implements a limitation-aware browser prototype whose behaviour is locked to the released assets through 51 conformance checks."
3876,narrative,"The interface presents semantic controls, full-head visualisation, risk read-outs and an exportable scenario record."
3876,quantitative,The system is positioned as a morphology-communication prototype: it gives patients and clinicians a shared 3D reference while exposing the boundary of the preview rather than hiding it behind a confident render.
3884,narrative,"Overall, the evidence supports Rhinoform as a controlled and auditable prototype for discussing nasal shape change."
3884,narrative,"The project does not establish clinical outcome prediction, but it does establish a measured path from sparse consultation controls to dense registered deformation, with explicit evidence for where the method is accurate, where it is regular, and where the preview should be limited."
3895,narrative,The benchmark uses registered skin-surface meshes.
3895,narrative,"It contains no bone, cartilage, muscle, skin-thickness, scar-tissue or airway representation."
3895,narrative,"As a result, the system can model visible morphology change on the surface, but it cannot infer the anatomical mechanism that would produce a surgical result."
3901,narrative,"The evaluation is FaceScape-only, single-expression and based on uncalibrated units."
3901,narrative,"FaceScape is suitable for a registered-topology geometry benchmark, but it is not a clinical pre/post rhinoplasty dataset."
3901,narrative,"The results therefore do not make millimetre-level, cross-dataset or cross-expression claims."
3907,narrative,"The control protocol uses nine nasal landmarks, and the prototype exposes six semantic slider directions that map cleanly to those handles."
3907,narrative,"This keeps the interactive edits inside the benchmarked control space, but it leaves richer free-form editing, additional surgical manoeuvres and surgeon-specific plans outside the present study."
3914,narrative,The residual gains are modest because the source-conditioned anchor is already a strong baseline and because residual admission is deliberately constrained.
3914,narrative,"The applicability statistic is a control-scale check against the evaluated range, not a calibrated density model or out-of-distribution detector."
3914,narrative,"Normal flips and edge strain are mesh regularity proxies, not clinical safety metrics."
3914,implementation_claim,"The fold certificate is anchor-relative: it guarantees the learned pathway never folds more than the ridge anchor, but it neither guarantees absolute fold-freedom nor detects large reconstruction error, as the mandatory qualitative failure case shows."
3925,quantitative,"The 100 test identities were excluded from final retraining but were not historically untouched during project development, and no independent external confirmation exists."
3925,narrative,"The reported result is therefore internal identity-disjoint confirmatory evidence, one tier below an external test, and the dissertation's claims are scoped accordingly."
3932,narrative,No patient or surgeon user study is claimed.
3932,narrative,"The prototype has not been validated as a clinical planning tool, medical device or surgical-outcome predictor."
3932,narrative,Its validated contribution is technical: a controlled morphology-editing benchmark and an interface that exposes the limits of the preview.
3940,narrative,The main ethical risk is expectation inflation.
3940,narrative,A visually convincing preview can shape patient expectations even when the underlying geometry is uncertain.
3940,narrative,"The prototype addresses this by using a conservative default, surfacing live risk read-outs and shrinking or rejecting edits that leave the benchmarked envelope."
3945,narrative,A second risk concerns body image and vulnerable users.
3945,narrative,A morphology previewer should support discussion rather than increase pressure toward aesthetic change.
3945,narrative,"Any real-user deployment would require careful study design, appropriate screening for vulnerability, institutional ethics approval and clear explanation of the system’s non-clinical scope."
3951,narrative,A third risk concerns provenance and consent.
3951,narrative,The current work uses a research face dataset under a single neutral expression and does not perform identity-transfer or photorealistic outcome prediction.
3951,narrative,The evaluation is technical and does not include patient data or user-facing clinical claims.
3959,narrative,Future work follows directly from the limitations identified above.
3962,implementation_claim,The current release does not include a committed end-to-end browser frame-time distribution.
3962,narrative,The next step is to instrument the deployed interface and report end-to-end latency distributions across representative devices.
3962,comparative_claim,"A formative consultation study should then evaluate whether the six semantic controls, risk language and export record improve shared understanding without inflating expectations."
3970,narrative,The current gate uses global risk budgets.
3970,narrative,"A more refined version should measure where the admission boundary is most sensitive across the dorsum, tip, alae and radix."
3970,narrative,"This would allow the system to explain not only whether an edit is risky, but which nasal sub-unit causes the rejection or shrinkage."
3976,narrative,The present benchmark is surface-only.
3976,narrative,"A stronger deformation model would incorporate bone and cartilage support, skin-envelope thickness and tissue stiffness."
3976,implementation_claim,Physics-informed or FEM-style constraints could then act as additional certificates on top of the current registered-surface metrics.
3976,narrative,Such work would require paired data carrying sub-surface anatomical information.
3983,narrative,The six sliders provide a deliberately restricted semantic interface.
3983,narrative,"Future versions could study additional nasal manoeuvres, asymmetric edits and surgeon-defined control handles while preserving the benchmark structure."
3983,narrative,The key requirement is that any new control should remain measurable as a sparse-to-dense deformation task rather than becoming unconstrained sculpting.
3990,narrative,"With LAMM already retrained and evaluated inside the benchmark (), the next tier of external comparators follows the comparability protocol of ."
3990,narrative,"ShapeFusion would extend the comparison to masked-diffusion inpainting with an explicit diversity-versus-fidelity axis, while NPHM and ImHead would probe whether implicit localized head spaces, bridged back to the registered topology, justify their registration overhead with better nasal response."
3990,implementation_claim,"The LAMM result also sharpens a more interesting open question: since LAMM wins raw accuracy but loses regularity and robustness, and the admission layer of is mechanism-agnostic by construction, a certified LAMM---LAMM's prediction admitted through the spatial gate and projected under the ridge-relative fold certificate---is the natural hybrid to evaluate, asking whether the accuracy frontier can be imported into the certified envelope rather than traded against it."
4007,narrative,"Moving from morphology communication toward clinical planning would require paired pre/post clinical data, calibrated measurements, surgical-manoeuvre labels, prospective validation, ethics approval and regulatory review."
4007,narrative,The present work provides the first technical layer for such a programme: a controlled benchmark and an auditable previewer that make the limits of the current evidence visible.
4016,narrative,This dissertation began with a practical communication problem in rhinoplasty consultation: patients and clinicians need a shared three-dimensional reference for discussing nasal morphology.
4016,narrative,Rhinoform addresses this problem by connecting an interactive prototype to a controlled deformation benchmark.
4016,narrative,"The result is a system that can show a plausible nasal shape edit, measure its geometric reliability, and expose when the edit should be limited."
4023,narrative,The final claim is therefore deliberately measured.
4023,narrative,"Rhinoform does not predict surgical outcome, but it establishes a reproducible and evidence-backed way to discuss nasal morphology change."
4023,narrative,"It shows where sparse controls can be expanded into dense registered deformation, where residual learning adds value, and where geometric risk requires the preview to be constrained."
4023,narrative,"This is the level of claim supported by the data, and it is the level of claim exposed by the software."
4035,implementation_claim,"A generative-AI assistant was used for code review, cross-checking of numerical results, debugging of the data-access and reproduction pipeline, and organisation of prose."
4035,narrative,It was not used to invent experimental results.
4035,narrative,All numerical claims in this dissertation were independently verified against the committed pair-level metrics and frozen result records.
4035,narrative,"The public release replay was run for its supported headline primary and supplementary analyses; other numerical claims were traced to their committed tables, metadata or per-pair analysis outputs rather than represented as products of that replay command."
4035,narrative,"I remain responsible for all design decisions, experiments and conclusions."
4035,narrative,Related-work references were checked against official conference/journal/DOI records.
4047,narrative,"The work uses the FaceScape dataset, obtained through its official licensed academic access route; no scans are redistributed."
4047,narrative,"The study makes no clinical, surgical, airway, diagnostic or rhinoplasty-planning claim, and no claim about aesthetic preference, demographic groups or identity."
4047,narrative,The method learns and evaluates nasal-shape deformation strictly within the FaceScape registered-mesh distribution and must not be used for medical decision-making.
4047,narrative,"No personally identifying imagery is published; only aggregate, per-identity-anonymised numeric metrics appear in the results."
4047,narrative,No human-subject user study was conducted; a formative study would require the appropriate institutional ethics decision.
4058,narrative,Compute was modest and bounded.
4058,narrative,"The classical and statistical baselines, all metrics and all bootstrap statistics run on CPU in minutes."
4058,quantitative+implementation,"The learned components are small (a 62,371-parameter CVAE proposer and an 11,905-parameter gate); the full 80-epoch gate training run completed in 153\,s of GPU wall-clock on a Colab CUDA runtime ()."
4058,narrative,The retrained LAMM baseline is the single largest training cost of the project and remains within a commodity-GPU budget.
4058,narrative,No large-scale hyper-parameter search or multi-GPU training was used.
4058,narrative,The reported result files are committed so that the numerical claims can be audited without re-running training.
4070,narrative,"Code, the registered ROI definition and all small result tables / pair-level metrics are released with the project (); FaceScape meshes and large prediction arrays are not redistributed, as FaceScape is licensed separately."
4070,narrative,Every reported statistic can be re-derived from the committed per-pair CSVs and sweep outputs without the large arrays or FaceScape access.
4070,narrative,Code and reproducibility assets are available at https://github.com/Cecilialzq/Rhinoform.git.
4082,narrative,"This appendix contains the post-hoc spatial, qualitative and regional analyses that complement the principal evaluation in ."
4082,narrative,These analyses decompose the reported predictions; they do not alter the selected operating point.
4090,quantitative+implementation,"rfredrawindex15 Fig A.1 --- Six deterministic qualitative roles (REDRAW; replaces the new-paper per-case appendix figures, 4 1, plus full versions of the two roles shown in ) Claim: the qualitative audit is complete and rule-driven: median RMSE / control-RMS P10 / P90 / highest certificate iterations / largest gain / mandatory failure, one row each.\\ Style: Abrar-Rashid qualitative grid; each row 1 4 (source / target / certified RB-SR / per-vertex error), shared colourbar.\\ Data: REPO/results/rbsr\_final\_rerun\_holdout\_v1/posthoc\_subunit\_analysis\_v1/qualitative/cases/, roles specified in qualitative-case selection record; rendering reference final\_paper/figures/official/case\_01..06\_*.pdf."
4090,narrative,Tier: post-hoc (pre-specified selection).
4090,quantitative,See figure\_redraw\_inventory.md Fig A.1.
4105,narrative,rendered under shared scales.
4105,narrative,Roles were selected by deterministic rules specified before inspection; rows five and six are the extremes shown in .
4112,quantitative,"rfredrawindex16 Fig A.3 --- Per-subunit edge-strain p_95 (REDRAW; absorbs new-paper subunit-strain figure) Claim: completes the third metric of the sub-unit decomposition of .\\ Style: Abrar-Rashid grouped bars, method palette of Fig 5.2.\\ Data: REPO/results/rbsr\_final\_rerun\_holdout\_v1/posthoc\_subunit\_analysis\_v1/subunit\_means\_all\_methods.csv; rendering reference official/subunits\_edge\_strain\_p95.pdf."
4112,quantitative,See figure\_redraw\_inventory.md Fig A.3.
4124,narrative,completing the regional analysis of .
4133,quantitative,"This appendix collects protocol material that supports the evaluation but is not required to follow the main evidence chain: the comparability protocol under which the localized neural 3DMM editors of could enter the benchmark as external baselines, and the reproducibility and code-availability contract behind the released assets."
4142,narrative,"The localized neural editors surveyed in are the nearest published neighbours of this task, so it must be stated exactly what would make them commensurable with this benchmark."
4142,narrative,"The common harness is fixed: a candidate must implement a map from a source ROI surface and the nine displaced protocol landmarks to a dense displacement field on the registered FaceScape ROI topology, be trained (or fitted) only on the training identities, have its nine landmarks hard-fixed before scoring, and be scored with the identical free-ROI RMSE, sub-unit, edge-strain and normal-flip metrics of ."
4142,narrative,"Under that harness, the four editors enter at three distinct levels of adaptation cost."
4153,narrative,Direct entry: LAMM (executed).
4153,narrative,LAMM's native interface already is this task: displacements of a sparse set of control vertices steer a dense mesh output in one forward pass .
4153,narrative,"Retraining its autoencoder on the identity-disjoint FaceScape split with the nine protocol landmarks included in its control set makes it a drop-in row of the headline benchmark, with no protocol change."
4153,implementation_claim,"This entry level was executed in the present benchmark round: the retrained LAMM appears in and is analysed in , where it sets the measured accuracy frontier while conceding the regularity and robustness axes to the certified pipeline."
4164,narrative,Conditional entry: ShapeFusion.
4164,narrative,"A masked diffusion editor fits the harness by setting the manipulation mask to the free ROI vertices and the handle set to the nine displaced landmarks, so the model inpaints the masked nasal region conditioned on the controls ."
4164,comparative_claim,"Because sampling is stochastic and the model optimises plausibility and diversity rather than fidelity to one target, the protocol must additionally fix a sampling budget K and report both the mean-over-K and best-of-K error; the spread across samples then becomes an extra, well-defined axis---generative diversity versus target-conditioned accuracy---that the deterministic rows do not have."
4174,narrative,Registration-bridged entry: NPHM and ImHead.
4174,narrative,"The implicit models require the longest bridge: fit the identity latent to the source scan, impose the nine displaced landmarks as a localized editing constraint (via latent or region-latent optimisation ), extract the edited surface by marching cubes, and non-rigidly register the result back to the FaceScape ROI topology before index-based scoring."
4174,comparative_claim,"The registration residual must be measured and reported alongside, because it lower-bounds the apparent error of the mechanism; correspondence-free metrics (Chamfer distance, landmark error) should accompany the index-based ones so the bridge itself is auditable."
4174,quantitative,"A further confound applies to all four editors: published checkpoints are trained on other corpora (NPHM's scan set of about 120 identities, ImHead's roughly 4K-identity corpus), so zero-shot use would conflate mechanism with training distribution; results should either come from retraining on the identity-disjoint split or be labelled explicitly as a transfer tier."
4189,narrative,This section specifies the protocol under which each editor becomes commensurable.
4189,narrative,"Of the three entry levels, the direct level (LAMM) was executed in the present benchmark round; the conditional and registration-bridged levels (ShapeFusion, NPHM, ImHead) remain scoped as future work in ."
4199,narrative,"The evaluation is built to be rebuilt, with a two-level access model that separates what any reader can verify from what requires licensed data."
4199,narrative,"At the public level, the released repository carries the committed pair-level metric records, the summary tables, and portable verification tooling: tools/reproduce.py verify checks source-snapshot and evidence manifests, while its replay mode delegates to tools/replay\_release.py."
4199,quantitative+implementation,That replay recomputes the frozen primary certified-RB-SR--versus--Ridge six-metric analysis and the supplementary PCA-128--versus--LAMM three-metric analysis directly from committed pair-level CSVs.
4199,narrative,"It does not claim to recompute every table, ablation, noise analysis or figure in the dissertation with one command; those remain traceable to their separate committed records."
4199,narrative,These release-level headline numbers are therefore auditable without model inference.
4199,quantitative+implementation,"The browser build is verified by demo/verify.mjs, whose 51 conformance checks are described in ."
4199,narrative,"At the restricted level, full retraining requires the licensed FaceScape data, the upstream LAMM implementation and the restricted checkpoints; this boundary is documented rather than hidden."
4199,quantitative,"Every artefact in the reported result tree carries a SHA-256 sidecar, the result-tree manifest pins the complete evidence chain, and the pre-specified protocol records a single test unlock (held-out access policy record, with fail-closed policy and access receipts for the classical, LAMM and RB-SR test reads)."
4199,quantitative,"Determinism is enforced through seeded Python/NumPy/PyTorch runs (training/global/bootstrap/noise seed 20260609; final split/pair seed 20260809), and the CVAE is evaluated at its deterministic prior mean rather than by stochastic sampling."
4227,narrative,The project is available at https://github.com/Cecilialzq/Rhinoform.git.
4227,quantitative+implementation,"The released repository contains results/ (the reported result tree with per-pair CSVs, summary JSON tables and SHA-256 sidecars), docs/final\_tables/ (the audited headline and supplementary tables), tools/ (public reproduce and replay scripts), demo/ (the static browser client, its released model bundle and the conformance verifier), and the release manifests that record source lineage and asset hashes and fail closed on evidence drift."
